STT,Mã t?nh (BNV),Tên t?nh/TP m?i,Mã t?nh (TMS),Mã Qu?n huy?n TMS (c?) CQT ?ã rà soát,Tên Qu?n huy?n TMS (c?),S? t? t?ng,Mã ph??ng/xã m?i ,Tên Ph??ng/Xã m?i,Tr?ng thái rà soát cu?i,
1,01,Thành ph? Hà N?i,101,10105,Qu?n Hoàn Ki?m,1,10105001,Ph??ng Hoàn Ki?m,,
2,01,Thành ph? Hà N?i,101,10105,Qu?n Hoàn Ki?m,2,10105002,Ph??ng C?a Nam,,
3,01,Thành ph? Hà N?i,101,10101,Qu?n Ba ?ình,3,10101003,Ph??ng Ba ?ình,,
4,01,Thành ph? Hà N?i,101,10101,Qu?n Ba ?ình,4,10101004,Ph??ng Ng?c Hà,,
5,01,Thành ph? Hà N?i,101,10101,Qu?n Ba ?ình,5,10101005,Ph??ng Gi?ng Võ,,
6,01,Thành ph? Hà N?i,101,10107,Qu?n Hai Bà Tr?ng,6,10107006,Ph??ng Hai Bà Tr?ng,,
7,01,Thành ph? Hà N?i,101,10107,Qu?n Hai Bà Tr?ng,7,10107007,Ph??ng V?nh Tuy,,
8,01,Thành ph? Hà N?i,101,10107,Qu?n Hai Bà Tr?ng,8,10107008,Ph??ng B?ch Mai,,
9,01,Thành ph? Hà N?i,101,10109,Qu?n ??ng ?a,9,10109009,Ph??ng ??ng ?a,,
10,01,Thành ph? Hà N?i,101,10109,Qu?n ??ng ?a,10,10109010,Ph??ng Kim Liên,,
11,01,Thành ph? Hà N?i,101,10109,Qu?n ??ng ?a,11,10109011,Ph??ng V?n Mi?u - Qu?c T? Giám,,
12,01,Thành ph? Hà N?i,101,10109,Qu?n ??ng ?a,12,10109012,Ph??ng Láng,,
13,01,Thành ph? Hà N?i,101,10109,Qu?n ??ng ?a,13,10109013,Ph??ng Ô Ch? D?a,,
14,01,Thành ph? Hà N?i,101,10103,Qu?n Tây H?,14,10103014,Ph??ng H?ng Hà,,
15,01,Thành ph? Hà N?i,101,10108,Qu?n Hoàng Mai,15,10108015,Ph??ng L?nh Nam,,
16,01,Thành ph? Hà N?i,101,10108,Qu?n Hoàng Mai,16,10108016,Ph??ng Hoàng Mai,,
17,01,Thành ph? Hà N?i,101,10108,Qu?n Hoàng Mai,17,10108017,Ph??ng V?nh H?ng,,
18,01,Thành ph? Hà N?i,101,10108,Qu?n Hoàng Mai,18,10108018,Ph??ng T??ng Mai,,
19,01,Thành ph? Hà N?i,101,10108,Qu?n Hoàng Mai,19,10108019,Ph??ng ??nh Công,,
20,01,Thành ph? Hà N?i,101,10123,Huy?n Thanh Trì,20,10123020,Ph??ng Hoàng Li?t,,
21,01,Thành ph? Hà N?i,101,10108,Qu?n Hoàng Mai,21,10108021,Ph??ng Yên S?,,
22,01,Thành ph? Hà N?i,101,10111,Qu?n Thanh Xuân,22,10111022,Ph??ng Thanh Xuân,,
23,01,Thành ph? Hà N?i,101,10111,Qu?n Thanh Xuân,23,10111023,Ph??ng Kh??ng ?ình,,
24,01,Thành ph? Hà N?i,101,10111,Qu?n Thanh Xuân,24,10111024,Ph??ng Ph??ng Li?t,,
25,01,Thành ph? Hà N?i,101,10113,Qu?n C?u Gi?y,25,10113025,Ph??ng C?u Gi?y,,
26,01,Thành ph? Hà N?i,101,10113,Qu?n C?u Gi?y,26,10113026,Ph??ng Ngh?a ?ô,,
27,01,Thành ph? Hà N?i,101,10113,Qu?n C?u Gi?y,27,10113027,Ph??ng Yên Hoà,,
28,01,Thành ph? Hà N?i,101,10103,Qu?n Tây H?,28,10103028,Ph??ng Tây H?,,
29,01,Thành ph? Hà N?i,101,10157,Qu?n B?c T? Liêm,29,10157029,Ph??ng Phú Th??ng,,
30,01,Thành ph? Hà N?i,101,10157,Qu?n B?c T? Liêm,30,10157030,Ph??ng Tây T?u,,
31,01,Thành ph? Hà N?i,101,10157,Qu?n B?c T? Liêm,31,10157031,Ph??ng Phú Di?n,,
32,01,Thành ph? Hà N?i,101,10157,Qu?n B?c T? Liêm,32,10157032,Ph??ng Xuân ??nh,,
33,01,Thành ph? Hà N?i,101,10157,Qu?n B?c T? Liêm,33,10157033,Ph??ng ?ông Ng?c,,
34,01,Thành ph? Hà N?i,101,10157,Qu?n B?c T? Liêm,34,10157034,Ph??ng Th??ng Cát,,
35,01,Thành ph? Hà N?i,101,10155,Qu?n Nam T? Liêm,35,10155035,Ph??ng T? Liêm,,
36,01,Thành ph? Hà N?i,101,10155,Qu?n Nam T? Liêm,36,10155036,Ph??ng Xuân Ph??ng,,
37,01,Thành ph? Hà N?i,101,10155,Qu?n Nam T? Liêm,37,10155037,Ph??ng Tây M?,,
38,01,Thành ph? Hà N?i,101,10155,Qu?n Nam T? Liêm,38,10155038,Ph??ng ??i M?,,
39,01,Thành ph? Hà N?i,101,10106,Qu?n Long Biên,39,10106039,Ph??ng Long Biên,,
40,01,Thành ph? Hà N?i,101,10106,Qu?n Long Biên,40,10106040,Ph??ng B? ??,,
41,01,Thành ph? Hà N?i,101,10106,Qu?n Long Biên,41,10106041,Ph??ng Vi?t H?ng,,
42,01,Thành ph? Hà N?i,101,10106,Qu?n Long Biên,42,10106042,Ph??ng Phúc L?i,,
43,01,Thành ph? Hà N?i,101,10127,Qu?n Hà ?ông,43,10127043,Ph??ng Hà ?ông,,
44,01,Thành ph? Hà N?i,101,10127,Qu?n Hà ?ông,44,10127044,Ph??ng D??ng N?i,,
45,01,Thành ph? Hà N?i,101,10127,Qu?n Hà ?ông,45,10127045,Ph??ng Yên Ngh?a,,
46,01,Thành ph? Hà N?i,101,10127,Qu?n Hà ?ông,46,10127046,Ph??ng Phú L??ng,,
47,01,Thành ph? Hà N?i,101,10127,Qu?n Hà ?ông,47,10127047,Ph??ng Ki?n H?ng,,
48,01,Thành ph? Hà N?i,101,10123,Huy?n Thanh Trì,48,10123048,Xã Thanh Trì,,
49,01,Thành ph? Hà N?i,101,10123,Huy?n Thanh Trì,49,10123049,Xã ??i Thanh,,
50,01,Thành ph? Hà N?i,101,10123,Huy?n Thanh Trì,50,10123050,Xã Nam Phù,,
51,01,Thành ph? Hà N?i,101,10123,Huy?n Thanh Trì,51,10123051,Xã Ng?c H?i,,
52,01,Thành ph? Hà N?i,101,10123,Huy?n Thanh Trì,52,10123052,Ph??ng Thanh Li?t,,
53,01,Thành ph? Hà N?i,101,10143,Huy?n Th??ng Tín,53,10143053,Xã Th??ng Phúc,,
54,01,Thành ph? Hà N?i,101,10143,Huy?n Th??ng Tín,54,10143054,Xã Th??ng Tín,,
55,01,Thành ph? Hà N?i,101,10143,Huy?n Th??ng Tín,55,10143055,Xã Ch??ng D??ng,,
56,01,Thành ph? Hà N?i,101,10143,Huy?n Th??ng Tín,56,10143056,Xã H?ng Vân,,
57,01,Thành ph? Hà N?i,101,10149,Huy?n Phú Xuyên,57,10149057,Xã Phú Xuyên,,
58,01,Thành ph? Hà N?i,101,10149,Huy?n Phú Xuyên,58,10149058,Xã Ph??ng D?c,,
59,01,Thành ph? Hà N?i,101,10149,Huy?n Phú Xuyên,59,10149059,Xã Chuyên M?,,
60,01,Thành ph? Hà N?i,101,10149,Huy?n Phú Xuyên,60,10149060,Xã ??i Xuyên,,
61,01,Thành ph? Hà N?i,101,10141,Huy?n Thanh Oai,61,10141061,Xã Thanh Oai,,
62,01,Thành ph? Hà N?i,101,10141,Huy?n Thanh Oai,62,10141062,Xã Bình Minh,,
63,01,Thành ph? Hà N?i,101,10141,Huy?n Thanh Oai,63,10141063,Xã Tam H?ng,,
64,01,Thành ph? Hà N?i,101,10141,Huy?n Thanh Oai,64,10141064,Xã Dân Hoà,,
65,01,Thành ph? Hà N?i,101,10147,Huy?n ?ng Hoà,65,10147065,Xã Vân ?ình,,
66,01,Thành ph? Hà N?i,101,10147,Huy?n ?ng Hoà,66,10147066,Xã ?ng Thiên,,
67,01,Thành ph? Hà N?i,101,10147,Huy?n ?ng Hoà,67,10147067,Xã Hoà Xá,,
68,01,Thành ph? Hà N?i,101,10147,Huy?n ?ng Hoà,68,10147068,Xã ?ng Hoà,,
69,01,Thành ph? Hà N?i,101,10145,Huy?n M? ??c,69,10145069,Xã M? ??c,,
70,01,Thành ph? Hà N?i,101,10145,Huy?n M? ??c,70,10145070,Xã H?ng S?n,,
71,01,Thành ph? Hà N?i,101,10145,Huy?n M? ??c,71,10145071,Xã Phúc S?n,,
72,01,Thành ph? Hà N?i,101,10145,Huy?n M? ??c,72,10145072,Xã H??ng S?n,,
73,01,Thành ph? Hà N?i,101,10153,Huy?n Ch??ng M?,73,10153073,Ph??ng Ch??ng M?,,
74,01,Thành ph? Hà N?i,101,10153,Huy?n Ch??ng M?,74,10153074,Xã Phú Ngh?a,,
75,01,Thành ph? Hà N?i,101,10153,Huy?n Ch??ng M?,75,10153075,Xã Xuân Mai,,
76,01,Thành ph? Hà N?i,101,10153,Huy?n Ch??ng M?,76,10153076,Xã Tr?n Phú,,
77,01,Thành ph? Hà N?i,101,10153,Huy?n Ch??ng M?,77,10153077,Xã Hoà Phú,,
78,01,Thành ph? Hà N?i,101,10153,Huy?n Ch??ng M?,78,10153078,Xã Qu?ng B?,,
79,01,Thành ph? Hà N?i,101,10151,Huy?n Ba Vì,79,10151079,Xã Minh Châu,,
80,01,Thành ph? Hà N?i,101,10151,Huy?n Ba Vì,80,10151080,Xã Qu?ng Oai,,
81,01,Thành ph? Hà N?i,101,10151,Huy?n Ba Vì,81,10151081,Xã V?t L?i,,
82,01,Thành ph? Hà N?i,101,10151,Huy?n Ba Vì,82,10151082,Xã C? ?ô,,
83,01,Thành ph? Hà N?i,101,10151,Huy?n Ba Vì,83,10151083,Xã B?t B?t,,
84,01,Thành ph? Hà N?i,101,10151,Huy?n Ba Vì,84,10151084,Xã Su?i Hai,,
85,01,Thành ph? Hà N?i,101,10151,Huy?n Ba Vì,85,10151085,Xã Ba Vì,,
86,01,Thành ph? Hà N?i,101,10151,Huy?n Ba Vì,86,10151086,Xã Yên Bài,,
87,01,Thành ph? Hà N?i,101,10129,Th? xã S?n Tây,87,10129087,Ph??ng S?n Tây,,
88,01,Thành ph? Hà N?i,101,10129,Th? xã S?n Tây,88,10129088,Ph??ng Tùng Thi?n,,
89,01,Thành ph? Hà N?i,101,10129,Th? xã S?n Tây,89,10129089,Xã ?oài Ph??ng,,
90,01,Thành ph? Hà N?i,101,10131,Huy?n Phúc Th?,90,10131090,Xã Phúc Th?,,
91,01,Thành ph? Hà N?i,101,10131,Huy?n Phúc Th?,91,10131091,Xã Phúc L?c,,
92,01,Thành ph? Hà N?i,101,10131,Huy?n Phúc Th?,92,10131092,Xã Hát Môn,,
93,01,Thành ph? Hà N?i,101,10135,Huy?n Th?ch Th?t,93,10135093,Xã Th?ch Th?t,,
94,01,Thành ph? Hà N?i,101,10135,Huy?n Th?ch Th?t,94,10135094,Xã H? B?ng,,
95,01,Thành ph? Hà N?i,101,10135,Huy?n Th?ch Th?t,95,10135095,Xã Tây Ph??ng,,
96,01,Thành ph? Hà N?i,101,10135,Huy?n Th?ch Th?t,96,10135096,Xã Hoà L?c,,
97,01,Thành ph? Hà N?i,101,10135,Huy?n Th?ch Th?t,97,10135097,Xã Yên Xuân,,
98,01,Thành ph? Hà N?i,101,10139,Huy?n Qu?c Oai,98,10139098,Xã Qu?c Oai,,
99,01,Thành ph? Hà N?i,101,10139,Huy?n Qu?c Oai,99,10139099,Xã H?ng ??o,,
100,01,Thành ph? Hà N?i,101,10139,Huy?n Qu?c Oai,100,10139100,Xã Ki?u Phú,,
101,01,Thành ph? Hà N?i,101,10139,Huy?n Qu?c Oai,101,10139101,Xã Phú Cát,,
102,01,Thành ph? Hà N?i,101,10137,Huy?n Hoài ??c,102,10137102,Xã Hoài ??c,,
103,01,Thành ph? Hà N?i,101,10137,Huy?n Hoài ??c,103,10137103,Xã D??ng Hoà,,
104,01,Thành ph? Hà N?i,101,10137,Huy?n Hoài ??c,104,10137104,Xã S?n ??ng,,
105,01,Thành ph? Hà N?i,101,10137,Huy?n Hoài ??c,105,10137105,Xã An Khánh,,
106,01,Thành ph? Hà N?i,101,10133,Huy?n ?an Ph??ng,106,10133106,Xã ?an Ph??ng,,
107,01,Thành ph? Hà N?i,101,10133,Huy?n ?an Ph??ng,107,10133107,Xã Ô Diên,,
108,01,Thành ph? Hà N?i,101,10133,Huy?n ?an Ph??ng,108,10133108,Xã Liên Minh,,
109,01,Thành ph? Hà N?i,101,10119,Huy?n Gia Lâm,109,10119109,Xã Gia Lâm,,
110,01,Thành ph? Hà N?i,101,10119,Huy?n Gia Lâm,110,10119110,Xã Thu?n An,,
111,01,Thành ph? Hà N?i,101,10119,Huy?n Gia Lâm,111,10119111,Xã Bát Tràng,,
112,01,Thành ph? Hà N?i,101,10119,Huy?n Gia Lâm,112,10119112,Xã Phù ??ng,,
113,01,Thành ph? Hà N?i,101,10117,Huy?n ?ông Anh,113,10117113,Xã Th? Lâm,,
114,01,Thành ph? Hà N?i,101,10117,Huy?n ?ông Anh,114,10117114,Xã ?ông Anh,,
115,01,Thành ph? Hà N?i,101,10117,Huy?n ?ông Anh,115,10117115,Xã Phúc Th?nh,,
116,01,Thành ph? Hà N?i,101,10117,Huy?n ?ông Anh,116,10117116,Xã Thiên L?c,,
117,01,Thành ph? Hà N?i,101,10117,Huy?n ?ông Anh,117,10117117,Xã V?nh Thanh,,
118,01,Thành ph? Hà N?i,101,10125,Huy?n Mê Linh,118,10125118,Xã Mê Linh,,
119,01,Thành ph? Hà N?i,101,10125,Huy?n Mê Linh,119,10125119,Xã Yên Lãng,,
120,01,Thành ph? Hà N?i,101,10125,Huy?n Mê Linh,120,10125120,Xã Ti?n Th?ng,,
121,01,Thành ph? Hà N?i,101,10125,Huy?n Mê Linh,121,10125121,Xã Quang Minh,,
122,01,Thành ph? Hà N?i,101,10115,Huy?n Sóc S?n,122,10115122,Xã Sóc S?n,,
123,01,Thành ph? Hà N?i,101,10115,Huy?n Sóc S?n,123,10115123,Xã ?a Phúc,,
124,01,Thành ph? Hà N?i,101,10115,Huy?n Sóc S?n,124,10115124,Xã N?i Bài,,
125,01,Thành ph? Hà N?i,101,10115,Huy?n Sóc S?n,125,10115125,Xã Trung Giã,,
126,01,Thành ph? Hà N?i,101,10115,Huy?n Sóc S?n,126,10115126,Xã Kim Anh,,
127,02,T?nh B?c Ninh,223,22113,Huy?n S?n ??ng,1,22113001,Xã ??i S?n,,
128,02,T?nh B?c Ninh,223,22113,Huy?n S?n ??ng,2,22113002,Xã S?n ??ng,,
129,02,T?nh B?c Ninh,223,22113,Huy?n S?n ??ng,3,22113003,Xã Tây Yên T?,,
130,02,T?nh B?c Ninh,223,22113,Huy?n S?n ??ng,4,22113004,Xã D??ng H?u,,
131,02,T?nh B?c Ninh,223,22113,Huy?n S?n ??ng,5,22113005,Xã Yên ??nh,,
132,02,T?nh B?c Ninh,223,22113,Huy?n S?n ??ng,6,22113006,Xã An L?c,,
133,02,T?nh B?c Ninh,223,22113,Huy?n S?n ??ng,7,22113007,Xã Vân S?n,,
134,02,T?nh B?c Ninh,223,22107,Huy?n L?c Ng?n,8,22107008,Xã Bi?n ??ng,,
135,02,T?nh B?c Ninh,223,22107,Huy?n L?c Ng?n,9,22107009,Xã L?c Ng?n,,
136,02,T?nh B?c Ninh,223,22107,Huy?n L?c Ng?n,10,22107010,Xã ?èo Gia,,
137,02,T?nh B?c Ninh,223,22107,Huy?n L?c Ng?n,11,22107011,Xã S?n H?i,,
138,02,T?nh B?c Ninh,223,22107,Huy?n L?c Ng?n,12,22107012,Xã Tân S?n,,
139,02,T?nh B?c Ninh,223,22107,Huy?n L?c Ng?n,13,22107013,Xã Biên S?n,,
140,02,T?nh B?c Ninh,223,22107,Huy?n L?c Ng?n,14,22107014,Xã Sa Lý,,
141,02,T?nh B?c Ninh,223,22107,Huy?n L?c Ng?n,15,22107015,Xã Nam D??ng,,
142,02,T?nh B?c Ninh,223,22121,Th? xã Ch?,16,22121016,Xã Kiên Lao,,
143,02,T?nh B?c Ninh,223,22121,Th? xã Ch?,17,22121017,Ph??ng Ch?,,
144,02,T?nh B?c Ninh,223,22121,Th? xã Ch?,18,22121018,Ph??ng Ph??ng S?n,,
145,02,T?nh B?c Ninh,223,22115,Huy?n L?c Nam,19,22115019,Xã L?c S?n,,
146,02,T?nh B?c Ninh,223,22115,Huy?n L?c Nam,20,22115020,Xã Tr??ng S?n,,
147,02,T?nh B?c Ninh,223,22115,Huy?n L?c Nam,21,22115021,Xã C?m Lý,,
148,02,T?nh B?c Ninh,223,22115,Huy?n L?c Nam,22,22115022,Xã ?ông Phú,,
149,02,T?nh B?c Ninh,223,22115,Huy?n L?c Nam,23,22115023,Xã Ngh?a Ph??ng,,
150,02,T?nh B?c Ninh,223,22115,Huy?n L?c Nam,24,22115024,Xã L?c Nam,,
151,02,T?nh B?c Ninh,223,22115,Huy?n L?c Nam,25,22115025,Xã B?c L?ng,,
152,02,T?nh B?c Ninh,223,22115,Huy?n L?c Nam,26,22115026,Xã B?o ?ài,,
153,02,T?nh B?c Ninh,223,22111,Huy?n L?ng Giang,27,22111027,Xã L?ng Giang,,
154,02,T?nh B?c Ninh,223,22111,Huy?n L?ng Giang,28,22111028,Xã M? Thái,,
155,02,T?nh B?c Ninh,223,22111,Huy?n L?ng Giang,29,22111029,Xã Kép,,
156,02,T?nh B?c Ninh,223,22111,Huy?n L?ng Giang,30,22111030,Xã Tân D?nh,,
157,02,T?nh B?c Ninh,223,22111,Huy?n L?ng Giang,31,22111031,Xã Tiên L?c,,
158,02,T?nh B?c Ninh,223,22103,Huy?n Yên Th?,32,22103032,Xã Yên Th?,,
159,02,T?nh B?c Ninh,223,22103,Huy?n Yên Th?,33,22103033,Xã B? H?,,
160,02,T?nh B?c Ninh,223,22103,Huy?n Yên Th?,34,22103034,Xã ??ng K?,,
161,02,T?nh B?c Ninh,223,22103,Huy?n Yên Th?,35,22103035,Xã Xuân L??ng,,
162,02,T?nh B?c Ninh,223,22103,Huy?n Yên Th?,36,22103036,Xã Tam Ti?n,,
163,02,T?nh B?c Ninh,223,22105,Huy?n Tân Yên,37,22105037,Xã Tân Yên,,
164,02,T?nh B?c Ninh,223,22105,Huy?n Tân Yên,38,22105038,Xã Ng?c Thi?n,,
165,02,T?nh B?c Ninh,223,22105,Huy?n Tân Yên,39,22105039,Xã Nhã Nam,,
166,02,T?nh B?c Ninh,223,22105,Huy?n Tân Yên,40,22105040,Xã Phúc Hoà,,
167,02,T?nh B?c Ninh,223,22105,Huy?n Tân Yên,41,22105041,Xã Quang Trung,,
168,02,T?nh B?c Ninh,223,22109,Huy?n Hi?p Hoà,42,22109042,Xã H?p Th?nh,,
169,02,T?nh B?c Ninh,223,22109,Huy?n Hi?p Hoà,43,22109043,Xã Hi?p Hoà,,
170,02,T?nh B?c Ninh,223,22109,Huy?n Hi?p Hoà,44,22109044,Xã Hoàng Vân,,
171,02,T?nh B?c Ninh,223,22109,Huy?n Hi?p Hoà,45,22109045,Xã Xuân C?m,,
172,02,T?nh B?c Ninh,223,22117,Th? xã Vi?t Yên,46,22117046,Ph??ng T? L?n,,
173,02,T?nh B?c Ninh,223,22117,Th? xã Vi?t Yên,47,22117047,Ph??ng Vi?t Yên,,
174,02,T?nh B?c Ninh,223,22117,Th? xã Vi?t Yên,48,22117048,Ph??ng N?nh,,
175,02,T?nh B?c Ninh,223,22117,Th? xã Vi?t Yên,49,22117049,Ph??ng Vân Hà,,
176,02,T?nh B?c Ninh,223,22101,Thành ph? B?c Giang,50,22101050,Xã ??ng Vi?t,,
177,02,T?nh B?c Ninh,223,22101,Thành ph? B?c Giang,51,22101051,Ph??ng B?c Giang,,
178,02,T?nh B?c Ninh,223,22101,Thành ph? B?c Giang,52,22101052,Ph??ng ?a Mai,,
179,02,T?nh B?c Ninh,223,22101,Thành ph? B?c Giang,53,22101053,Ph??ng Ti?n Phong,,
180,02,T?nh B?c Ninh,223,22101,Thành ph? B?c Giang,54,22101054,Ph??ng Tân An,,
181,02,T?nh B?c Ninh,223,22101,Thành ph? B?c Giang,55,22101055,Ph??ng Yên D?ng,,
182,02,T?nh B?c Ninh,223,22101,Thành ph? B?c Giang,56,22101056,Ph??ng Tân Ti?n,,
183,02,T?nh B?c Ninh,223,22101,Thành ph? B?c Giang,57,22101057,Ph??ng C?nh Th?y,,
184,02,T?nh B?c Ninh,223,22301,Thành ph? B?c Ninh,58,22301058,Ph??ng Kinh B?c,,
185,02,T?nh B?c Ninh,223,22301,Thành ph? B?c Ninh,59,22301059,Ph??ng Võ C??ng,,
186,02,T?nh B?c Ninh,223,22301,Thành ph? B?c Ninh,60,22301060,Ph??ng V? Ninh,,
187,02,T?nh B?c Ninh,223,22301,Thành ph? B?c Ninh,61,22301061,Ph??ng H?p L?nh,,
188,02,T?nh B?c Ninh,223,22301,Thành ph? B?c Ninh,62,22301062,Ph??ng Nam S?n,,
189,02,T?nh B?c Ninh,223,22313,Th? xã T? S?n,63,22313063,Ph??ng T? S?n,,
190,02,T?nh B?c Ninh,223,22313,Th? xã T? S?n,64,22313064,Ph??ng Tam S?n,,
191,02,T?nh B?c Ninh,223,22313,Th? xã T? S?n,65,22313065,Ph??ng ??ng Nguyên,,
192,02,T?nh B?c Ninh,223,22313,Th? xã T? S?n,66,22313066,Ph??ng Phù Khê,,
193,02,T?nh B?c Ninh,223,22309,Th? xã Thu?n Thành,67,22309067,Ph??ng Thu?n Thành,,
194,02,T?nh B?c Ninh,223,22309,Th? xã Thu?n Thành,68,22309068,Ph??ng Mão ?i?n,,
195,02,T?nh B?c Ninh,223,22309,Th? xã Thu?n Thành,69,22309069,Ph??ng Tr?m L?,,
196,02,T?nh B?c Ninh,223,22309,Th? xã Thu?n Thành,70,22309070,Ph??ng Trí Qu?,,
197,02,T?nh B?c Ninh,223,22309,Th? xã Thu?n Thành,71,22309071,Ph??ng Song Li?u,,
198,02,T?nh B?c Ninh,223,22309,Th? xã Thu?n Thành,72,22309072,Ph??ng Ninh Xá,,
199,02,T?nh B?c Ninh,223,22305,Th? xã Qu? Võ,73,22305073,Ph??ng Qu? Võ,,
200,02,T?nh B?c Ninh,223,22305,Th? xã Qu? Võ,74,22305074,Ph??ng Ph??ng Li?u,,
201,02,T?nh B?c Ninh,223,22305,Th? xã Qu? Võ,75,22305075,Ph??ng Nhân Hoà,,
202,02,T?nh B?c Ninh,223,22305,Th? xã Qu? Võ,76,22305076,Ph??ng ?ào Viên,,
203,02,T?nh B?c Ninh,223,22305,Th? xã Qu? Võ,77,22305077,Ph??ng B?ng Lai,,
204,02,T?nh B?c Ninh,223,22305,Th? xã Qu? Võ,78,22305078,Xã Chi L?ng,,
205,02,T?nh B?c Ninh,223,22305,Th? xã Qu? Võ,79,22305079,Xã Phù Lãng,,
206,02,T?nh B?c Ninh,223,22303,Huy?n Yên Phong,80,22303080,Xã Yên Phong,,
207,02,T?nh B?c Ninh,223,22303,Huy?n Yên Phong,81,22303081,Xã V?n Môn,,
208,02,T?nh B?c Ninh,223,22303,Huy?n Yên Phong,82,22303082,Xã Tam Giang,,
209,02,T?nh B?c Ninh,223,22303,Huy?n Yên Phong,83,22303083,Xã Yên Trung,,
210,02,T?nh B?c Ninh,223,22303,Huy?n Yên Phong,84,22303084,Xã Tam ?a,,
211,02,T?nh B?c Ninh,223,22307,Huy?n Tiên Du,85,22307085,Xã Tiên Du,,
212,02,T?nh B?c Ninh,223,22307,Huy?n Tiên Du,86,22307086,Xã Liên Bão,,
213,02,T?nh B?c Ninh,223,22307,Huy?n Tiên Du,87,22307087,Xã Tân Chi,,
214,02,T?nh B?c Ninh,223,22307,Huy?n Tiên Du,88,22307088,Xã ??i ??ng,,
215,02,T?nh B?c Ninh,223,22307,Huy?n Tiên Du,89,22307089,Xã Ph?t Tích,,
216,02,T?nh B?c Ninh,223,22315,Huy?n Gia Bình,90,22315090,Xã Gia Bình,,L?ch mã ph??ng xã m?i và Qu?n huy?n c?
217,02,T?nh B?c Ninh,223,22315,Huy?n Gia Bình,91,22315091,Xã Nhân Th?ng,,L?ch mã ph??ng xã m?i và Qu?n huy?n c?
218,02,T?nh B?c Ninh,223,22315,Huy?n Gia Bình,92,22315092,Xã ??i Lai,,L?ch mã ph??ng xã m?i và Qu?n huy?n c?
219,02,T?nh B?c Ninh,223,22315,Huy?n Gia Bình,93,22315093,Xã Cao ??c,,L?ch mã ph??ng xã m?i và Qu?n huy?n c?
220,02,T?nh B?c Ninh,223,22315,Huy?n Gia Bình,94,22315094,Xã ?ông C?u,,L?ch mã ph??ng xã m?i và Qu?n huy?n c?
221,02,T?nh B?c Ninh,223,22311,Huy?n L??ng Tài,95,22311095,Xã L??ng Tài,,
222,02,T?nh B?c Ninh,223,22311,Huy?n L??ng Tài,96,22311096,Xã Lâm Thao,,
223,02,T?nh B?c Ninh,223,22311,Huy?n L??ng Tài,97,22311097,Xã Trung Chính,,
224,02,T?nh B?c Ninh,223,22311,Huy?n L??ng Tài,98,22311098,Xã Trung Kênh,,
225,02,T?nh B?c Ninh,223,22113,Huy?n S?n ??ng,99,22113099,Xã Tu?n ??o,,S?a mã t?nh (TMS)
226,03,T?nh Qu?ng Ninh,225,22521,Thành ph? ?ông Tri?u,1,22521001,Ph??ng An Sinh,,
227,03,T?nh Qu?ng Ninh,225,22521,Thành ph? ?ông Tri?u,2,22521002,Ph??ng ?ông Tri?u,,
228,03,T?nh Qu?ng Ninh,225,22521,Thành ph? ?ông Tri?u,3,22521003,Ph??ng Bình Khê,,
229,03,T?nh Qu?ng Ninh,225,22521,Thành ph? ?ông Tri?u,4,22521004,Ph??ng M?o Khê,,
230,03,T?nh Qu?ng Ninh,225,22521,Thành ph? ?ông Tri?u,5,22521005,Ph??ng Hoàng Qu?,,
231,03,T?nh Qu?ng Ninh,225,22505,Thành ph? Uông Bí,6,22505006,Ph??ng Yên T?,,
232,03,T?nh Qu?ng Ninh,225,22505,Thành ph? Uông Bí,7,22505007,Ph??ng Vàng Danh,,
233,03,T?nh Qu?ng Ninh,225,22505,Thành ph? Uông Bí,8,22505008,Ph??ng Uông Bí,,
234,03,T?nh Qu?ng Ninh,225,22525,Th? xã Qu?ng Yên,9,22525009,Ph??ng ?ông Mai,,
235,03,T?nh Qu?ng Ninh,225,22525,Th? xã Qu?ng Yên,10,22525010,Ph??ng Hi?p Hoà,,
236,03,T?nh Qu?ng Ninh,225,22525,Th? xã Qu?ng Yên,11,22525011,Ph??ng Qu?ng Yên,,
237,03,T?nh Qu?ng Ninh,225,22525,Th? xã Qu?ng Yên,12,22525012,Ph??ng Hà An,,
238,03,T?nh Qu?ng Ninh,225,22525,Th? xã Qu?ng Yên,13,22525013,Ph??ng Phong C?c,,
239,03,T?nh Qu?ng Ninh,225,22525,Th? xã Qu?ng Yên,14,22525014,Ph??ng Liên Hoà,,
240,03,T?nh Qu?ng Ninh,225,22501,Thành ph? H? Long,15,22501015,Ph??ng Tu?n Châu,,
241,03,T?nh Qu?ng Ninh,225,22501,Thành ph? H? Long,16,22501016,Ph??ng Vi?t H?ng,,
242,03,T?nh Qu?ng Ninh,225,22501,Thành ph? H? Long,17,22501017,Ph??ng Bãi Cháy,,
243,03,T?nh Qu?ng Ninh,225,22501,Thành ph? H? Long,18,22501018,Ph??ng Hà Tu,,
244,03,T?nh Qu?ng Ninh,225,22501,Thành ph? H? Long,19,22501019,Ph??ng Hà L?m,,
245,03,T?nh Qu?ng Ninh,225,22501,Thành ph? H? Long,20,22501020,Ph??ng Cao Xanh,,
246,03,T?nh Qu?ng Ninh,225,22501,Thành ph? H? Long,21,22501021,Ph??ng H?ng Gai,,
247,03,T?nh Qu?ng Ninh,225,22501,Thành ph? H? Long,22,22501022,Ph??ng H? Long,,
248,03,T?nh Qu?ng Ninh,225,22501,Thành ph? H? Long,23,22501023,Ph??ng Hoành B?,,
249,03,T?nh Qu?ng Ninh,225,22501,Thành ph? H? Long,24,22501024,Xã Qu?ng La,,
250,03,T?nh Qu?ng Ninh,225,22501,Thành ph? H? Long,25,22501025,Xã Th?ng Nh?t,,
251,03,T?nh Qu?ng Ninh,225,22503,Thành ph? C?m Ph?,26,22503026,Ph??ng Mông D??ng,,
252,03,T?nh Qu?ng Ninh,225,22503,Thành ph? C?m Ph?,27,22503027,Ph??ng Quang Hanh,,
253,03,T?nh Qu?ng Ninh,225,22503,Thành ph? C?m Ph?,28,22503028,Ph??ng C?m Ph?,,
254,03,T?nh Qu?ng Ninh,225,22503,Thành ph? C?m Ph?,29,22503029,Ph??ng C?a Ông,,
255,03,T?nh Qu?ng Ninh,225,22503,Thành ph? C?m Ph?,30,22503030,Xã H?i Hoà,,
256,03,T?nh Qu?ng Ninh,225,22513,Huy?n Tiên Yên,31,22513031,Xã Tiên Yên,,
257,03,T?nh Qu?ng Ninh,225,22513,Huy?n Tiên Yên,32,22513032,Xã ?i?n Xá,,
258,03,T?nh Qu?ng Ninh,225,22513,Huy?n Tiên Yên,33,22513033,Xã ?ông Ng?,,
259,03,T?nh Qu?ng Ninh,225,22513,Huy?n Tiên Yên,34,22513034,Xã H?i L?ng,,
260,03,T?nh Qu?ng Ninh,225,22501,Thành ph? H? Long,35,22501035,Xã L??ng Minh,,
261,03,T?nh Qu?ng Ninh,225,22515,Huy?n Ba Ch?,36,22515036,Xã K? Th??ng,,
262,03,T?nh Qu?ng Ninh,225,22515,Huy?n Ba Ch?,37,22515037,Xã Ba Ch?,,
263,03,T?nh Qu?ng Ninh,225,22527,Huy?n ??m Hà,38,22527038,Xã Qu?ng Tân,,
264,03,T?nh Qu?ng Ninh,225,22527,Huy?n ??m Hà,39,22527039,Xã ??m Hà,,
265,03,T?nh Qu?ng Ninh,225,22511,Huy?n H?i Hà,40,22511040,Xã Qu?ng Hà,,
266,03,T?nh Qu?ng Ninh,225,22511,Huy?n H?i Hà,41,22511041,Xã ???ng Hoa,,
267,03,T?nh Qu?ng Ninh,225,22511,Huy?n H?i Hà,42,22511042,Xã Qu?ng ??c,,
268,03,T?nh Qu?ng Ninh,225,22507,Huy?n Bình Liêu,43,22507043,Xã Hoành Mô,,
269,03,T?nh Qu?ng Ninh,225,22507,Huy?n Bình Liêu,44,22507044,Xã L?c H?n,,
270,03,T?nh Qu?ng Ninh,225,22507,Huy?n Bình Liêu,45,22507045,Xã Bình Liêu,,
271,03,T?nh Qu?ng Ninh,225,22509,Thành ph? Móng Cái,46,22509046,Xã H?i S?n,,
272,03,T?nh Qu?ng Ninh,225,22509,Thành ph? Móng Cái,47,22509047,Xã H?i Ninh,,
273,03,T?nh Qu?ng Ninh,225,22509,Thành ph? Móng Cái,48,22509048,Xã V?nh Th?c,,
274,03,T?nh Qu?ng Ninh,225,22509,Thành ph? Móng Cái,49,22509049,Ph??ng Móng Cái 1,,
275,03,T?nh Qu?ng Ninh,225,22509,Thành ph? Móng Cái,50,22509050,Ph??ng Móng Cái 2,,
276,03,T?nh Qu?ng Ninh,225,22509,Thành ph? Móng Cái,51,22509051,Ph??ng Móng Cái 3,,
277,03,T?nh Qu?ng Ninh,225,22517,Huy?n Vân ??n,52,22517052,??c khu Vân ??n,,
278,03,T?nh Qu?ng Ninh,225,22523,Huy?n Cô Tô,53,22523053,??c khu Cô Tô,,
279,03,T?nh Qu?ng Ninh,225,22511,Huy?n H?i Hà,54,22511054,Xã Cái Chiên,,
280,04,Tp H?i Phòng,103,10311,Thành ph? Thu? Nguyên,1,10311001,Ph??ng Thu? Nguyên,,
281,04,Tp H?i Phòng,103,10311,Thành ph? Thu? Nguyên,2,10311002,Ph??ng Thiên H??ng,,
282,04,Tp H?i Phòng,103,10311,Thành ph? Thu? Nguyên,3,10311003,Ph??ng Hoà Bình,,
283,04,Tp H?i Phòng,103,10311,Thành ph? Thu? Nguyên,4,10311004,Ph??ng Nam Tri?u,,
284,04,Tp H?i Phòng,103,10311,Thành ph? Thu? Nguyên,5,10311005,Ph??ng B?ch ??ng,,
285,04,Tp H?i Phòng,103,10311,Thành ph? Thu? Nguyên,6,10311006,Ph??ng L?u Ki?m,,
286,04,Tp H?i Phòng,103,10311,Thành ph? Thu? Nguyên,7,10311007,Ph??ng Lê Ích M?c,,
287,04,Tp H?i Phòng,103,10301,Qu?n H?ng Bàng,8,10301008,Ph??ng H?ng Bàng,,
288,04,Tp H?i Phòng,103,10301,Qu?n H?ng Bàng,9,10301009,Ph??ng H?ng An,,
289,04,Tp H?i Phòng,103,10303,Qu?n Ngô Quy?n,10,10303010,Ph??ng Ngô Quy?n,,
290,04,Tp H?i Phòng,103,10303,Qu?n Ngô Quy?n,11,10303011,Ph??ng Gia Viên,,
291,04,Tp H?i Phòng,103,10305,Qu?n Lê Chân,12,10305012,Ph??ng Lê Chân,,
292,04,Tp H?i Phòng,103,10305,Qu?n Lê Chân,13,10305013,Ph??ng An Biên,,
293,04,Tp H?i Phòng,103,10304,Qu?n H?i An,14,10304014,Ph??ng H?i An,,
294,04,Tp H?i Phòng,103,10304,Qu?n H?i An,15,10304015,Ph??ng ?ông H?i,,
295,04,Tp H?i Phòng,103,10307,Qu?n Ki?n An,16,10307016,Ph??ng Ki?n An,,
296,04,Tp H?i Phòng,103,10307,Qu?n Ki?n An,17,10307017,Ph??ng Phù Li?n,,
297,04,Tp H?i Phòng,103,10309,Qu?n ?? S?n,18,10309018,Ph??ng Nam ?? S?n,,
298,04,Tp H?i Phòng,103,10309,Qu?n ?? S?n,19,10309019,Ph??ng ?? S?n,,
299,04,Tp H?i Phòng,103,10327,Qu?n D??ng Kinh,20,10327020,Ph??ng H?ng ??o,,
300,04,Tp H?i Phòng,103,10327,Qu?n D??ng Kinh,21,10327021,Ph??ng D??ng Kinh,,
301,04,Tp H?i Phòng,103,10313,Qu?n An D??ng,22,10313022,Ph??ng An D??ng,,
302,04,Tp H?i Phòng,103,10313,Qu?n An D??ng,23,10313023,Ph??ng An H?i,,
303,04,Tp H?i Phòng,103,10313,Qu?n An D??ng,24,10313024,Ph??ng An Phong,,
304,04,Tp H?i Phòng,103,10315,Huy?n An Lão,25,10315025,Xã An H?ng,,
305,04,Tp H?i Phòng,103,10315,Huy?n An Lão,26,10315026,Xã An Khánh,,
306,04,Tp H?i Phòng,103,10315,Huy?n An Lão,27,10315027,Xã An Quang,,
307,04,Tp H?i Phòng,103,10315,Huy?n An Lão,28,10315028,Xã An Tr??ng,,
308,04,Tp H?i Phòng,103,10315,Huy?n An Lão,29,10315029,Xã An Lão,,
309,04,Tp H?i Phòng,103,10317,Huy?n Ki?n Th?y,30,10317030,Xã Ki?n Th?y,,
310,04,Tp H?i Phòng,103,10317,Huy?n Ki?n Th?y,31,10317031,Xã Ki?n Minh,,
311,04,Tp H?i Phòng,103,10317,Huy?n Ki?n Th?y,32,10317032,Xã Ki?n H?i,,
312,04,Tp H?i Phòng,103,10317,Huy?n Ki?n Th?y,33,10317033,Xã Ki?n H?ng,,
313,04,Tp H?i Phòng,103,10317,Huy?n Ki?n Th?y,34,10317034,Xã Nghi D??ng,,
314,04,Tp H?i Phòng,103,10319,Huy?n Tiên Lãng,35,10319035,Xã Quy?t Th?ng,,
315,04,Tp H?i Phòng,103,10319,Huy?n Tiên Lãng,36,10319036,Xã Tiên Lãng,,
316,04,Tp H?i Phòng,103,10319,Huy?n Tiên Lãng,37,10319037,Xã Tân Minh,,
317,04,Tp H?i Phòng,103,10319,Huy?n Tiên Lãng,38,10319038,Xã Tiên Minh,,
318,04,Tp H?i Phòng,103,10319,Huy?n Tiên Lãng,39,10319039,Xã Ch?n H?ng,,
319,04,Tp H?i Phòng,103,10319,Huy?n Tiên Lãng,40,10319040,Xã Hùng Th?ng,,
320,04,Tp H?i Phòng,103,10321,Huy?n V?nh B?o,41,10321041,Xã V?nh B?o,,
321,04,Tp H?i Phòng,103,10321,Huy?n V?nh B?o,42,10321042,Xã Nguy?n B?nh Khiêm,,
322,04,Tp H?i Phòng,103,10321,Huy?n V?nh B?o,43,10321043,Xã V?nh Am,,
323,04,Tp H?i Phòng,103,10321,Huy?n V?nh B?o,44,10321044,Xã V?nh H?i,,
324,04,Tp H?i Phòng,103,10321,Huy?n V?nh B?o,45,10321045,Xã V?nh Hoà,,
325,04,Tp H?i Phòng,103,10321,Huy?n V?nh B?o,46,10321046,Xã V?nh Th?nh,,
326,04,Tp H?i Phòng,103,10321,Huy?n V?nh B?o,47,10321047,Xã V?nh Thu?n,,
327,04,Tp H?i Phòng,103,10311,Thành ph? Thu? Nguyên,48,10311048,Xã Vi?t Khê,,
328,04,Tp H?i Phòng,103,10323,Huy?n Cát H?i,49,10323049,??c khu Cát H?i,,
329,04,Tp H?i Phòng,103,10325,Huy?n B?ch Long V?,50,10325050,??c khu B?ch Long V?,,
330,04,Tp H?i Phòng,103,10701,Thành ph? H?i D??ng,51,10701051,Ph??ng H?i D??ng,,
331,04,Tp H?i Phòng,103,10701,Thành ph? H?i D??ng,52,10701052,Ph??ng Lê Thanh Ngh?,,
332,04,Tp H?i Phòng,103,10701,Thành ph? H?i D??ng,53,10701053,Ph??ng Vi?t Hoà,,
333,04,Tp H?i Phòng,103,10701,Thành ph? H?i D??ng,54,10701054,Ph??ng Thành ?ông,,
334,04,Tp H?i Phòng,103,10701,Thành ph? H?i D??ng,55,10701055,Ph??ng Nam ??ng,,
335,04,Tp H?i Phòng,103,10701,Thành ph? H?i D??ng,56,10701056,Ph??ng Tân H?ng,,
336,04,Tp H?i Phòng,103,10701,Thành ph? H?i D??ng,57,10701057,Ph??ng Th?ch Khôi,,
337,04,Tp H?i Phòng,103,10717,Huy?n C?m Giàng,58,10717058,Ph??ng T? Minh,,
338,04,Tp H?i Phòng,103,10701,Thành ph? H?i D??ng,59,10701059,Ph??ng Ái Qu?c,,
339,04,Tp H?i Phòng,103,10703,Thành ph? Chí Linh,60,10703060,Ph??ng Chu V?n An,,
340,04,Tp H?i Phòng,103,10703,Thành ph? Chí Linh,61,10703061,Ph??ng Chí Linh,,
341,04,Tp H?i Phòng,103,10703,Thành ph? Chí Linh,62,10703062,Ph??ng Tr?n H?ng ??o,,
342,04,Tp H?i Phòng,103,10703,Thành ph? Chí Linh,63,10703063,Ph??ng Nguy?n Trãi,,
343,04,Tp H?i Phòng,103,10703,Thành ph? Chí Linh,64,10703064,Ph??ng Tr?n Nhân Tông,,
344,04,Tp H?i Phòng,103,10703,Thành ph? Chí Linh,65,10703065,Ph??ng Lê ??i Hành,,
345,04,Tp H?i Phòng,103,10709,Th? xã Kinh Môn,66,10709066,Ph??ng Kinh Môn,,
346,04,Tp H?i Phòng,103,10709,Th? xã Kinh Môn,67,10709067,Ph??ng Nguy?n ??i N?ng,,
347,04,Tp H?i Phòng,103,10709,Th? xã Kinh Môn,68,10709068,Ph??ng Tr?n Li?u,,
348,04,Tp H?i Phòng,103,10709,Th? xã Kinh Môn,69,10709069,Ph??ng B?c An Ph?,,
349,04,Tp H?i Phòng,103,10709,Th? xã Kinh Môn,70,10709070,Ph??ng Ph?m S? M?nh,,
350,04,Tp H?i Phòng,103,10709,Th? xã Kinh Môn,71,10709071,Ph??ng Nh? Chi?u,,
351,04,Tp H?i Phòng,103,10709,Th? xã Kinh Môn,72,10709072,Xã Nam An Ph?,,
352,04,Tp H?i Phòng,103,10705,Huy?n Nam Sách,73,10705073,Xã Nam Sách,,
353,04,Tp H?i Phòng,103,10705,Huy?n Nam Sách,74,10705074,Xã Thái Tân,,
354,04,Tp H?i Phòng,103,10705,Huy?n Nam Sách,75,10705075,Xã H?p Ti?n,,
355,04,Tp H?i Phòng,103,10705,Huy?n Nam Sách,76,10705076,Xã Tr?n Phú,,
356,04,Tp H?i Phòng,103,10705,Huy?n Nam Sách,77,10705077,Xã An Phú,,
357,04,Tp H?i Phòng,103,10707,Huy?n Thanh Hà,78,10707078,Xã Thanh Hà,,
358,04,Tp H?i Phòng,103,10707,Huy?n Thanh Hà,79,10707079,Xã Hà Tây,,
359,04,Tp H?i Phòng,103,10707,Huy?n Thanh Hà,80,10707080,Xã Hà B?c,,
360,04,Tp H?i Phòng,103,10707,Huy?n Thanh Hà,81,10707081,Xã Hà Nam,,
361,04,Tp H?i Phòng,103,10707,Huy?n Thanh Hà,82,10707082,Xã Hà ?ông,,
362,04,Tp H?i Phòng,103,10717,Huy?n C?m Giàng,83,10717083,Xã C?m Giang,,
363,04,Tp H?i Phòng,103,10717,Huy?n C?m Giàng,84,10717084,Xã Tu? T?nh,,
364,04,Tp H?i Phòng,103,10717,Huy?n C?m Giàng,85,10717085,Xã Mao ?i?n,,
365,04,Tp H?i Phòng,103,10717,Huy?n C?m Giàng,86,10717086,Xã C?m Giàng,,
366,04,Tp H?i Phòng,103,10719,Huy?n Bình Giang,87,10719087,Xã K? S?t,,
367,04,Tp H?i Phòng,103,10719,Huy?n Bình Giang,88,10719088,Xã Bình Giang,,
368,04,Tp H?i Phòng,103,10719,Huy?n Bình Giang,89,10719089,Xã ???ng An,,
369,04,Tp H?i Phòng,103,10719,Huy?n Bình Giang,90,10719090,Xã Th??ng H?ng,,
370,04,Tp H?i Phòng,103,10713,Huy?n Gia L?c,91,10713091,Xã Gia L?c,,
371,04,Tp H?i Phòng,103,10713,Huy?n Gia L?c,92,10713092,Xã Y?t Kiêu,,
372,04,Tp H?i Phòng,103,10713,Huy?n Gia L?c,93,10713093,Xã Gia Phúc,,
373,04,Tp H?i Phòng,103,10713,Huy?n Gia L?c,94,10713094,Xã Tr??ng Tân,,
374,04,Tp H?i Phòng,103,10715,Huy?n T? K?,95,10715095,Xã T? K?,,
375,04,Tp H?i Phòng,103,10715,Huy?n T? K?,96,10715096,Xã Tân K?,,
376,04,Tp H?i Phòng,103,10715,Huy?n T? K?,97,10715097,Xã ??i S?n,,
377,04,Tp H?i Phòng,103,10715,Huy?n T? K?,98,10715098,Xã Chí Minh,,
378,04,Tp H?i Phòng,103,10715,Huy?n T? K?,99,10715099,Xã L?c Ph??ng,,
379,04,Tp H?i Phòng,103,10715,Huy?n T? K?,100,10715100,Xã Nguyên Giáp,,
380,04,Tp H?i Phòng,103,10723,Huy?n Ninh Giang,101,10723101,Xã Ninh Giang,,
381,04,Tp H?i Phòng,103,10723,Huy?n Ninh Giang,102,10723102,Xã V?nh L?i,,
382,04,Tp H?i Phòng,103,10723,Huy?n Ninh Giang,103,10723103,Xã Khúc Th?a D?,,
383,04,Tp H?i Phòng,103,10723,Huy?n Ninh Giang,104,10723104,Xã Tân An,,
384,04,Tp H?i Phòng,103,10723,Huy?n Ninh Giang,105,10723105,Xã H?ng Châu,,
385,04,Tp H?i Phòng,103,10721,Huy?n Thanh Mi?n,106,10721106,Xã Thanh Mi?n,,
386,04,Tp H?i Phòng,103,10721,Huy?n Thanh Mi?n,107,10721107,Xã B?c Thanh Mi?n,,
387,04,Tp H?i Phòng,103,10721,Huy?n Thanh Mi?n,108,10721108,Xã H?i H?ng,,
388,04,Tp H?i Phòng,103,10721,Huy?n Thanh Mi?n,109,10721109,Xã Nguy?n L??ng B?ng,,
389,04,Tp H?i Phòng,103,10721,Huy?n Thanh Mi?n,110,10721110,Xã Nam Thanh Mi?n,,
390,04,Tp H?i Phòng,103,10711,Huy?n Kim Thành,111,10711111,Xã Phú Thái,,
391,04,Tp H?i Phòng,103,10711,Huy?n Kim Thành,112,10711112,Xã Lai Khê,,
392,04,Tp H?i Phòng,103,10711,Huy?n Kim Thành,113,10711113,Xã An Thành,,
393,04,Tp H?i Phòng,103,10711,Huy?n Kim Thành,114,10711114,Xã Kim Thành,,
394,05,T?nh H?ng Yên,109,10901,Thành ph? H?ng Yên,1,10901001,Ph??ng Ph? Hi?n,,
395,05,T?nh H?ng Yên,109,10901,Thành ph? H?ng Yên,2,10901002,Ph??ng S?n Nam,,
396,05,T?nh H?ng Yên,109,10901,Thành ph? H?ng Yên,3,10901003,Ph??ng H?ng Châu,,
397,05,T?nh H?ng Yên,109,10903,Th? xã M? Hào,4,10903004,Ph??ng M? Hào,,
398,05,T?nh H?ng Yên,109,10903,Th? xã M? Hào,5,10903005,Ph??ng ???ng Hào,,
399,05,T?nh H?ng Yên,109,10903,Th? xã M? Hào,6,10903006,Ph??ng Th??ng H?ng,,
400,05,T?nh H?ng Yên,109,10901,Thành ph? H?ng Yên,7,10901007,Xã Tân H?ng,,
401,05,T?nh H?ng Yên,109,10913,Huy?n Tiên L?,8,10913008,Xã Hoàng Hoa Thám,,
402,05,T?nh H?ng Yên,109,10913,Huy?n Tiên L?,9,10913009,Xã Tiên L?,,
403,05,T?nh H?ng Yên,109,10913,Huy?n Tiên L?,10,10913010,Xã Tiên Hoa,,
404,05,T?nh H?ng Yên,109,10911,Huy?n Phù C?,11,10911011,Xã Quang H?ng,,
405,05,T?nh H?ng Yên,109,10911,Huy?n Phù C?,12,10911012,Xã ?oàn ?ào,,
406,05,T?nh H?ng Yên,109,10911,Huy?n Phù C?,13,10911013,Xã Tiên Ti?n,,
407,05,T?nh H?ng Yên,109,10911,Huy?n Phù C?,14,10911014,Xã T?ng Trân,,
408,05,T?nh H?ng Yên,109,10909,Huy?n Kim ??ng,15,10909015,Xã L??ng B?ng,,
409,05,T?nh H?ng Yên,109,10909,Huy?n Kim ??ng,16,10909016,Xã Ngh?a Dân,,
410,05,T?nh H?ng Yên,109,10909,Huy?n Kim ??ng,17,10909017,Xã Hi?p C??ng,,
411,05,T?nh H?ng Yên,109,10909,Huy?n Kim ??ng,18,10909018,Xã ??c H?p,,
412,05,T?nh H?ng Yên,109,10907,Huy?n Ân Thi,19,10907019,Xã Ân Thi,,
413,05,T?nh H?ng Yên,109,10907,Huy?n Ân Thi,20,10907020,Xã Xuân Trúc,,
414,05,T?nh H?ng Yên,109,10907,Huy?n Ân Thi,21,10907021,Xã Ph?m Ng? Lão,,
415,05,T?nh H?ng Yên,109,10907,Huy?n Ân Thi,22,10907022,Xã Nguy?n Trãi,,
416,05,T?nh H?ng Yên,109,10907,Huy?n Ân Thi,23,10907023,Xã H?ng Quang,,
417,05,T?nh H?ng Yên,109,10905,Huy?n Khoái Châu,24,10905024,Xã Khoái Châu,,
418,05,T?nh H?ng Yên,109,10905,Huy?n Khoái Châu,25,10905025,Xã Tri?u Vi?t V??ng,,
419,05,T?nh H?ng Yên,109,10905,Huy?n Khoái Châu,26,10905026,Xã Vi?t Ti?n,,
420,05,T?nh H?ng Yên,109,10905,Huy?n Khoái Châu,27,10905027,Xã Chí Minh,,
421,05,T?nh H?ng Yên,109,10905,Huy?n Khoái Châu,28,10905028,Xã Châu Ninh,,
422,05,T?nh H?ng Yên,109,10919,Huy?n Yên M?,29,10919029,Xã Yên M?,,
423,05,T?nh H?ng Yên,109,10919,Huy?n Yên M?,30,10919030,Xã Vi?t Yên,,
424,05,T?nh H?ng Yên,109,10919,Huy?n Yên M?,31,10919031,Xã Hoàn Long,,
425,05,T?nh H?ng Yên,109,10919,Huy?n Yên M?,32,10919032,Xã Nguy?n V?n Linh,,
426,05,T?nh H?ng Yên,109,10917,Huy?n V?n Lâm,33,10917033,Xã Nh? Qu?nh,,
427,05,T?nh H?ng Yên,109,10917,Huy?n V?n Lâm,34,10917034,Xã L?c ??o,,
428,05,T?nh H?ng Yên,109,10917,Huy?n V?n Lâm,35,10917035,Xã ??i ??ng,,
429,05,T?nh H?ng Yên,109,10915,Huy?n V?n Giang,36,10915036,Xã Ngh?a Tr?,,
430,05,T?nh H?ng Yên,109,10915,Huy?n V?n Giang,37,10915037,Xã Ph?ng Công,,
431,05,T?nh H?ng Yên,109,10915,Huy?n V?n Giang,38,10915038,Xã V?n Giang,,
432,05,T?nh H?ng Yên,109,10915,Huy?n V?n Giang,39,10915039,Xã M? S?,,
433,05,T?nh H?ng Yên,109,11501,Thành ph? Thái Bình,40,11501040,Ph??ng Thái Bình,,
434,05,T?nh H?ng Yên,109,11501,Thành ph? Thái Bình,41,11501041,Ph??ng Tr?n Lãm,,
435,05,T?nh H?ng Yên,109,11501,Thành ph? Thái Bình,42,11501042,Ph??ng Tr?n H?ng ??o,,
436,05,T?nh H?ng Yên,109,11501,Thành ph? Thái Bình,43,11501043,Ph??ng Trà Lý,,
437,05,T?nh H?ng Yên,109,11501,Thành ph? Thái Bình,44,11501044,Ph??ng V? Phúc,,
438,05,T?nh H?ng Yên,109,11507,Huy?n Thái Th?y,45,11507045,Xã Thái Th?y,,
439,05,T?nh H?ng Yên,109,11507,Huy?n Thái Th?y,46,11507046,Xã ?ông Th?y Anh,,
440,05,T?nh H?ng Yên,109,11507,Huy?n Thái Th?y,47,11507047,Xã B?c Th?y Anh,,
441,05,T?nh H?ng Yên,109,11507,Huy?n Thái Th?y,48,11507048,Xã Th?y Anh,,
442,05,T?nh H?ng Yên,109,11507,Huy?n Thái Th?y,49,11507049,Xã Nam Th?y Anh,,
443,05,T?nh H?ng Yên,109,11507,Huy?n Thái Th?y,50,11507050,Xã B?c Thái Ninh,,
444,05,T?nh H?ng Yên,109,11507,Huy?n Thái Th?y,51,11507051,Xã Thái Ninh,,
445,05,T?nh H?ng Yên,109,11507,Huy?n Thái Th?y,52,11507052,Xã ?ông Thái Ninh,,
446,05,T?nh H?ng Yên,109,11507,Huy?n Thái Th?y,53,11507053,Xã Nam Thái Ninh,,
447,05,T?nh H?ng Yên,109,11507,Huy?n Thái Th?y,54,11507054,Xã Tây Thái Ninh,,
448,05,T?nh H?ng Yên,109,11507,Huy?n Thái Th?y,55,11507055,Xã Tây Th?y Anh,,
449,05,T?nh H?ng Yên,109,11515,Huy?n Ti?n H?i,56,11515056,Xã Ti?n H?i,,
450,05,T?nh H?ng Yên,109,11515,Huy?n Ti?n H?i,57,11515057,Xã Tây Ti?n H?i,,
451,05,T?nh H?ng Yên,109,11515,Huy?n Ti?n H?i,58,11515058,Xã Ái Qu?c,,
452,05,T?nh H?ng Yên,109,11515,Huy?n Ti?n H?i,59,11515059,Xã ??ng Châu,,
453,05,T?nh H?ng Yên,109,11515,Huy?n Ti?n H?i,60,11515060,Xã ?ông Ti?n H?i,,
454,05,T?nh H?ng Yên,109,11515,Huy?n Ti?n H?i,61,11515061,Xã Nam C??ng,,
455,05,T?nh H?ng Yên,109,11515,Huy?n Ti?n H?i,62,11515062,Xã H?ng Phú,,
456,05,T?nh H?ng Yên,109,11515,Huy?n Ti?n H?i,63,11515063,Xã Nam Ti?n H?i,,
457,05,T?nh H?ng Yên,109,11503,Huy?n Qu?nh Ph?,64,11503064,Xã Qu?nh Ph?,,
458,05,T?nh H?ng Yên,109,11503,Huy?n Qu?nh Ph?,65,11503065,Xã Minh Th?,,
459,05,T?nh H?ng Yên,109,11503,Huy?n Qu?nh Ph?,66,11503066,Xã Nguy?n Du,,
460,05,T?nh H?ng Yên,109,11503,Huy?n Qu?nh Ph?,67,11503067,Xã Qu?nh An,,
461,05,T?nh H?ng Yên,109,11503,Huy?n Qu?nh Ph?,68,11503068,Xã Ng?c Lâm,,
462,05,T?nh H?ng Yên,109,11503,Huy?n Qu?nh Ph?,69,11503069,Xã ??ng B?ng,,
463,05,T?nh H?ng Yên,109,11503,Huy?n Qu?nh Ph?,70,11503070,Xã A Sào,,
464,05,T?nh H?ng Yên,109,11503,Huy?n Qu?nh Ph?,71,11503071,Xã Ph? D?c,,
465,05,T?nh H?ng Yên,109,11503,Huy?n Qu?nh Ph?,72,11503072,Xã Tân Ti?n,,
466,05,T?nh H?ng Yên,109,11505,Huy?n H?ng Hà,73,11505073,Xã H?ng Hà,,
467,05,T?nh H?ng Yên,109,11505,Huy?n H?ng Hà,74,11505074,Xã Tiên La,,
468,05,T?nh H?ng Yên,109,11505,Huy?n H?ng Hà,75,11505075,Xã Lê Quý ?ôn,,
469,05,T?nh H?ng Yên,109,11505,Huy?n H?ng Hà,76,11505076,Xã H?ng Minh,,
470,05,T?nh H?ng Yên,109,11505,Huy?n H?ng Hà,77,11505077,Xã Th?n Khê,,
471,05,T?nh H?ng Yên,109,11505,Huy?n H?ng Hà,78,11505078,Xã Diên Hà,,
472,05,T?nh H?ng Yên,109,11505,Huy?n H?ng Hà,79,11505079,Xã Ng? Thiên,,
473,05,T?nh H?ng Yên,109,11505,Huy?n H?ng Hà,80,11505080,Xã Long H?ng,,
474,05,T?nh H?ng Yên,109,11509,Huy?n ?ông H?ng,81,11509081,Xã ?ông H?ng,,
475,05,T?nh H?ng Yên,109,11509,Huy?n ?ông H?ng,82,11509082,Xã B?c Tiên H?ng,,
476,05,T?nh H?ng Yên,109,11509,Huy?n ?ông H?ng,83,11509083,Xã ?ông Tiên H?ng,,
477,05,T?nh H?ng Yên,109,11509,Huy?n ?ông H?ng,84,11509084,Xã Nam ?ông H?ng,,
478,05,T?nh H?ng Yên,109,11509,Huy?n ?ông H?ng,85,11509085,Xã B?c ?ông Quan,,
479,05,T?nh H?ng Yên,109,11509,Huy?n ?ông H?ng,86,11509086,Xã B?c ?ông H?ng,,
480,05,T?nh H?ng Yên,109,11509,Huy?n ?ông H?ng,87,11509087,Xã ?ông Quan,,
481,05,T?nh H?ng Yên,109,11509,Huy?n ?ông H?ng,88,11509088,Xã Nam Tiên H?ng,,
482,05,T?nh H?ng Yên,109,11509,Huy?n ?ông H?ng,89,11509089,Xã Tiên H?ng,,
483,05,T?nh H?ng Yên,109,11513,Huy?n Ki?n X??ng,90,11513090,Xã Lê L?i,,
484,05,T?nh H?ng Yên,109,11513,Huy?n Ki?n X??ng,91,11513091,Xã Ki?n X??ng,,
485,05,T?nh H?ng Yên,109,11513,Huy?n Ki?n X??ng,92,11513092,Xã Quang L?ch,,
486,05,T?nh H?ng Yên,109,11513,Huy?n Ki?n X??ng,93,11513093,Xã V? Quý,,
487,05,T?nh H?ng Yên,109,11513,Huy?n Ki?n X??ng,94,11513094,Xã Bình Thanh,,
488,05,T?nh H?ng Yên,109,11513,Huy?n Ki?n X??ng,95,11513095,Xã Bình ??nh,,
489,05,T?nh H?ng Yên,109,11513,Huy?n Ki?n X??ng,96,11513096,Xã H?ng V?,,
490,05,T?nh H?ng Yên,109,11513,Huy?n Ki?n X??ng,97,11513097,Xã Bình Nguyên,,
491,05,T?nh H?ng Yên,109,11513,Huy?n Ki?n X??ng,98,11513098,Xã Trà Giang,,
492,05,T?nh H?ng Yên,109,11511,Huy?n V? Th?,99,11511099,Xã V? Th?,,
493,05,T?nh H?ng Yên,109,11511,Huy?n V? Th?,100,11511100,Xã Th? Trì,,
494,05,T?nh H?ng Yên,109,11511,Huy?n V? Th?,101,11511101,Xã Tân Thu?n,,
495,05,T?nh H?ng Yên,109,11511,Huy?n V? Th?,102,11511102,Xã Th? V?,,
496,05,T?nh H?ng Yên,109,11511,Huy?n V? Th?,103,11511103,Xã V? Tiên,,
497,05,T?nh H?ng Yên,109,11511,Huy?n V? Th?,104,11511104,Xã V?n Xuân,,
588,06,T?nh Ninh Bình,117,11707,Huy?n Gia Vi?n,1,11707001,Xã Gia Vi?n,,
589,06,T?nh Ninh Bình,117,11707,Huy?n Gia Vi?n,2,11707002,Xã ??i Hoàng,,
590,06,T?nh Ninh Bình,117,11707,Huy?n Gia Vi?n,3,11707003,Xã Gia H?ng,,
591,06,T?nh Ninh Bình,117,11707,Huy?n Gia Vi?n,4,11707004,Xã Gia Phong,,
592,06,T?nh Ninh Bình,117,11707,Huy?n Gia Vi?n,5,11707005,Xã Gia Vân,,
593,06,T?nh Ninh Bình,117,11707,Huy?n Gia Vi?n,6,11707006,Xã Gia Tr?n,,
594,06,T?nh Ninh Bình,117,11705,Huy?n Nho quan,7,11705007,Xã Nho Quan,,
595,06,T?nh Ninh Bình,117,11705,Huy?n Nho quan,8,11705008,Xã Gia Lâm,,
596,06,T?nh Ninh Bình,117,11705,Huy?n Nho quan,9,11705009,Xã Gia T??ng,,
597,06,T?nh Ninh Bình,117,11705,Huy?n Nho quan,10,11705010,Xã Phú S?n,,
598,06,T?nh Ninh Bình,117,11705,Huy?n Nho quan,11,11705011,Xã Cúc Ph??ng,,
599,06,T?nh Ninh Bình,117,11705,Huy?n Nho quan,12,11705012,Xã Phú Long,,
600,06,T?nh Ninh Bình,117,11705,Huy?n Nho quan,13,11705013,Xã Thanh S?n,,
601,06,T?nh Ninh Bình,117,11705,Huy?n Nho quan,14,11705014,Xã Qu?nh L?u,,
602,06,T?nh Ninh Bình,117,11713,Huy?n Yên Khánh,15,11713015,Xã Yên Khánh,,
603,06,T?nh Ninh Bình,117,11713,Huy?n Yên Khánh,16,11713016,Xã Khánh Nh?c,,
604,06,T?nh Ninh Bình,117,11713,Huy?n Yên Khánh,17,11713017,Xã Khánh Thi?n,,
605,06,T?nh Ninh Bình,117,11713,Huy?n Yên Khánh,18,11713018,Xã Khánh H?i,,
606,06,T?nh Ninh Bình,117,11713,Huy?n Yên Khánh,19,11713019,Xã Khánh Trung,,
607,06,T?nh Ninh Bình,117,11711,Huy?n Yên Mô,20,11711020,Xã Yên Mô,,
608,06,T?nh Ninh Bình,117,11711,Huy?n Yên Mô,21,11711021,Xã Yên T?,,
609,06,T?nh Ninh Bình,117,11711,Huy?n Yên Mô,22,11711022,Xã Yên M?c,,
610,06,T?nh Ninh Bình,117,11711,Huy?n Yên Mô,23,11711023,Xã ??ng Thái,,
611,06,T?nh Ninh Bình,117,11715,Huy?n Kim S?n,24,11715024,Xã Ch?t Bình,,
612,06,T?nh Ninh Bình,117,11715,Huy?n Kim S?n,25,11715025,Xã Kim S?n,,
613,06,T?nh Ninh Bình,117,11715,Huy?n Kim S?n,26,11715026,Xã Quang Thi?n,,
614,06,T?nh Ninh Bình,117,11715,Huy?n Kim S?n,27,11715027,Xã Phát Di?m,,
615,06,T?nh Ninh Bình,117,11715,Huy?n Kim S?n,28,11715028,Xã Lai Thành,,
616,06,T?nh Ninh Bình,117,11715,Huy?n Kim S?n,29,11715029,Xã ??nh Hóa,,
617,06,T?nh Ninh Bình,117,11715,Huy?n Kim S?n,30,11715030,Xã Bình Minh,,
618,06,T?nh Ninh Bình,117,11715,Huy?n Kim S?n,31,11715031,Xã Kim ?ông,,
555,06,T?nh Ninh Bình,117,11111,Huy?n Bình L?c,32,11111032,Xã Bình L?c,,
556,06,T?nh Ninh Bình,117,11111,Huy?n Bình L?c,33,11111033,Xã Bình M?,,
557,06,T?nh Ninh Bình,117,11111,Huy?n Bình L?c,34,11111034,Xã Bình An,,
558,06,T?nh Ninh Bình,117,11111,Huy?n Bình L?c,35,11111035,Xã Bình Giang,,
559,06,T?nh Ninh Bình,117,11111,Huy?n Bình L?c,36,11111036,Xã Bình S?n,,
560,06,T?nh Ninh Bình,117,11109,Huy?n Thanh Liêm,37,11109037,Xã Liêm Hà,,
561,06,T?nh Ninh Bình,117,11109,Huy?n Thanh Liêm,38,11109038,Xã Tân Thanh,,
562,06,T?nh Ninh Bình,117,11109,Huy?n Thanh Liêm,39,11109039,Xã Thanh Bình,,
563,06,T?nh Ninh Bình,117,11109,Huy?n Thanh Liêm,40,11109040,Xã Thanh Lâm,,
564,06,T?nh Ninh Bình,117,11109,Huy?n Thanh Liêm,41,11109041,Xã Thanh Liêm,,
565,06,T?nh Ninh Bình,117,11107,Huy?n Lý Nhân,42,11107042,Xã Lý Nhân,,
566,06,T?nh Ninh Bình,117,11107,Huy?n Lý Nhân,43,11107043,Xã Nam Xang,,
567,06,T?nh Ninh Bình,117,11107,Huy?n Lý Nhân,44,11107044,Xã B?c Lý,,
568,06,T?nh Ninh Bình,117,11107,Huy?n Lý Nhân,45,11107045,Xã V?nh Tr?,,
569,06,T?nh Ninh Bình,117,11107,Huy?n Lý Nhân,46,11107046,Xã Tr?n Th??ng,,
570,06,T?nh Ninh Bình,117,11107,Huy?n Lý Nhân,47,11107047,Xã Nhân Hà,,
571,06,T?nh Ninh Bình,117,11107,Huy?n Lý Nhân,48,11107048,Xã Nam Lý,,
498,06,T?nh Ninh Bình,117,11309,Huy?n Nam Tr?c,49,11309049,Xã Nam Tr?c,,
499,06,T?nh Ninh Bình,117,11309,Huy?n Nam Tr?c,50,11309050,Xã Nam Minh,,
500,06,T?nh Ninh Bình,117,11309,Huy?n Nam Tr?c,51,11309051,Xã Nam ??ng,,
501,06,T?nh Ninh Bình,117,11309,Huy?n Nam Tr?c,52,11309052,Xã Nam Ninh,,
502,06,T?nh Ninh Bình,117,11309,Huy?n Nam Tr?c,53,11309053,Xã Nam H?ng,,
503,06,T?nh Ninh Bình,117,11303,Huy?n V? B?n,54,11303054,Xã Minh Tân,,
504,06,T?nh Ninh Bình,117,11303,Huy?n V? B?n,55,11303055,Xã Hi?n Khánh,,
505,06,T?nh Ninh Bình,117,11303,Huy?n V? B?n,56,11303056,Xã V? B?n,,
506,06,T?nh Ninh Bình,117,11303,Huy?n V? B?n,57,11303057,Xã Liên Minh,,
507,06,T?nh Ninh Bình,117,11307,Huy?n Ý Yên,58,11307058,Xã Ý Yên,,
508,06,T?nh Ninh Bình,117,11307,Huy?n Ý Yên,59,11307059,Xã Yên ??ng,,
509,06,T?nh Ninh Bình,117,11307,Huy?n Ý Yên,60,11307060,Xã Yên C??ng,,
510,06,T?nh Ninh Bình,117,11307,Huy?n Ý Yên,61,11307061,Xã V?n Th?ng,,
511,06,T?nh Ninh Bình,117,11307,Huy?n Ý Yên,62,11307062,Xã V? D??ng,,
512,06,T?nh Ninh Bình,117,11307,Huy?n Ý Yên,63,11307063,Xã Tân Minh,,
513,06,T?nh Ninh Bình,117,11307,Huy?n Ý Yên,64,11307064,Xã Phong Doanh,,
514,06,T?nh Ninh Bình,117,11311,Huy?n Tr?c Ninh,65,11311065,Xã C? L?,,
515,06,T?nh Ninh Bình,117,11311,Huy?n Tr?c Ninh,66,11311066,Xã Ninh Giang,,
516,06,T?nh Ninh Bình,117,11311,Huy?n Tr?c Ninh,67,11311067,Xã Cát Thành,,
517,06,T?nh Ninh Bình,117,11311,Huy?n Tr?c Ninh,68,11311068,Xã Tr?c Ninh,,
518,06,T?nh Ninh Bình,117,11311,Huy?n Tr?c Ninh,69,11311069,Xã Quang H?ng,,
519,06,T?nh Ninh Bình,117,11311,Huy?n Tr?c Ninh,70,11311070,Xã Minh Thái,,
520,06,T?nh Ninh Bình,117,11311,Huy?n Tr?c Ninh,71,11311071,Xã Ninh C??ng,,
521,06,T?nh Ninh Bình,117,11313,Huy?n Xuân Tr??ng,72,11313072,Xã Xuân Tr??ng,,
522,06,T?nh Ninh Bình,117,11313,Huy?n Xuân Tr??ng,73,11313073,Xã Xuân H?ng,,
523,06,T?nh Ninh Bình,117,11313,Huy?n Xuân Tr??ng,74,11313074,Xã Xuân Giang,,
524,06,T?nh Ninh Bình,117,11313,Huy?n Xuân Tr??ng,75,11313075,Xã Xuân H?ng,,
525,06,T?nh Ninh Bình,117,11319,Huy?n H?i H?u,76,11319076,Xã H?i H?u,,
526,06,T?nh Ninh Bình,117,11319,Huy?n H?i H?u,77,11319077,Xã H?i Anh,,
527,06,T?nh Ninh Bình,117,11319,Huy?n H?i H?u,78,11319078,Xã H?i Ti?n,,
528,06,T?nh Ninh Bình,117,11319,Huy?n H?i H?u,79,11319079,Xã H?i H?ng,,
529,06,T?nh Ninh Bình,117,11319,Huy?n H?i H?u,80,11319080,Xã H?i An,,
530,06,T?nh Ninh Bình,117,11319,Huy?n H?i H?u,81,11319081,Xã H?i Quang,,
531,06,T?nh Ninh Bình,117,11319,Huy?n H?i H?u,82,11319082,Xã H?i Xuân,,
532,06,T?nh Ninh Bình,117,11319,Huy?n H?i H?u,83,11319083,Xã H?i Th?nh,,
533,06,T?nh Ninh Bình,117,11315,Huy?n Giao Thu?,84,11315084,Xã Giao Minh,,
534,06,T?nh Ninh Bình,117,11315,Huy?n Giao Thu?,85,11315085,Xã Giao Hoà,,
535,06,T?nh Ninh Bình,117,11315,Huy?n Giao Thu?,86,11315086,Xã Giao Thu?,,
536,06,T?nh Ninh Bình,117,11315,Huy?n Giao Thu?,87,11315087,Xã Giao Phúc,,
537,06,T?nh Ninh Bình,117,11315,Huy?n Giao Thu?,88,11315088,Xã Giao H?ng,,
538,06,T?nh Ninh Bình,117,11315,Huy?n Giao Thu?,89,11315089,Xã Giao Bình,,
539,06,T?nh Ninh Bình,117,11315,Huy?n Giao Thu?,90,11315090,Xã Giao Ninh,,
540,06,T?nh Ninh Bình,117,11317,Huy?n Ngh?a H?ng,91,11317091,Xã ??ng Th?nh,,
541,06,T?nh Ninh Bình,117,11317,Huy?n Ngh?a H?ng,92,11317092,Xã Ngh?a H?ng,,
542,06,T?nh Ninh Bình,117,11317,Huy?n Ngh?a H?ng,93,11317093,Xã Ngh?a S?n,,
543,06,T?nh Ninh Bình,117,11317,Huy?n Ngh?a H?ng,94,11317094,Xã H?ng Phong,,
544,06,T?nh Ninh Bình,117,11317,Huy?n Ngh?a H?ng,95,11317095,Xã Qu? Nh?t,,
545,06,T?nh Ninh Bình,117,11317,Huy?n Ngh?a H?ng,96,11317096,Xã Ngh?a Lâm,,
546,06,T?nh Ninh Bình,117,11317,Huy?n Ngh?a H?ng,97,11317097,Xã R?ng ?ông,,
619,06,T?nh Ninh Bình,117,11709,Thành ph? Hoa L?,98,11709098,Ph??ng Tây Hoa L?,,
620,06,T?nh Ninh Bình,117,11709,Thành ph? Hoa L?,99,11709099,Ph??ng Hoa L?,,
621,06,T?nh Ninh Bình,117,11709,Thành ph? Hoa L?,100,11709100,Ph??ng Nam Hoa L?,,
622,06,T?nh Ninh Bình,117,11713,Huy?n Yên Khánh,101,11713101,Ph??ng ?ông Hoa L?,,
623,06,T?nh Ninh Bình,117,11703,Thành ph? Tam ?i?p,102,11703102,Ph??ng Tam ?i?p,,
624,06,T?nh Ninh Bình,117,11703,Thành ph? Tam ?i?p,103,11703103,Ph??ng Yên S?n,,
625,06,T?nh Ninh Bình,117,11703,Thành ph? Tam ?i?p,104,11703104,Ph??ng Trung S?n,,
626,06,T?nh Ninh Bình,117,11703,Thành ph? Tam ?i?p,105,11703105,Ph??ng Yên Th?ng,,
572,06,T?nh Ninh Bình,117,11101,Thành ph? Ph? Lý,106,11101106,Ph??ng Hà Nam,,
573,06,T?nh Ninh Bình,117,11101,Thành ph? Ph? Lý,107,11101107,Ph??ng Ph? Lý,,
574,06,T?nh Ninh Bình,117,11101,Thành ph? Ph? Lý,108,11101108,Ph??ng Phù Vân,,
575,06,T?nh Ninh Bình,117,11101,Thành ph? Ph? Lý,109,11101109,Ph??ng Châu S?n,,
576,06,T?nh Ninh Bình,117,11101,Thành ph? Ph? Lý,110,11101110,Ph??ng Liêm Tuy?n,,
577,06,T?nh Ninh Bình,117,11103,Th? xã Duy Tiên,111,11103111,Ph??ng Duy Tiên,,
578,06,T?nh Ninh Bình,117,11103,Th? xã Duy Tiên,112,11103112,Ph??ng Duy Tân,,
579,06,T?nh Ninh Bình,117,11103,Th? xã Duy Tiên,113,11103113,Ph??ng ??ng V?n,,
580,06,T?nh Ninh Bình,117,11103,Th? xã Duy Tiên,114,11103114,Ph??ng Duy Hà,,
581,06,T?nh Ninh Bình,117,11103,Th? xã Duy Tiên,115,11103115,Ph??ng Tiên S?n,,
582,06,T?nh Ninh Bình,117,11105,Th? xã Kim B?ng,116,11105116,Ph??ng Lê H?,,
583,06,T?nh Ninh Bình,117,11105,Th? xã Kim B?ng,117,11105117,Ph??ng Nguy?n Úy,,
584,06,T?nh Ninh Bình,117,11105,Th? xã Kim B?ng,118,11105118,Ph??ng Lý Th??ng Ki?t,,
585,06,T?nh Ninh Bình,117,11105,Th? xã Kim B?ng,119,11105119,Ph??ng Kim Thanh,,
586,06,T?nh Ninh Bình,117,11105,Th? xã Kim B?ng,120,11105120,Ph??ng Tam Chúc,,
587,06,T?nh Ninh Bình,117,11105,Th? xã Kim B?ng,121,11105121,Ph??ng Kim B?ng,,
547,06,T?nh Ninh Bình,117,11301,Thành ph? Nam ??nh,122,11301122,Ph??ng Nam ??nh,,
548,06,T?nh Ninh Bình,117,11301,Thành ph? Nam ??nh,123,11301123,Ph??ng Thiên Tr??ng,,
549,06,T?nh Ninh Bình,117,11301,Thành ph? Nam ??nh,124,11301124,Ph??ng ?ông A,,
550,06,T?nh Ninh Bình,117,11301,Thành ph? Nam ??nh,125,11301125,Ph??ng V? Khê,,
551,06,T?nh Ninh Bình,117,11301,Thành ph? Nam ??nh,126,11301126,Ph??ng Thành Nam,,
552,06,T?nh Ninh Bình,117,11301,Thành ph? Nam ??nh,127,11301127,Ph??ng Tr??ng Thi,,
553,06,T?nh Ninh Bình,117,11309,Huy?n Nam Tr?c,128,11309128,Ph??ng H?ng Quang,,
554,06,T?nh Ninh Bình,117,11301,Thành ph? Nam ??nh,129,11301129,Ph??ng M? L?c,,
627,07,T?nh Cao B?ng,203,20301,Thành ph? Cao B?ng,1,20301001,Ph??ng Th?c Phán,,
628,07,T?nh Cao B?ng,203,20301,Thành ph? Cao B?ng,2,20301002,Ph??ng Nùng Trí Cao,,
629,07,T?nh Cao B?ng,203,20301,Thành ph? Cao B?ng,3,20301003,Ph??ng Tân Giang,,
630,07,T?nh Cao B?ng,203,20323,Huy?n B?o Lâm,4,20323004,Xã Qu?ng Lâm,,
631,07,T?nh Cao B?ng,203,20323,Huy?n B?o Lâm,5,20323005,Xã Nam Quang,,
632,07,T?nh Cao B?ng,203,20323,Huy?n B?o Lâm,6,20323006,Xã Lý Bôn,,
633,07,T?nh Cao B?ng,203,20323,Huy?n B?o Lâm,7,20323007,Xã B?o Lâm,,
634,07,T?nh Cao B?ng,203,20323,Huy?n B?o Lâm,8,20323008,Xã Yên Th?,,
635,07,T?nh Cao B?ng,203,20303,Huy?n B?o L?c,9,20303009,Xã S?n L?,,
636,07,T?nh Cao B?ng,203,20303,Huy?n B?o L?c,10,20303010,Xã H?ng ??o,,
637,07,T?nh Cao B?ng,203,20303,Huy?n B?o L?c,11,20303011,Xã B?o L?c,,
638,07,T?nh Cao B?ng,203,20303,Huy?n B?o L?c,12,20303012,Xã C?c Pàng,,
639,07,T?nh Cao B?ng,203,20303,Huy?n B?o L?c,13,20303013,Xã Cô Ba,,
640,07,T?nh Cao B?ng,203,20303,Huy?n B?o L?c,14,20303014,Xã Khánh Xuân,,
641,07,T?nh Cao B?ng,203,20303,Huy?n B?o L?c,15,20303015,Xã Xuân Tr??ng,,
642,07,T?nh Cao B?ng,203,20303,Huy?n B?o L?c,16,20303016,Xã Huy Giáp,,
643,07,T?nh Cao B?ng,203,20313,Huy?n Nguyên Bình,17,20313017,Xã Ca Thành,,
644,07,T?nh Cao B?ng,203,20313,Huy?n Nguyên Bình,18,20313018,Xã Phan Thanh,,
645,07,T?nh Cao B?ng,203,20313,Huy?n Nguyên Bình,19,20313019,Xã Thành Công,,
646,07,T?nh Cao B?ng,203,20313,Huy?n Nguyên Bình,20,20313020,Xã T?nh Túc,,
647,07,T?nh Cao B?ng,203,20313,Huy?n Nguyên Bình,21,20313021,Xã Tam Kim,,
648,07,T?nh Cao B?ng,203,20313,Huy?n Nguyên Bình,22,20313022,Xã Nguyên Bình,,
649,07,T?nh Cao B?ng,203,20313,Huy?n Nguyên Bình,23,20313023,Xã Minh Tâm,,
650,07,T?nh Cao B?ng,203,20305,Huy?n Hà Qu?ng,24,20305024,Xã Thanh Long,,
651,07,T?nh Cao B?ng,203,20305,Huy?n Hà Qu?ng,25,20305025,Xã C?n Yên,,
652,07,T?nh Cao B?ng,203,20305,Huy?n Hà Qu?ng,26,20305026,Xã Thông Nông,,
653,07,T?nh Cao B?ng,203,20305,Huy?n Hà Qu?ng,27,20305027,Xã Tr??ng Hà,,
654,07,T?nh Cao B?ng,203,20305,Huy?n Hà Qu?ng,28,20305028,Xã Hà Qu?ng,,
655,07,T?nh Cao B?ng,203,20305,Huy?n Hà Qu?ng,29,20305029,Xã L?ng N?m,,
656,07,T?nh Cao B?ng,203,20305,Huy?n Hà Qu?ng,30,20305030,Xã T?ng C?t,,
657,07,T?nh Cao B?ng,203,20315,Huy?n Hoà An,31,20315031,Xã Nam Tu?n,,
658,07,T?nh Cao B?ng,203,20315,Huy?n Hoà An,32,20315032,Xã Hoà An,,
659,07,T?nh Cao B?ng,203,20315,Huy?n Hoà An,33,20315033,Xã B?ch ??ng,,
660,07,T?nh Cao B?ng,203,20315,Huy?n Hoà An,34,20315034,Xã Nguy?n Hu?,,
661,07,T?nh Cao B?ng,203,20321,Huy?n Th?ch An,35,20321035,Xã Minh Khai,,
662,07,T?nh Cao B?ng,203,20321,Huy?n Th?ch An,36,20321036,Xã Canh Tân,,
663,07,T?nh Cao B?ng,203,20321,Huy?n Th?ch An,37,20321037,Xã Kim ??ng,,
664,07,T?nh Cao B?ng,203,20321,Huy?n Th?ch An,38,20321038,Xã Th?ch An,,
665,07,T?nh Cao B?ng,203,20321,Huy?n Th?ch An,39,20321039,Xã ?ông Khê,,
666,07,T?nh Cao B?ng,203,20321,Huy?n Th?ch An,40,20321040,Xã ??c Long,,
667,07,T?nh Cao B?ng,203,20317,Huy?n Qu?ng Hòa,41,20317041,Xã Ph?c Hoà,,
668,07,T?nh Cao B?ng,203,20317,Huy?n Qu?ng Hòa,42,20317042,Xã B? V?n ?àn,,
669,07,T?nh Cao B?ng,203,20317,Huy?n Qu?ng Hòa,43,20317043,Xã ??c L?p,,
670,07,T?nh Cao B?ng,203,20317,Huy?n Qu?ng Hòa,44,20317044,Xã Qu?ng Uyên,,
671,07,T?nh Cao B?ng,203,20317,Huy?n Qu?ng Hòa,45,20317045,Xã H?nh Phúc,,
672,07,T?nh Cao B?ng,203,20311,Huy?n Trùng Khánh,46,20311046,Xã Quang Hán,,
673,07,T?nh Cao B?ng,203,20311,Huy?n Trùng Khánh,47,20311047,Xã Trà L?nh,,
674,07,T?nh Cao B?ng,203,20311,Huy?n Trùng Khánh,48,20311048,Xã Quang Trung,,
675,07,T?nh Cao B?ng,203,20311,Huy?n Trùng Khánh,49,20311049,Xã ?oài D??ng,,
676,07,T?nh Cao B?ng,203,20311,Huy?n Trùng Khánh,50,20311050,Xã Trùng Khánh,,
677,07,T?nh Cao B?ng,203,20311,Huy?n Trùng Khánh,51,20311051,Xã ?àm Thu?,,
678,07,T?nh Cao B?ng,203,20311,Huy?n Trùng Khánh,52,20311052,Xã ?ình Phong,,
679,07,T?nh Cao B?ng,203,20319,Huy?n H? Lang,53,20319053,Xã Lý Qu?c,,
680,07,T?nh Cao B?ng,203,20319,Huy?n H? Lang,54,20319054,Xã H? Lang,,
681,07,T?nh Cao B?ng,203,20319,Huy?n H? Lang,55,20319055,Xã Vinh Quý,,
682,07,T?nh Cao B?ng,203,20319,Huy?n H? Lang,56,20319056,Xã Quang Long,,
683,08,T?nh Tuyên Quang,211,21113,Huy?n Lâm Bình,1,21113001,Xã Th??ng Lâm,,
684,08,T?nh Tuyên Quang,211,21113,Huy?n Lâm Bình,2,21113002,Xã Lâm Bình,,
685,08,T?nh Tuyên Quang,211,21113,Huy?n Lâm Bình,3,21113003,Xã Minh Quang,,
686,08,T?nh Tuyên Quang,211,21113,Huy?n Lâm Bình,4,21113004,Xã Bình An,,
687,08,T?nh Tuyên Quang,211,21103,Huy?n Na Hang,5,21103005,Xã Côn Lôn,,
688,08,T?nh Tuyên Quang,211,21103,Huy?n Na Hang,6,21103006,Xã Yên Hoa,,
689,08,T?nh Tuyên Quang,211,21103,Huy?n Na Hang,7,21103007,Xã Th??ng Nông,,
690,08,T?nh Tuyên Quang,211,21103,Huy?n Na Hang,8,21103008,Xã H?ng Thái,,
691,08,T?nh Tuyên Quang,211,21103,Huy?n Na Hang,9,21103009,Xã Nà Hang,,
692,08,T?nh Tuyên Quang,211,21105,Huy?n Chiêm Hoá,10,21105010,Xã Tân M?,,
693,08,T?nh Tuyên Quang,211,21105,Huy?n Chiêm Hoá,11,21105011,Xã Yên L?p,,
694,08,T?nh Tuyên Quang,211,21105,Huy?n Chiêm Hoá,12,21105012,Xã Tân An,,
695,08,T?nh Tuyên Quang,211,21105,Huy?n Chiêm Hoá,13,21105013,Xã Chiêm Hoá,,
696,08,T?nh Tuyên Quang,211,21105,Huy?n Chiêm Hoá,14,21105014,Xã Hoà An,,
697,08,T?nh Tuyên Quang,211,21105,Huy?n Chiêm Hoá,15,21105015,Xã Kiên ?ài,,
698,08,T?nh Tuyên Quang,211,21105,Huy?n Chiêm Hoá,16,21105016,Xã Tri Phú,,
699,08,T?nh Tuyên Quang,211,21105,Huy?n Chiêm Hoá,17,21105017,Xã Kim Bình,,
700,08,T?nh Tuyên Quang,211,21105,Huy?n Chiêm Hoá,18,21105018,Xã Yên Nguyên,,
701,08,T?nh Tuyên Quang,211,21105,Huy?n Chiêm Hoá,19,21105019,Xã Trung Hà,,
702,08,T?nh Tuyên Quang,211,21107,Huy?n Hàm Yên,20,21107020,Xã Yên Phú,,
703,08,T?nh Tuyên Quang,211,21107,Huy?n Hàm Yên,21,21107021,Xã B?ch Xa,,
704,08,T?nh Tuyên Quang,211,21107,Huy?n Hàm Yên,22,21107022,Xã Phù L?u,,
705,08,T?nh Tuyên Quang,211,21107,Huy?n Hàm Yên,23,21107023,Xã Hàm Yên,,
706,08,T?nh Tuyên Quang,211,21107,Huy?n Hàm Yên,24,21107024,Xã Bình Xa,,
707,08,T?nh Tuyên Quang,211,21107,Huy?n Hàm Yên,25,21107025,Xã Thái S?n,,
708,08,T?nh Tuyên Quang,211,21107,Huy?n Hàm Yên,26,21107026,Xã Thái Hoà,,
709,08,T?nh Tuyên Quang,211,21107,Huy?n Hàm Yên,27,21107027,Xã Hùng ??c,,
710,08,T?nh Tuyên Quang,211,21109,Huy?n Yên S?n,28,21109028,Xã Hùng L?i,,
711,08,T?nh Tuyên Quang,211,21109,Huy?n Yên S?n,29,21109029,Xã Trung S?n,,
712,08,T?nh Tuyên Quang,211,21109,Huy?n Yên S?n,30,21109030,Xã Thái Bình,,
713,08,T?nh Tuyên Quang,211,21109,Huy?n Yên S?n,31,21109031,Xã Tân Long,,
714,08,T?nh Tuyên Quang,211,21109,Huy?n Yên S?n,32,21109032,Xã Xuân Vân,,
715,08,T?nh Tuyên Quang,211,21109,Huy?n Yên S?n,33,21109033,Xã L?c Hành,,
716,08,T?nh Tuyên Quang,211,21109,Huy?n Yên S?n,34,21109034,Xã Yên S?n,,
717,08,T?nh Tuyên Quang,211,21109,Huy?n Yên S?n,35,21109035,Xã Nh? Khê,,
718,08,T?nh Tuyên Quang,211,21109,Huy?n Yên S?n,36,21109036,Xã Ki?n Thi?t,,
719,08,T?nh Tuyên Quang,211,21111,Huy?n S?n D??ng,37,21111037,Xã Tân Trào,,
720,08,T?nh Tuyên Quang,211,21111,Huy?n S?n D??ng,38,21111038,Xã Minh Thanh,,
721,08,T?nh Tuyên Quang,211,21111,Huy?n S?n D??ng,39,21111039,Xã S?n D??ng,,
722,08,T?nh Tuyên Quang,211,21111,Huy?n S?n D??ng,40,21111040,Xã Bình Ca,,
723,08,T?nh Tuyên Quang,211,21111,Huy?n S?n D??ng,41,21111041,Xã Tân Thanh,,
724,08,T?nh Tuyên Quang,211,21111,Huy?n S?n D??ng,42,21111042,Xã S?n Thu?,,
725,08,T?nh Tuyên Quang,211,21111,Huy?n S?n D??ng,43,21111043,Xã Phú L??ng,,
726,08,T?nh Tuyên Quang,211,21111,Huy?n S?n D??ng,44,21111044,Xã Tr??ng Sinh,,
727,08,T?nh Tuyên Quang,211,21111,Huy?n S?n D??ng,45,21111045,Xã H?ng S?n,,
728,08,T?nh Tuyên Quang,211,21111,Huy?n S?n D??ng,46,21111046,Xã ?ông Th?,,
729,08,T?nh Tuyên Quang,211,21101,Thành ph? Tuyên Quang,47,21101047,Ph??ng M? Lâm,,
730,08,T?nh Tuyên Quang,211,21101,Thành ph? Tuyên Quang,48,21101048,Ph??ng Minh Xuân,,
731,08,T?nh Tuyên Quang,211,21101,Thành ph? Tuyên Quang,49,21101049,Ph??ng Nông Ti?n,,
732,08,T?nh Tuyên Quang,211,21101,Thành ph? Tuyên Quang,50,21101050,Ph??ng An T??ng,,
733,08,T?nh Tuyên Quang,211,21101,Thành ph? Tuyên Quang,51,21101051,Ph??ng Bình Thu?n,,
734,08,T?nh Tuyên Quang,211,20103,Huy?n ??ng V?n,52,20103052,Xã L?ng Cú,,
735,08,T?nh Tuyên Quang,211,20103,Huy?n ??ng V?n,53,20103053,Xã ??ng V?n,,
736,08,T?nh Tuyên Quang,211,20103,Huy?n ??ng V?n,54,20103054,Xã Sà Phìn,,
737,08,T?nh Tuyên Quang,211,20103,Huy?n ??ng V?n,55,20103055,Xã Ph? B?ng,,
738,08,T?nh Tuyên Quang,211,20103,Huy?n ??ng V?n,56,20103056,Xã L?ng Phìn,,
739,08,T?nh Tuyên Quang,211,20105,Huy?n Mèo V?c,57,20105057,Xã S?ng Máng,,
740,08,T?nh Tuyên Quang,211,20105,Huy?n Mèo V?c,58,20105058,Xã S?n V?,,
741,08,T?nh Tuyên Quang,211,20105,Huy?n Mèo V?c,59,20105059,Xã Mèo V?c,,
742,08,T?nh Tuyên Quang,211,20105,Huy?n Mèo V?c,60,20105060,Xã Khâu Vai,,
743,08,T?nh Tuyên Quang,211,20105,Huy?n Mèo V?c,61,20105061,Xã Niêm S?n,,
744,08,T?nh Tuyên Quang,211,20105,Huy?n Mèo V?c,62,20105062,Xã Tát Ngà,,
745,08,T?nh Tuyên Quang,211,20107,Huy?n Yên Minh,63,20107063,Xã Th?ng M?,,
746,08,T?nh Tuyên Quang,211,20107,Huy?n Yên Minh,64,20107064,Xã B?ch ?ích,,
747,08,T?nh Tuyên Quang,211,20107,Huy?n Yên Minh,65,20107065,Xã Yên Minh,,
748,08,T?nh Tuyên Quang,211,20107,Huy?n Yên Minh,66,20107066,Xã M?u Du?,,
749,08,T?nh Tuyên Quang,211,20107,Huy?n Yên Minh,67,20107067,Xã Ng?c Long,,
750,08,T?nh Tuyên Quang,211,20107,Huy?n Yên Minh,68,20107068,Xã Du Già,,
751,08,T?nh Tuyên Quang,211,20107,Huy?n Yên Minh,69,20107069,Xã ???ng Th??ng,,
752,08,T?nh Tuyên Quang,211,20109,Huy?n Qu?n B?,70,20109070,Xã Lùng Tám,,
753,08,T?nh Tuyên Quang,211,20109,Huy?n Qu?n B?,71,20109071,Xã Cán T?,,
754,08,T?nh Tuyên Quang,211,20109,Huy?n Qu?n B?,72,20109072,Xã Ngh?a Thu?n,,
755,08,T?nh Tuyên Quang,211,20109,Huy?n Qu?n B?,73,20109073,Xã Qu?n B?,,
756,08,T?nh Tuyên Quang,211,20109,Huy?n Qu?n B?,74,20109074,Xã Tùng Vài,,
757,08,T?nh Tuyên Quang,211,20111,Huy?n B?c Mê,75,20111075,Xã Yên C??ng,,
758,08,T?nh Tuyên Quang,211,20111,Huy?n B?c Mê,76,20111076,Xã ???ng H?ng,,
759,08,T?nh Tuyên Quang,211,20111,Huy?n B?c Mê,77,20111077,Xã B?c Mê,,
760,08,T?nh Tuyên Quang,211,20111,Huy?n B?c Mê,78,20111078,Xã Giáp Trung,,
761,08,T?nh Tuyên Quang,211,20111,Huy?n B?c Mê,79,20111079,Xã Minh S?n,,
762,08,T?nh Tuyên Quang,211,20111,Huy?n B?c Mê,80,20111080,Xã Minh Ng?c,,
763,08,T?nh Tuyên Quang,211,20101,Thành ph? Hà Giang,81,20101081,Xã Ng?c ???ng,,
764,08,T?nh Tuyên Quang,211,20101,Thành ph? Hà Giang,82,20101082,Ph??ng Hà Giang 1,,
765,08,T?nh Tuyên Quang,211,20101,Thành ph? Hà Giang,83,20101083,Ph??ng Hà Giang 2,,
766,08,T?nh Tuyên Quang,211,20115,Huy?n V? Xuyên,84,20115084,Xã Lao Ch?i,,
767,08,T?nh Tuyên Quang,211,20115,Huy?n V? Xuyên,85,20115085,Xã Thanh Thu?,,
768,08,T?nh Tuyên Quang,211,20115,Huy?n V? Xuyên,86,20115086,Xã Minh Tân,,
769,08,T?nh Tuyên Quang,211,20115,Huy?n V? Xuyên,87,20115087,Xã Thu?n Hoà,,
770,08,T?nh Tuyên Quang,211,20115,Huy?n V? Xuyên,88,20115088,Xã Tùng Bá,,
771,08,T?nh Tuyên Quang,211,20115,Huy?n V? Xuyên,89,20115089,Xã Phú Linh,,
772,08,T?nh Tuyên Quang,211,20115,Huy?n V? Xuyên,90,20115090,Xã Linh H?,,
773,08,T?nh Tuyên Quang,211,20115,Huy?n V? Xuyên,91,20115091,Xã B?ch Ng?c,,
774,08,T?nh Tuyên Quang,211,20115,Huy?n V? Xuyên,92,20115092,Xã V? Xuyên,,
775,08,T?nh Tuyên Quang,211,20115,Huy?n V? Xuyên,93,20115093,Xã Vi?t Lâm,,
776,08,T?nh Tuyên Quang,211,20115,Huy?n V? Xuyên,94,20115094,Xã Cao B?,,
777,08,T?nh Tuyên Quang,211,20115,Huy?n V? Xuyên,95,20115095,Xã Th??ng S?n,,
778,08,T?nh Tuyên Quang,211,20119,Huy?n B?c Quang,96,20119096,Xã Tân Quang,,
779,08,T?nh Tuyên Quang,211,20119,Huy?n B?c Quang,97,20119097,Xã ??ng Tâm,,
780,08,T?nh Tuyên Quang,211,20119,Huy?n B?c Quang,98,20119098,Xã Liên Hi?p,,
781,08,T?nh Tuyên Quang,211,20119,Huy?n B?c Quang,99,20119099,Xã B?ng Hành,,
782,08,T?nh Tuyên Quang,211,20119,Huy?n B?c Quang,100,20119100,Xã B?c Quang,,
783,08,T?nh Tuyên Quang,211,20119,Huy?n B?c Quang,101,20119101,Xã Hùng An,,
784,08,T?nh Tuyên Quang,211,20119,Huy?n B?c Quang,102,20119102,Xã V?nh Tuy,,
785,08,T?nh Tuyên Quang,211,20119,Huy?n B?c Quang,103,20119103,Xã ??ng Yên,,
786,08,T?nh Tuyên Quang,211,20118,Huy?n Quang Bình,104,20118104,Xã Tiên Yên,,
787,08,T?nh Tuyên Quang,211,20118,Huy?n Quang Bình,105,20118105,Xã Xuân Giang,,
788,08,T?nh Tuyên Quang,211,20118,Huy?n Quang Bình,106,20118106,Xã B?ng Lang,,
789,08,T?nh Tuyên Quang,211,20118,Huy?n Quang Bình,107,20118107,Xã Yên Thành,,
790,08,T?nh Tuyên Quang,211,20118,Huy?n Quang Bình,108,20118108,Xã Quang Bình,,
791,08,T?nh Tuyên Quang,211,20118,Huy?n Quang Bình,109,20118109,Xã Tân Tr?nh,,
792,08,T?nh Tuyên Quang,211,20118,Huy?n Quang Bình,110,20118110,Xã Tiên Nguyên,,
793,08,T?nh Tuyên Quang,211,20113,Huy?n Hoàng Su Phì,111,20113111,Xã Thông Nguyên,,
794,08,T?nh Tuyên Quang,211,20113,Huy?n Hoàng Su Phì,112,20113112,Xã H? Th?u,,
795,08,T?nh Tuyên Quang,211,20113,Huy?n Hoàng Su Phì,113,20113113,Xã N?m D?ch,,
796,08,T?nh Tuyên Quang,211,20113,Huy?n Hoàng Su Phì,114,20113114,Xã Tân Ti?n,,
797,08,T?nh Tuyên Quang,211,20113,Huy?n Hoàng Su Phì,115,20113115,Xã Hoàng Su Phì,,
798,08,T?nh Tuyên Quang,211,20113,Huy?n Hoàng Su Phì,116,20113116,Xã Thàng Tín,,
799,08,T?nh Tuyên Quang,211,20113,Huy?n Hoàng Su Phì,117,20113117,Xã B?n Máy,,
800,08,T?nh Tuyên Quang,211,20113,Huy?n Hoàng Su Phì,118,20113118,Xã P? Ly Ngài,,
801,08,T?nh Tuyên Quang,211,20117,Huy?n Xín M?n,119,20117119,Xã Xín M?n,,
802,08,T?nh Tuyên Quang,211,20117,Huy?n Xín M?n,120,20117120,Xã Pà V?y S?,,
803,08,T?nh Tuyên Quang,211,20117,Huy?n Xín M?n,121,20117121,Xã N?m D?n,,
804,08,T?nh Tuyên Quang,211,20117,Huy?n Xín M?n,122,20117122,Xã Trung Th?nh,,
805,08,T?nh Tuyên Quang,211,20117,Huy?n Xín M?n,123,20117123,Xã Qu?ng Nguyên,,
806,08,T?nh Tuyên Quang,211,20117,Huy?n Xín M?n,124,20117124,Xã Khuôn Lùng,,
807,09,T?nh Lào Cai,205,21309,Huy?n Mù Cang Ch?i,1,21309001,Xã Khao Mang,,
808,09,T?nh Lào Cai,205,21309,Huy?n Mù Cang Ch?i,2,21309002,Xã Mù Cang Ch?i,,
809,09,T?nh Lào Cai,205,21309,Huy?n Mù Cang Ch?i,3,21309003,Xã Púng Luông,,
810,09,T?nh Lào Cai,205,21315,Huy?n V?n Ch?n,4,21315004,Xã Tú L?,,
811,09,T?nh Lào Cai,205,21317,Huy?n Tr?m T?u,5,21317005,Xã Tr?m T?u,,
812,09,T?nh Lào Cai,205,21317,Huy?n Tr?m T?u,6,21317006,Xã H?nh Phúc,,
813,09,T?nh Lào Cai,205,21317,Huy?n Tr?m T?u,7,21317007,Xã Phình H?,,
814,09,T?nh Lào Cai,205,21303,Th? xã Ngh?a L?,8,21303008,Ph??ng Ngh?a L?,,
815,09,T?nh Lào Cai,205,21303,Th? xã Ngh?a L?,9,21303009,Ph??ng Trung Tâm,,
816,09,T?nh Lào Cai,205,21303,Th? xã Ngh?a L?,10,21303010,Ph??ng C?u Thia,,
817,09,T?nh Lào Cai,205,21303,Th? xã Ngh?a L?,11,21303011,Xã Liên S?n,,
818,09,T?nh Lào Cai,205,21315,Huy?n V?n Ch?n,12,21315012,Xã Gia H?i,,
819,09,T?nh Lào Cai,205,21315,Huy?n V?n Ch?n,13,21315013,Xã S?n L??ng,,
820,09,T?nh Lào Cai,205,21315,Huy?n V?n Ch?n,14,21315014,Xã Th??ng B?ng La,,
821,09,T?nh Lào Cai,205,21315,Huy?n V?n Ch?n,15,21315015,Xã Ch?n Th?nh,,
822,09,T?nh Lào Cai,205,21315,Huy?n V?n Ch?n,16,21315016,Xã Ngh?a Tâm,,
823,09,T?nh Lào Cai,205,21315,Huy?n V?n Ch?n,17,21315017,Xã V?n Ch?n,,
824,09,T?nh Lào Cai,205,21307,Huy?n V?n Yên,18,21307018,Xã Phong D? H?,,
825,09,T?nh Lào Cai,205,21307,Huy?n V?n Yên,19,21307019,Xã Châu Qu?,,
826,09,T?nh Lào Cai,205,21307,Huy?n V?n Yên,20,21307020,Xã Lâm Giang,,
827,09,T?nh Lào Cai,205,21307,Huy?n V?n Yên,21,21307021,Xã ?ông Cuông,,
828,09,T?nh Lào Cai,205,21307,Huy?n V?n Yên,22,21307022,Xã Tân H?p,,
829,09,T?nh Lào Cai,205,21307,Huy?n V?n Yên,23,21307023,Xã M?u A,,
830,09,T?nh Lào Cai,205,21307,Huy?n V?n Yên,24,21307024,Xã Xuân Ái,,
831,09,T?nh Lào Cai,205,21307,Huy?n V?n Yên,25,21307025,Xã Mo? Vàng,,
832,09,T?nh Lào Cai,205,21305,Huy?n L?c Yên,26,21305026,Xã Lâm Th??ng,,
833,09,T?nh Lào Cai,205,21305,Huy?n L?c Yên,27,21305027,Xã L?c Yên,,
834,09,T?nh Lào Cai,205,21305,Huy?n L?c Yên,28,21305028,Xã Tân L?nh,,
835,09,T?nh Lào Cai,205,21305,Huy?n L?c Yên,29,21305029,Xã Khánh Hoà,,
836,09,T?nh Lào Cai,205,21305,Huy?n L?c Yên,30,21305030,Xã Phúc L?i,,
837,09,T?nh Lào Cai,205,21305,Huy?n L?c Yên,31,21305031,Xã M??ng Lai,,
838,09,T?nh Lào Cai,205,21313,Huy?n Yên Bình,32,21313032,Xã C?m Nhân,,
839,09,T?nh Lào Cai,205,21313,Huy?n Yên Bình,33,21313033,Xã Yên Thành,,
840,09,T?nh Lào Cai,205,21313,Huy?n Yên Bình,34,21313034,Xã Thác Bà,,
841,09,T?nh Lào Cai,205,21313,Huy?n Yên Bình,35,21313035,Xã Yên Bình,,
842,09,T?nh Lào Cai,205,21313,Huy?n Yên Bình,36,21313036,Xã B?o Ái,,
843,09,T?nh Lào Cai,205,21301,Thành ph? Yên Bái,37,21301037,Ph??ng V?n Phú,,
844,09,T?nh Lào Cai,205,21301,Thành ph? Yên Bái,38,21301038,Ph??ng Yên Bái,,
845,09,T?nh Lào Cai,205,21301,Thành ph? Yên Bái,39,21301039,Ph??ng Nam C??ng,,
846,09,T?nh Lào Cai,205,21301,Thành ph? Yên Bái,40,21301040,Ph??ng Âu Lâu,,
847,09,T?nh Lào Cai,205,21311,Huy?n Tr?n Yên,41,21311041,Xã Tr?n Yên,,
848,09,T?nh Lào Cai,205,21311,Huy?n Tr?n Yên,42,21311042,Xã H?ng Khánh,,
849,09,T?nh Lào Cai,205,21311,Huy?n Tr?n Yên,43,21311043,Xã L??ng Th?nh,,
850,09,T?nh Lào Cai,205,21311,Huy?n Tr?n Yên,44,21311044,Xã Vi?t H?ng,,
851,09,T?nh Lào Cai,205,21311,Huy?n Tr?n Yên,45,21311045,Xã Quy Mông,,
858,09,T?nh Lào Cai,205,20511,Huy?n B?o Th?ng,46,20511046,Xã Phong H?i,,
859,09,T?nh Lào Cai,205,20511,Huy?n B?o Th?ng,47,20511047,Xã Xuân Quang,,
860,09,T?nh Lào Cai,205,20511,Huy?n B?o Th?ng,48,20511048,Xã B?o Th?ng,,
861,09,T?nh Lào Cai,205,20511,Huy?n B?o Th?ng,49,20511049,Xã T?ng Lo?ong,,
862,09,T?nh Lào Cai,205,20511,Huy?n B?o Th?ng,50,20511050,Xã Gia Phú,,
863,09,T?nh Lào Cai,205,20501,Thành ph? Lào Cai,51,20501051,Xã C?c San,,
864,09,T?nh Lào Cai,205,20501,Thành ph? Lào Cai,52,20501052,Xã H?p Thành,,
865,09,T?nh Lào Cai,205,20501,Thành ph? Lào Cai,53,20501053,Ph??ng Cam ???ng,,
866,09,T?nh Lào Cai,205,20501,Thành ph? Lào Cai,54,20501054,Ph??ng Lào Cai,,
867,09,T?nh Lào Cai,205,20507,Huy?n Bát Xát,55,20507055,Xã M??ng Hum,,
868,09,T?nh Lào Cai,205,20507,Huy?n Bát Xát,56,20507056,Xã D?n Sáng,,
869,09,T?nh Lào Cai,205,20507,Huy?n Bát Xát,57,20507057,Xã Y Tý,,
870,09,T?nh Lào Cai,205,20507,Huy?n Bát Xát,58,20507058,Xã A Mú Sung,,
871,09,T?nh Lào Cai,205,20507,Huy?n Bát Xát,59,20507059,Xã Tr?nh T??ng,,
872,09,T?nh Lào Cai,205,20507,Huy?n Bát Xát,60,20507060,Xã B?n Xèo,,
873,09,T?nh Lào Cai,205,20507,Huy?n Bát Xát,61,20507061,Xã Bát Xát,,
874,09,T?nh Lào Cai,205,20515,Huy?n B?o Yên,62,20515062,Xã Ngh?a ?ô,,
875,09,T?nh Lào Cai,205,20515,Huy?n B?o Yên,63,20515063,Xã Th??ng Hà,,
876,09,T?nh Lào Cai,205,20515,Huy?n B?o Yên,64,20515064,Xã B?o Yên,,
877,09,T?nh Lào Cai,205,20515,Huy?n B?o Yên,65,20515065,Xã Xuân Hoà,,
878,09,T?nh Lào Cai,205,20515,Huy?n B?o Yên,66,20515066,Xã Phúc Khánh,,
879,09,T?nh Lào Cai,205,20515,Huy?n B?o Yên,67,20515067,Xã B?o Hà,,
880,09,T?nh Lào Cai,205,20519,Huy?n V?n Bàn,68,20519068,Xã Võ Lao,,
881,09,T?nh Lào Cai,205,20519,Huy?n V?n Bàn,69,20519069,Xã Khánh Yên,,
882,09,T?nh Lào Cai,205,20519,Huy?n V?n Bàn,70,20519070,Xã V?n Bàn,,
883,09,T?nh Lào Cai,205,20519,Huy?n V?n Bàn,71,20519071,Xã D??ng Qu?,,
884,09,T?nh Lào Cai,205,20519,Huy?n V?n Bàn,72,20519072,Xã Chi?ng Ken,,
885,09,T?nh Lào Cai,205,20519,Huy?n V?n Bàn,73,20519073,Xã Minh L??ng,,
886,09,T?nh Lào Cai,205,20519,Huy?n V?n Bàn,74,20519074,Xã N?m Chày,,
887,09,T?nh Lào Cai,205,20513,Th? xã Sa Pa,75,20513075,Xã M??ng Bo,,
888,09,T?nh Lào Cai,205,20513,Th? xã Sa Pa,76,20513076,Xã B?n H?,,
889,09,T?nh Lào Cai,205,20513,Th? xã Sa Pa,77,20513077,Xã T? Phìn,,
890,09,T?nh Lào Cai,205,20513,Th? xã Sa Pa,78,20513078,Xã T? Van,,
891,09,T?nh Lào Cai,205,20513,Th? xã Sa Pa,79,20513079,Ph??ng Sa Pa,,
892,09,T?nh Lào Cai,205,20509,Huy?n B?c Hà,80,20509080,Xã C?c L?u,,
893,09,T?nh Lào Cai,205,20509,Huy?n B?c Hà,81,20509081,Xã B?o Nhai,,
894,09,T?nh Lào Cai,205,20509,Huy?n B?c Hà,82,20509082,Xã B?n Li?n,,
895,09,T?nh Lào Cai,205,20509,Huy?n B?c Hà,83,20509083,Xã B?c Hà,,
896,09,T?nh Lào Cai,205,20509,Huy?n B?c Hà,84,20509084,Xã T? C? T?,,
897,09,T?nh Lào Cai,205,20509,Huy?n B?c Hà,85,20509085,Xã Lùng Phình,,
898,09,T?nh Lào Cai,205,20505,Huy?n M??ng Kh??ng,86,20505086,Xã Pha Long,,
899,09,T?nh Lào Cai,205,20505,Huy?n M??ng Kh??ng,87,20505087,Xã M??ng Kh??ng,,
900,09,T?nh Lào Cai,205,20505,Huy?n M??ng Kh??ng,88,20505088,Xã B?n L?u,,
901,09,T?nh Lào Cai,205,20505,Huy?n M??ng Kh??ng,89,20505089,Xã Cao S?n,,
902,09,T?nh Lào Cai,205,20521,Huy?n Si Ma Cai,90,20521090,Xã Si Ma Cai,,
903,09,T?nh Lào Cai,205,20521,Huy?n Si Ma Cai,91,20521091,Xã Sín Chéng,,
852,09,T?nh Lào Cai,205,21309,Huy?n Mù Cang Ch?i,92,21309092,Xã Lao Ch?i,,
853,09,T?nh Lào Cai,205,21309,Huy?n Mù Cang Ch?i,93,21309093,Xã Ch? T?o,,
854,09,T?nh Lào Cai,205,21309,Huy?n Mù Cang Ch?i,94,21309094,Xã N?m Có,,
855,09,T?nh Lào Cai,205,21317,Huy?n Tr?m T?u,95,21317095,Xã Tà Xi Láng,,
856,09,T?nh Lào Cai,205,21307,Huy?n V?n Yên,96,21307096,Xã Phong D? Th??ng,,
857,09,T?nh Lào Cai,205,21315,Huy?n V?n Ch?n,97,21315097,Xã Cát Th?nh,,
904,09,T?nh Lào Cai,205,20519,Huy?n V?n Bàn,98,20519098,Xã N?m Xé,,
905,09,T?nh Lào Cai,205,20513,Th? xã Sa Pa,99,20513099,Xã Ng? Ch? S?n,,
906,10,T?nh Thái Nguyên,215,21501,Thành ph? Thái Nguyên,1,21501001,Ph??ng Phan ?ình Phùng,,
907,10,T?nh Thái Nguyên,215,21501,Thành ph? Thái Nguyên,2,21501002,Ph??ng Linh S?n,,
908,10,T?nh Thái Nguyên,215,21501,Thành ph? Thái Nguyên,3,21501003,Ph??ng Tích L??ng,,
909,10,T?nh Thái Nguyên,215,21501,Thành ph? Thái Nguyên,4,21501004,Ph??ng Gia Sàng,,
910,10,T?nh Thái Nguyên,215,21501,Thành ph? Thái Nguyên,5,21501005,Ph??ng Quy?t Th?ng,,
911,10,T?nh Thái Nguyên,215,21501,Thành ph? Thái Nguyên,6,21501006,Ph??ng Quan Tri?u,,
912,10,T?nh Thái Nguyên,215,21501,Thành ph? Thái Nguyên,7,21501007,Xã Tân C??ng,,
913,10,T?nh Thái Nguyên,215,21501,Thành ph? Thái Nguyên,8,21501008,Xã ??i Phúc,,
914,10,T?nh Thái Nguyên,215,21513,Huy?n ??i T?,9,21513009,Xã ??i T?,,
915,10,T?nh Thái Nguyên,215,21513,Huy?n ??i T?,10,21513010,Xã ??c L??ng,,
916,10,T?nh Thái Nguyên,215,21513,Huy?n ??i T?,11,21513011,Xã Phú Th?nh,,
917,10,T?nh Thái Nguyên,215,21513,Huy?n ??i T?,12,21513012,Xã La B?ng,,
918,10,T?nh Thái Nguyên,215,21513,Huy?n ??i T?,13,21513013,Xã Phú L?c,,
919,10,T?nh Thái Nguyên,215,21513,Huy?n ??i T?,14,21513014,Xã An Khánh,,
920,10,T?nh Thái Nguyên,215,21513,Huy?n ??i T?,15,21513015,Xã Quân Chu,,
921,10,T?nh Thái Nguyên,215,21513,Huy?n ??i T?,16,21513016,Xã V?n Phú,,
922,10,T?nh Thái Nguyên,215,21513,Huy?n ??i T?,17,21513017,Xã Phú Xuyên,,
923,10,T?nh Thái Nguyên,215,21517,Thành ph? Ph? Yên,18,21517018,Ph??ng Ph? Yên,,
924,10,T?nh Thái Nguyên,215,21517,Thành ph? Ph? Yên,19,21517019,Ph??ng V?n Xuân,,
925,10,T?nh Thái Nguyên,215,21517,Thành ph? Ph? Yên,20,21517020,Ph??ng Trung Thành,,
926,10,T?nh Thái Nguyên,215,21517,Thành ph? Ph? Yên,21,21517021,Ph??ng Phúc Thu?n,,
927,10,T?nh Thái Nguyên,215,21517,Thành ph? Ph? Yên,22,21517022,Xã Thành Công,,
928,10,T?nh Thái Nguyên,215,21515,Huy?n Phú Bình,23,21515023,Xã Phú Bình,,
929,10,T?nh Thái Nguyên,215,21515,Huy?n Phú Bình,24,21515024,Xã Tân Thành,,
930,10,T?nh Thái Nguyên,215,21515,Huy?n Phú Bình,25,21515025,Xã ?i?m Th?y,,
931,10,T?nh Thái Nguyên,215,21515,Huy?n Phú Bình,26,21515026,Xã Kha S?n,,
932,10,T?nh Thái Nguyên,215,21515,Huy?n Phú Bình,27,21515027,Xã Tân Khánh,,
933,10,T?nh Thái Nguyên,215,21511,Huy?n ??ng H?,28,21511028,Xã ??ng H?,,
934,10,T?nh Thái Nguyên,215,21511,Huy?n ??ng H?,29,21511029,Xã Quang S?n,,
935,10,T?nh Thái Nguyên,215,21511,Huy?n ??ng H?,30,21511030,Xã Tr?i Cau,,
936,10,T?nh Thái Nguyên,215,21511,Huy?n ??ng H?,31,21511031,Xã Nam Hoà,,
937,10,T?nh Thái Nguyên,215,21511,Huy?n ??ng H?,32,21511032,Xã V?n Hán,,
938,10,T?nh Thái Nguyên,215,21511,Huy?n ??ng H?,33,21511033,Xã V?n L?ng,,
939,10,T?nh Thái Nguyên,215,21503,Thành ph? Sông Công,34,21503034,Ph??ng Sông Công,,
940,10,T?nh Thái Nguyên,215,21503,Thành ph? Sông Công,35,21503035,Ph??ng Bá Xuyên,,
941,10,T?nh Thái Nguyên,215,21503,Thành ph? Sông Công,36,21503036,Ph??ng Bách Quang,,
942,10,T?nh Thái Nguyên,215,21509,Huy?n Phú L??ng,37,21509037,Xã Phú L??ng,,
943,10,T?nh Thái Nguyên,215,21509,Huy?n Phú L??ng,38,21509038,Xã Vô Tranh,,
944,10,T?nh Thái Nguyên,215,21509,Huy?n Phú L??ng,39,21509039,Xã Yên Tr?ch,,
945,10,T?nh Thái Nguyên,215,21509,Huy?n Phú L??ng,40,21509040,Xã H?p Thành,,
946,10,T?nh Thái Nguyên,215,21505,Huy?n ??nh Hoá,41,21505041,Xã ??nh Hóa,,
947,10,T?nh Thái Nguyên,215,21505,Huy?n ??nh Hoá,42,21505042,Xã Bình Yên,,
948,10,T?nh Thái Nguyên,215,21505,Huy?n ??nh Hoá,43,21505043,Xã Trung H?i,,
949,10,T?nh Thái Nguyên,215,21505,Huy?n ??nh Hoá,44,21505044,Xã Ph??ng Ti?n,,
950,10,T?nh Thái Nguyên,215,21505,Huy?n ??nh Hoá,45,21505045,Xã Phú ?ình,,
951,10,T?nh Thái Nguyên,215,21505,Huy?n ??nh Hoá,46,21505046,Xã Bình Thành,,
952,10,T?nh Thái Nguyên,215,21505,Huy?n ??nh Hoá,47,21505047,Xã Kim Ph??ng,,
953,10,T?nh Thái Nguyên,215,21505,Huy?n ??nh Hoá,48,21505048,Xã Lam V?,,
954,10,T?nh Thái Nguyên,215,21507,Huy?n Võ Nhai,49,21507049,Xã Võ Nhai,,
955,10,T?nh Thái Nguyên,215,21507,Huy?n Võ Nhai,50,21507050,Xã Dân Ti?n,,
956,10,T?nh Thái Nguyên,215,21507,Huy?n Võ Nhai,51,21507051,Xã Nghinh T??ng,,
957,10,T?nh Thái Nguyên,215,21507,Huy?n Võ Nhai,52,21507052,Xã Th?n Sa,,
958,10,T?nh Thái Nguyên,215,21507,Huy?n Võ Nhai,53,21507053,Xã La Hiên,,
959,10,T?nh Thái Nguyên,215,21507,Huy?n Võ Nhai,54,21507054,Xã Tràng Xá,,
961,10,T?nh Thái Nguyên,215,20704,Huy?n Pác N?m,55,20704055,Xã B?ng Thành,,
962,10,T?nh Thái Nguyên,215,20704,Huy?n Pác N?m,56,20704056,Xã Nghiên Loan,,
963,10,T?nh Thái Nguyên,215,20704,Huy?n Pác N?m,57,20704057,Xã Cao Minh,,
964,10,T?nh Thái Nguyên,215,20703,Huy?n Ba B?,58,20703058,Xã Ba B?,,
965,10,T?nh Thái Nguyên,215,20703,Huy?n Ba B?,59,20703059,Xã Ch? Rã,,
966,10,T?nh Thái Nguyên,215,20703,Huy?n Ba B?,60,20703060,Xã Phúc L?c,,
967,10,T?nh Thái Nguyên,215,20703,Huy?n Ba B?,61,20703061,Xã Th??ng Minh,,
968,10,T?nh Thái Nguyên,215,20703,Huy?n Ba B?,62,20703062,Xã ??ng Phúc,,
969,10,T?nh Thái Nguyên,215,20713,Huy?n Ch? M?i,63,20713063,Xã Yên Bình,,
970,10,T?nh Thái Nguyên,215,20705,Huy?n Ngân S?n,64,20705064,Xã B?ng Vân,,
971,10,T?nh Thái Nguyên,215,20705,Huy?n Ngân S?n,65,20705065,Xã Ngân S?n,,
972,10,T?nh Thái Nguyên,215,20705,Huy?n Ngân S?n,66,20705066,Xã Nà Ph?c,,
973,10,T?nh Thái Nguyên,215,20705,Huy?n Ngân S?n,67,20705067,Xã Hi?p L?c,,
974,10,T?nh Thái Nguyên,215,20707,Huy?n Ch? ??n,68,20707068,Xã Nam C??ng,,
975,10,T?nh Thái Nguyên,215,20707,Huy?n Ch? ??n,69,20707069,Xã Qu?ng B?ch,,
976,10,T?nh Thái Nguyên,215,20707,Huy?n Ch? ??n,70,20707070,Xã Yên Th?nh,,
977,10,T?nh Thái Nguyên,215,20707,Huy?n Ch? ??n,71,20707071,Xã Ch? ??n,,
978,10,T?nh Thái Nguyên,215,20707,Huy?n Ch? ??n,72,20707072,Xã Yên Phong,,
979,10,T?nh Thái Nguyên,215,20707,Huy?n Ch? ??n,73,20707073,Xã Ngh?a Tá,,
980,10,T?nh Thái Nguyên,215,20711,Huy?n B?ch Thông,74,20711074,Xã Ph? Thông,,
981,10,T?nh Thái Nguyên,215,20711,Huy?n B?ch Thông,75,20711075,Xã C?m Giàng,,
982,10,T?nh Thái Nguyên,215,20711,Huy?n B?ch Thông,76,20711076,Xã V?nh Thông,,
983,10,T?nh Thái Nguyên,215,20711,Huy?n B?ch Thông,77,20711077,Xã B?ch Thông,,
984,10,T?nh Thái Nguyên,215,20701,Thành ph? B?c K?n,78,20701078,Xã Phong Quang,,
985,10,T?nh Thái Nguyên,215,20701,Thành ph? B?c K?n,79,20701079,Ph??ng ??c Xuân,,
986,10,T?nh Thái Nguyên,215,20701,Thành ph? B?c K?n,80,20701080,Ph??ng B?c K?n,,
987,10,T?nh Thái Nguyên,215,20709,Huy?n Na Rì,81,20709081,Xã V?n Lang,,
988,10,T?nh Thái Nguyên,215,20709,Huy?n Na Rì,82,20709082,Xã C??ng L?i,,
989,10,T?nh Thái Nguyên,215,20709,Huy?n Na Rì,83,20709083,Xã Na Rì,,
990,10,T?nh Thái Nguyên,215,20709,Huy?n Na Rì,84,20709084,Xã Tr?n Phú,,
991,10,T?nh Thái Nguyên,215,20709,Huy?n Na Rì,85,20709085,Xã Côn Minh,,
992,10,T?nh Thái Nguyên,215,20709,Huy?n Na Rì,86,20709086,Xã Xuân D??ng,,
993,10,T?nh Thái Nguyên,215,20713,Huy?n Ch? M?i,87,20713087,Xã Tân K?,,
994,10,T?nh Thái Nguyên,215,20713,Huy?n Ch? M?i,88,20713088,Xã Thanh Mai,,
995,10,T?nh Thái Nguyên,215,20713,Huy?n Ch? M?i,89,20713089,Xã Thanh Th?nh,,
996,10,T?nh Thái Nguyên,215,20713,Huy?n Ch? M?i,90,20713090,Xã Ch? M?i,,
960,10,T?nh Thái Nguyên,215,21507,Huy?n Võ Nhai,91,21507091,Xã S?ng M?c,,
997,10,T?nh Thái Nguyên,215,20705,Huy?n Ngân S?n,92,20705092,Xã Th??ng Quan,,
998,11,T?nh L?ng S?n,209,20903,Huy?n Tràng ??nh,1,20903001,Xã Th?t Khê,,
999,11,T?nh L?ng S?n,209,20903,Huy?n Tràng ??nh,2,20903002,Xã ?oàn K?t,,
1000,11,T?nh L?ng S?n,209,20903,Huy?n Tràng ??nh,3,20903003,Xã Tân Ti?n,,
1001,11,T?nh L?ng S?n,209,20903,Huy?n Tràng ??nh,4,20903004,Xã Tràng ??nh,,
1002,11,T?nh L?ng S?n,209,20903,Huy?n Tràng ??nh,5,20903005,Xã Qu?c Khánh,,
1003,11,T?nh L?ng S?n,209,20903,Huy?n Tràng ??nh,6,20903006,Xã Kháng Chi?n,,
1004,11,T?nh L?ng S?n,209,20903,Huy?n Tràng ??nh,7,20903007,Xã Qu?c Vi?t,,
1005,11,T?nh L?ng S?n,209,20907,Huy?n Bình Gia,8,20907008,Xã Bình Gia,,
1006,11,T?nh L?ng S?n,209,20907,Huy?n Bình Gia,9,20907009,Xã Tân V?n,,
1007,11,T?nh L?ng S?n,209,20907,Huy?n Bình Gia,10,20907010,Xã H?ng Phong,,
1008,11,T?nh L?ng S?n,209,20907,Huy?n Bình Gia,11,20907011,Xã Hoa Thám,,
1009,11,T?nh L?ng S?n,209,20907,Huy?n Bình Gia,12,20907012,Xã Quý Hoà,,
1010,11,T?nh L?ng S?n,209,20907,Huy?n Bình Gia,13,20907013,Xã Thi?n Hoà,,
1011,11,T?nh L?ng S?n,209,20907,Huy?n Bình Gia,14,20907014,Xã Thi?n Thu?t,,
1012,11,T?nh L?ng S?n,209,20907,Huy?n Bình Gia,15,20907015,Xã Thi?n Long,,
1013,11,T?nh L?ng S?n,209,20909,Huy?n B?c S?n,16,20909016,Xã B?c S?n,,
1014,11,T?nh L?ng S?n,209,20909,Huy?n B?c S?n,17,20909017,Xã H?ng V?,,
1015,11,T?nh L?ng S?n,209,20909,Huy?n B?c S?n,18,20909018,Xã V? L?ng,,
1016,11,T?nh L?ng S?n,209,20909,Huy?n B?c S?n,19,20909019,Xã Nh?t Hoà,,
1017,11,T?nh L?ng S?n,209,20909,Huy?n B?c S?n,20,20909020,Xã V? L?,,
1018,11,T?nh L?ng S?n,209,20909,Huy?n B?c S?n,21,20909021,Xã Tân Tri,,
1019,11,T?nh L?ng S?n,209,20911,Huy?n V?n Quan,22,20911022,Xã V?n Quan,,
1020,11,T?nh L?ng S?n,209,20911,Huy?n V?n Quan,23,20911023,Xã ?i?m He,,
1021,11,T?nh L?ng S?n,209,20911,Huy?n V?n Quan,24,20911024,Xã Tri L?,,
1022,11,T?nh L?ng S?n,209,20911,Huy?n V?n Quan,25,20911025,Xã Yên Phúc,,
1023,11,T?nh L?ng S?n,209,20911,Huy?n V?n Quan,26,20911026,Xã Tân ?oàn,,
1024,11,T?nh L?ng S?n,209,20913,Huy?n Cao L?c,27,20913027,Xã Khánh Khê,,
1025,11,T?nh L?ng S?n,209,20905,Huy?n V?n Lãng,28,20905028,Xã Na S?m,,
1026,11,T?nh L?ng S?n,209,20905,Huy?n V?n Lãng,29,20905029,Xã V?n Lãng,,
1027,11,T?nh L?ng S?n,209,20905,Huy?n V?n Lãng,30,20905030,Xã H?i Hoan,,
1028,11,T?nh L?ng S?n,209,20905,Huy?n V?n Lãng,31,20905031,Xã Th?y Hùng,,
1029,11,T?nh L?ng S?n,209,20905,Huy?n V?n Lãng,32,20905032,Xã Hoàng V?n Th?,,
1030,11,T?nh L?ng S?n,209,20915,Huy?n L?c Bình,33,20915033,Xã L?c Bình,,
1031,11,T?nh L?ng S?n,209,20915,Huy?n L?c Bình,34,20915034,Xã M?u S?n,,
1032,11,T?nh L?ng S?n,209,20915,Huy?n L?c Bình,35,20915035,Xã Na D??ng,,
1033,11,T?nh L?ng S?n,209,20915,Huy?n L?c Bình,36,20915036,Xã L?i Bác,,
1034,11,T?nh L?ng S?n,209,20915,Huy?n L?c Bình,37,20915037,Xã Th?ng Nh?t,,
1035,11,T?nh L?ng S?n,209,20915,Huy?n L?c Bình,38,20915038,Xã Xuân D??ng,,
1036,11,T?nh L?ng S?n,209,20915,Huy?n L?c Bình,39,20915039,Xã Khu?t Xá,,
1037,11,T?nh L?ng S?n,209,20919,Huy?n ?ình L?p,40,20919040,Xã ?ình L?p,,
1038,11,T?nh L?ng S?n,209,20919,Huy?n ?ình L?p,41,20919041,Xã Châu S?n,,
1039,11,T?nh L?ng S?n,209,20919,Huy?n ?ình L?p,42,20919042,Xã Kiên M?c,,
1040,11,T?nh L?ng S?n,209,20919,Huy?n ?ình L?p,43,20919043,Xã Thái Bình,,
1041,11,T?nh L?ng S?n,209,20921,Huy?n H?u L?ng,44,20921044,Xã H?u L?ng,,
1042,11,T?nh L?ng S?n,209,20921,Huy?n H?u L?ng,45,20921045,Xã Tu?n S?n,,
1043,11,T?nh L?ng S?n,209,20921,Huy?n H?u L?ng,46,20921046,Xã Tân Thành,,
1044,11,T?nh L?ng S?n,209,20921,Huy?n H?u L?ng,47,20921047,Xã Vân Nham,,
1045,11,T?nh L?ng S?n,209,20921,Huy?n H?u L?ng,48,20921048,Xã Thi?n Tân,,
1046,11,T?nh L?ng S?n,209,20921,Huy?n H?u L?ng,49,20921049,Xã Yên Bình,,
1047,11,T?nh L?ng S?n,209,20921,Huy?n H?u L?ng,50,20921050,Xã H?u Liên,,
1048,11,T?nh L?ng S?n,209,20921,Huy?n H?u L?ng,51,20921051,Xã Cai Kinh,,
1049,11,T?nh L?ng S?n,209,20917,Huy?n Chi L?ng,52,20917052,Xã Chi L?ng,,
1050,11,T?nh L?ng S?n,209,20917,Huy?n Chi L?ng,53,20917053,Xã Nhân Lý,,
1051,11,T?nh L?ng S?n,209,20917,Huy?n Chi L?ng,54,20917054,Xã Chi?n Th?ng,,
1052,11,T?nh L?ng S?n,209,20917,Huy?n Chi L?ng,55,20917055,Xã Quan S?n,,
1053,11,T?nh L?ng S?n,209,20917,Huy?n Chi L?ng,56,20917056,Xã B?ng M?c,,
1054,11,T?nh L?ng S?n,209,20917,Huy?n Chi L?ng,57,20917057,Xã V?n Linh,,
1055,11,T?nh L?ng S?n,209,20913,Huy?n Cao L?c,58,20913058,Xã ??ng ??ng,,
1056,11,T?nh L?ng S?n,209,20913,Huy?n Cao L?c,59,20913059,Xã Cao L?c,,
1057,11,T?nh L?ng S?n,209,20913,Huy?n Cao L?c,60,20913060,Xã Công S?n,,
1058,11,T?nh L?ng S?n,209,20913,Huy?n Cao L?c,61,20913061,Xã Ba S?n,,
1059,11,T?nh L?ng S?n,209,20901,Thành ph? L?ng S?n,62,20901062,Ph??ng Tam Thanh,,
1060,11,T?nh L?ng S?n,209,20901,Thành ph? L?ng S?n,63,20901063,Ph??ng L??ng V?n Tri,,
1061,11,T?nh L?ng S?n,209,20913,Huy?n Cao L?c,64,20913064,Ph??ng K? L?a,,
1062,11,T?nh L?ng S?n,209,20901,Thành ph? L?ng S?n,65,20901065,Ph??ng ?ông Kinh,,
1099,12,T?nh Phú Th?,217,21701,Thành ph? Vi?t Trì,1,21701001,Ph??ng Vi?t Trì,,
1100,12,T?nh Phú Th?,217,21701,Thành ph? Vi?t Trì,2,21701002,Ph??ng Nông Trang,,
1101,12,T?nh Phú Th?,217,21701,Thành ph? Vi?t Trì,3,21701003,Ph??ng Thanh Mi?u,,
1102,12,T?nh Phú Th?,217,21701,Thành ph? Vi?t Trì,4,21701004,Ph??ng Vân Phú,,
1103,12,T?nh Phú Th?,217,21701,Thành ph? Vi?t Trì,5,21701005,Xã Hy C??ng,,
1104,12,T?nh Phú Th?,217,21721,Huy?n Lâm Thao,6,21721006,Xã Lâm Thao,,
1105,12,T?nh Phú Th?,217,21721,Huy?n Lâm Thao,7,21721007,Xã Xuân L?ng,,
1106,12,T?nh Phú Th?,217,21721,Huy?n Lâm Thao,8,21721008,Xã Phùng Nguyên,,
1107,12,T?nh Phú Th?,217,21721,Huy?n Lâm Thao,9,21721009,Xã B?n Nguyên,,
1108,12,T?nh Phú Th?,217,21703,Th? xã Phú Th?,10,21703010,Ph??ng Phong Châu,,
1109,12,T?nh Phú Th?,217,21703,Th? xã Phú Th?,11,21703011,Ph??ng Phú Th?,,
1110,12,T?nh Phú Th?,217,21703,Th? xã Phú Th?,12,21703012,Ph??ng Âu C?,,
1111,12,T?nh Phú Th?,217,21711,Huy?n Phù Ninh,13,21711013,Xã Phù Ninh,,
1112,12,T?nh Phú Th?,217,21711,Huy?n Phù Ninh,14,21711014,Xã Dân Ch?,,
1113,12,T?nh Phú Th?,217,21711,Huy?n Phù Ninh,15,21711015,Xã Phú M?,,
1114,12,T?nh Phú Th?,217,21711,Huy?n Phù Ninh,16,21711016,Xã Tr?m Th?n,,
1115,12,T?nh Phú Th?,217,21711,Huy?n Phù Ninh,17,21711017,Xã Bình Phú,,
1116,12,T?nh Phú Th?,217,21709,Huy?n Thanh Ba,18,21709018,Xã Thanh Ba,,
1117,12,T?nh Phú Th?,217,21709,Huy?n Thanh Ba,19,21709019,Xã Qu?ng Yên,,
1118,12,T?nh Phú Th?,217,21709,Huy?n Thanh Ba,20,21709020,Xã Hoàng C??ng,,
1119,12,T?nh Phú Th?,217,21709,Huy?n Thanh Ba,21,21709021,Xã ?ông Thành,,
1120,12,T?nh Phú Th?,217,21709,Huy?n Thanh Ba,22,21709022,Xã Chí Tiên,,
1121,12,T?nh Phú Th?,217,21709,Huy?n Thanh Ba,23,21709023,Xã Liên Minh,,
1122,12,T?nh Phú Th?,217,21705,Huy?n ?oan Hùng,24,21705024,Xã ?oan Hùng,,
1123,12,T?nh Phú Th?,217,21705,Huy?n ?oan Hùng,25,21705025,Xã Tây C?c,,
1124,12,T?nh Phú Th?,217,21705,Huy?n ?oan Hùng,26,21705026,Xã Chân M?ng,,
1125,12,T?nh Phú Th?,217,21705,Huy?n ?oan Hùng,27,21705027,Xã Chí ?ám,,
1126,12,T?nh Phú Th?,217,21705,Huy?n ?oan Hùng,28,21705028,Xã B?ng Luân,,
1127,12,T?nh Phú Th?,217,21707,Huy?n H? Hoà,29,21707029,Xã H? Hòa,,
1128,12,T?nh Phú Th?,217,21707,Huy?n H? Hoà,30,21707030,Xã ?an Th??ng,,
1129,12,T?nh Phú Th?,217,21707,Huy?n H? Hoà,31,21707031,Xã Yên K?,,
1130,12,T?nh Phú Th?,217,21707,Huy?n H? Hoà,32,21707032,Xã V?nh Chân,,
1131,12,T?nh Phú Th?,217,21707,Huy?n H? Hoà,33,21707033,Xã V?n Lang,,
1132,12,T?nh Phú Th?,217,21707,Huy?n H? Hoà,34,21707034,Xã Hi?n L??ng,,
1133,12,T?nh Phú Th?,217,21713,Huy?n C?m Khê,35,21713035,Xã C?m Khê,,
1134,12,T?nh Phú Th?,217,21713,Huy?n C?m Khê,36,21713036,Xã Phú Khê,,
1135,12,T?nh Phú Th?,217,21713,Huy?n C?m Khê,37,21713037,Xã Hùng Vi?t,,
1136,12,T?nh Phú Th?,217,21713,Huy?n C?m Khê,38,21713038,Xã ??ng L??ng,,
1137,12,T?nh Phú Th?,217,21713,Huy?n C?m Khê,39,21713039,Xã Tiên L??ng,,
1138,12,T?nh Phú Th?,217,21713,Huy?n C?m Khê,40,21713040,Xã Vân Bán,,
1139,12,T?nh Phú Th?,217,21717,Huy?n Tam Nông,41,21717041,Xã Tam Nông,,
1140,12,T?nh Phú Th?,217,21717,Huy?n Tam Nông,42,21717042,Xã Th? V?n,,
1141,12,T?nh Phú Th?,217,21717,Huy?n Tam Nông,43,21717043,Xã V?n Xuân,,
1142,12,T?nh Phú Th?,217,21717,Huy?n Tam Nông,44,21717044,Xã Hi?n Quan,,
1143,12,T?nh Phú Th?,217,21723,Huy?n Thanh Thu?,45,21723045,Xã Thanh Thu?,,
1144,12,T?nh Phú Th?,217,21723,Huy?n Thanh Thu?,46,21723046,Xã ?ào Xá,,
1145,12,T?nh Phú Th?,217,21723,Huy?n Thanh Thu?,47,21723047,Xã Tu V?,,
1146,12,T?nh Phú Th?,217,21719,Huy?n Thanh S?n,48,21719048,Xã Thanh S?n,,
1147,12,T?nh Phú Th?,217,21719,Huy?n Thanh S?n,49,21719049,Xã Võ Mi?u,,
1148,12,T?nh Phú Th?,217,21719,Huy?n Thanh S?n,50,21719050,Xã V?n Mi?u,,
1149,12,T?nh Phú Th?,217,21719,Huy?n Thanh S?n,51,21719051,Xã C? ??ng,,
1150,12,T?nh Phú Th?,217,21719,Huy?n Thanh S?n,52,21719052,Xã H??ng C?n,,
1151,12,T?nh Phú Th?,217,21719,Huy?n Thanh S?n,53,21719053,Xã Yên S?n,,
1152,12,T?nh Phú Th?,217,21719,Huy?n Thanh S?n,54,21719054,Xã Kh? C?u,,
1153,12,T?nh Phú Th?,217,21720,Huy?n Tân S?n,55,21720055,Xã Tân S?n,,
1154,12,T?nh Phú Th?,217,21720,Huy?n Tân S?n,56,21720056,Xã Minh ?ài,,
1155,12,T?nh Phú Th?,217,21720,Huy?n Tân S?n,57,21720057,Xã Lai ??ng,,
1156,12,T?nh Phú Th?,217,21720,Huy?n Tân S?n,58,21720058,Xã Thu Cúc,,
1157,12,T?nh Phú Th?,217,21720,Huy?n Tân S?n,59,21720059,Xã Xuân ?ài,,
1158,12,T?nh Phú Th?,217,21720,Huy?n Tân S?n,60,21720060,Xã Long C?c,,
1159,12,T?nh Phú Th?,217,21715,Huy?n Yên L?p,61,21715061,Xã Yên L?p,,
1160,12,T?nh Phú Th?,217,21715,Huy?n Yên L?p,62,21715062,Xã Th??ng Long,,
1161,12,T?nh Phú Th?,217,21715,Huy?n Yên L?p,63,21715063,Xã S?n L??ng,,
1162,12,T?nh Phú Th?,217,21715,Huy?n Yên L?p,64,21715064,Xã Xuân Viên,,
1163,12,T?nh Phú Th?,217,21715,Huy?n Yên L?p,65,21715065,Xã Minh Hòa,,
1164,12,T?nh Phú Th?,217,21715,Huy?n Yên L?p,66,21715066,Xã Trung S?n,,
1063,12,T?nh Phú Th?,217,21915,Huy?n Sông Lô,67,21915067,Xã Tam S?n,,
1064,12,T?nh Phú Th?,217,21915,Huy?n Sông Lô,68,21915068,Xã Sông Lô,,
1065,12,T?nh Phú Th?,217,21915,Huy?n Sông Lô,69,21915069,Xã H?i L?u,,
1066,12,T?nh Phú Th?,217,21915,Huy?n Sông Lô,70,21915070,Xã Yên Lãng,,
1067,12,T?nh Phú Th?,217,21903,Huy?n L?p Th?ch,71,21903071,Xã L?p Th?ch,,
1068,12,T?nh Phú Th?,217,21903,Huy?n L?p Th?ch,72,21903072,Xã Tiên L?,,
1069,12,T?nh Phú Th?,217,21903,Huy?n L?p Th?ch,73,21903073,Xã Thái Hòa,,
1070,12,T?nh Phú Th?,217,21903,Huy?n L?p Th?ch,74,21903074,Xã Liên Hòa,,
1071,12,T?nh Phú Th?,217,21903,Huy?n L?p Th?ch,75,21903075,Xã H?p Lý,,
1072,12,T?nh Phú Th?,217,21903,Huy?n L?p Th?ch,76,21903076,Xã S?n ?ông,,
1073,12,T?nh Phú Th?,217,21904,Huy?n Tam ??o,77,21904077,Xã Tam ??o,,
1074,12,T?nh Phú Th?,217,21904,Huy?n Tam ??o,78,21904078,Xã ??i ?ình,,
1075,12,T?nh Phú Th?,217,21904,Huy?n Tam ??o,79,21904079,Xã ??o Trù,,
1076,12,T?nh Phú Th?,217,21905,Huy?n Tam D??ng,80,21905080,Xã Tam D??ng,,
1077,12,T?nh Phú Th?,217,21905,Huy?n Tam D??ng,81,21905081,Xã H?i Th?nh,,
1078,12,T?nh Phú Th?,217,21905,Huy?n Tam D??ng,82,21905082,Xã Hoàng An,,
1079,12,T?nh Phú Th?,217,21905,Huy?n Tam D??ng,83,21905083,Xã Tam D??ng B?c,,
1080,12,T?nh Phú Th?,217,21907,Huy?n V?nh T??ng,84,21907084,Xã V?nh T??ng,,
1081,12,T?nh Phú Th?,217,21907,Huy?n V?nh T??ng,85,21907085,Xã Th? Tang,,
1082,12,T?nh Phú Th?,217,21907,Huy?n V?nh T??ng,86,21907086,Xã V?nh H?ng,,
1083,12,T?nh Phú Th?,217,21907,Huy?n V?nh T??ng,87,21907087,Xã V?nh An,,
1084,12,T?nh Phú Th?,217,21907,Huy?n V?nh T??ng,88,21907088,Xã V?nh Phú,,
1085,12,T?nh Phú Th?,217,21907,Huy?n V?nh T??ng,89,21907089,Xã V?nh Thành,,
1086,12,T?nh Phú Th?,217,21909,Huy?n Yên L?c,90,21909090,Xã Yên L?c,,
1087,12,T?nh Phú Th?,217,21909,Huy?n Yên L?c,91,21909091,Xã T? L?,,
1088,12,T?nh Phú Th?,217,21909,Huy?n Yên L?c,92,21909092,Xã Liên Châu,,
1089,12,T?nh Phú Th?,217,21909,Huy?n Yên L?c,93,21909093,Xã Tam H?ng,,
1090,12,T?nh Phú Th?,217,21909,Huy?n Yên L?c,94,21909094,Xã Nguy?t ??c,,
1091,12,T?nh Phú Th?,217,21913,Huy?n Bình Xuyên,95,21913095,Xã Bình Nguyên,,
1092,12,T?nh Phú Th?,217,21913,Huy?n Bình Xuyên,96,21913096,Xã Xuân Lãng,,
1093,12,T?nh Phú Th?,217,21913,Huy?n Bình Xuyên,97,21913097,Xã Bình Xuyên,,
1094,12,T?nh Phú Th?,217,21913,Huy?n Bình Xuyên,98,21913098,Xã Bình Tuy?n,,
1095,12,T?nh Phú Th?,217,21901,Thành ph? V?nh Yên,99,21901099,Ph??ng V?nh Phúc,,
1096,12,T?nh Phú Th?,217,21901,Thành ph? V?nh Yên,100,21901100,Ph??ng V?nh Yên,,
1097,12,T?nh Phú Th?,217,21902,Thành ph? Phúc Yên,101,21902101,Ph??ng Phúc Yên,,
1098,12,T?nh Phú Th?,217,21902,Thành ph? Phúc Yên,102,21902102,Ph??ng Xuân Hòa,,
1165,12,T?nh Phú Th?,217,30510,Huy?n Cao Phong,103,30510103,Xã Cao Phong,,
1166,12,T?nh Phú Th?,217,30510,Huy?n Cao Phong,104,30510104,Xã M??ng Thàng,,
1167,12,T?nh Phú Th?,217,30510,Huy?n Cao Phong,105,30510105,Xã Thung Nai,,
1168,12,T?nh Phú Th?,217,30503,Huy?n ?à B?c,106,30503106,Xã ?à B?c,,
1169,12,T?nh Phú Th?,217,30503,Huy?n ?à B?c,107,30503107,Xã Cao S?n,,
1170,12,T?nh Phú Th?,217,30503,Huy?n ?à B?c,108,30503108,Xã ??c Nhàn,,
1171,12,T?nh Phú Th?,217,30503,Huy?n ?à B?c,109,30503109,Xã Quy ??c,,
1172,12,T?nh Phú Th?,217,30503,Huy?n ?à B?c,110,30503110,Xã Tân Pheo,,
1173,12,T?nh Phú Th?,217,30503,Huy?n ?à B?c,111,30503111,Xã Ti?n Phong,,
1174,12,T?nh Phú Th?,217,30511,Huy?n Kim Bôi,112,30511112,Xã Kim Bôi,,
1175,12,T?nh Phú Th?,217,30511,Huy?n Kim Bôi,113,30511113,Xã M??ng ??ng,,
1176,12,T?nh Phú Th?,217,30511,Huy?n Kim Bôi,114,30511114,Xã D?ng Ti?n,,
1177,12,T?nh Phú Th?,217,30511,Huy?n Kim Bôi,115,30511115,Xã H?p Kim,,
1178,12,T?nh Phú Th?,217,30511,Huy?n Kim Bôi,116,30511116,Xã N?t S?n,,
1179,12,T?nh Phú Th?,217,30515,Huy?n L?c S?n,117,30515117,Xã L?c S?n,,
1180,12,T?nh Phú Th?,217,30515,Huy?n L?c S?n,118,30515118,Xã M??ng Vang,,
1181,12,T?nh Phú Th?,217,30515,Huy?n L?c S?n,119,30515119,Xã ??i ??ng,,
1182,12,T?nh Phú Th?,217,30515,Huy?n L?c S?n,120,30515120,Xã Ng?c S?n,,
1183,12,T?nh Phú Th?,217,30515,Huy?n L?c S?n,121,30515121,Xã Nhân Ngh?a,,
1184,12,T?nh Phú Th?,217,30515,Huy?n L?c S?n,122,30515122,Xã Quy?t Th?ng,,
1185,12,T?nh Phú Th?,217,30515,Huy?n L?c S?n,123,30515123,Xã Th??ng C?c,,
1186,12,T?nh Phú Th?,217,30515,Huy?n L?c S?n,124,30515124,Xã Yên Phú,,
1187,12,T?nh Phú Th?,217,30517,Huy?n L?c Thu?,125,30517125,Xã L?c Th?y,,
1188,12,T?nh Phú Th?,217,30517,Huy?n L?c Thu?,126,30517126,Xã An Bình,,
1189,12,T?nh Phú Th?,217,30517,Huy?n L?c Thu?,127,30517127,Xã An Ngh?a,,
1190,12,T?nh Phú Th?,217,30509,Huy?n L??ng S?n,128,30509128,Xã L??ng S?n,,
1191,12,T?nh Phú Th?,217,30509,Huy?n L??ng S?n,129,30509129,Xã Cao D??ng,,
1192,12,T?nh Phú Th?,217,30509,Huy?n L??ng S?n,130,30509130,Xã Liên S?n,,
1193,12,T?nh Phú Th?,217,30505,Huy?n Mai Châu,131,30505131,Xã Mai Châu,,
1194,12,T?nh Phú Th?,217,30505,Huy?n Mai Châu,132,30505132,Xã Bao La,,
1195,12,T?nh Phú Th?,217,30505,Huy?n Mai Châu,133,30505133,Xã Mai H?,,
1196,12,T?nh Phú Th?,217,30505,Huy?n Mai Châu,134,30505134,Xã Pà Cò,,
1197,12,T?nh Phú Th?,217,30505,Huy?n Mai Châu,135,30505135,Xã Tân Mai,,
1198,12,T?nh Phú Th?,217,30513,Huy?n Tân L?c,136,30513136,Xã Tân L?c,,
1199,12,T?nh Phú Th?,217,30513,Huy?n Tân L?c,137,30513137,Xã M??ng Bi,,
1200,12,T?nh Phú Th?,217,30513,Huy?n Tân L?c,138,30513138,Xã M??ng Hoa,,
1201,12,T?nh Phú Th?,217,30513,Huy?n Tân L?c,139,30513139,Xã Toàn Th?ng,,
1202,12,T?nh Phú Th?,217,30513,Huy?n Tân L?c,140,30513140,Xã Vân S?n,,
1203,12,T?nh Phú Th?,217,30519,Huy?n Yên Thu?,141,30519141,Xã Yên Th?y,,
1204,12,T?nh Phú Th?,217,30519,Huy?n Yên Thu?,142,30519142,Xã L?c L??ng,,
1205,12,T?nh Phú Th?,217,30519,Huy?n Yên Thu?,143,30519143,Xã Yên Tr?,,
1206,12,T?nh Phú Th?,217,30501,Thành ph? Hoà Bình,144,30501144,Xã Th?nh Minh,,
1207,12,T?nh Phú Th?,217,30501,Thành ph? Hoà Bình,145,30501145,Ph??ng Hoà Bình,,
1208,12,T?nh Phú Th?,217,30501,Thành ph? Hoà Bình,146,30501146,Ph??ng K? S?n,,
1209,12,T?nh Phú Th?,217,30501,Thành ph? Hoà Bình,147,30501147,Ph??ng Tân Hoà,,
1210,12,T?nh Phú Th?,217,30501,Thành ph? Hoà Bình,148,30501148,Ph??ng Th?ng Nh?t,,
1211,13,T?nh ?i?n Biên,301,30101,TP.?i?n Biên Ph?,1,30101001,Xã M??ng Ph?ng,,
1212,13,T?nh ?i?n Biên,301,30101,TP.?i?n Biên Ph?,2,30101002,Ph??ng ?i?n Biên Ph?,,
1213,13,T?nh ?i?n Biên,301,30101,TP.?i?n Biên Ph?,3,30101003,Ph??ng M??ng Thanh,,
1214,13,T?nh ?i?n Biên,301,30103,Th? xã M??ng Lay,4,30103004,Ph??ng M??ng Lay,,
1215,13,T?nh ?i?n Biên,301,30117,Huy?n ?i?n Biên,5,30117005,Xã Thanh N?a,,
1216,13,T?nh ?i?n Biên,301,30117,Huy?n ?i?n Biên,6,30117006,Xã Thanh An,,
1217,13,T?nh ?i?n Biên,301,30117,Huy?n ?i?n Biên,7,30117007,Xã Thanh Yên,,
1218,13,T?nh ?i?n Biên,301,30117,Huy?n ?i?n Biên,8,30117008,Xã Sam M?n,,
1219,13,T?nh ?i?n Biên,301,30117,Huy?n ?i?n Biên,9,30117009,Xã Núa Ngam,,
1220,13,T?nh ?i?n Biên,301,30117,Huy?n ?i?n Biên,10,30117010,Xã M??ng Nhà,,
1221,13,T?nh ?i?n Biên,301,30115,Huy?n Tu?n Giáo,11,30115011,Xã Tu?n Giáo,,
1222,13,T?nh ?i?n Biên,301,30115,Huy?n Tu?n Giáo,12,30115012,Xã Quài T?,,
1223,13,T?nh ?i?n Biên,301,30115,Huy?n Tu?n Giáo,13,30115013,Xã M??ng Mùn,,
1224,13,T?nh ?i?n Biên,301,30115,Huy?n Tu?n Giáo,14,30115014,Xã Pú Nhung,,
1225,13,T?nh ?i?n Biên,301,30115,Huy?n Tu?n Giáo,15,30115015,Xã Chi?ng Sinh,,
1226,13,T?nh ?i?n Biên,301,30113,Huy?n T?a Chùa,16,30113016,Xã T?a Chùa,,
1227,13,T?nh ?i?n Biên,301,30113,Huy?n T?a Chùa,17,30113017,Xã Sín Ch?i,,
1228,13,T?nh ?i?n Biên,301,30113,Huy?n T?a Chùa,18,30113018,Xã Sính Phình,,
1229,13,T?nh ?i?n Biên,301,30113,Huy?n T?a Chùa,19,30113019,Xã T?a Thàng,,
1230,13,T?nh ?i?n Biên,301,30113,Huy?n T?a Chùa,20,30113020,Xã Sáng Nhè,,
1231,13,T?nh ?i?n Biên,301,30111,Huy?n M??ng Chà,21,30111021,Xã Na Sang,,
1232,13,T?nh ?i?n Biên,301,30111,Huy?n M??ng Chà,22,30111022,Xã M??ng Tùng,,
1233,13,T?nh ?i?n Biên,301,30111,Huy?n M??ng Chà,23,30111023,Xã Pa Ham,,
1234,13,T?nh ?i?n Biên,301,30111,Huy?n M??ng Chà,24,30111024,Xã N?m Nèn,,
1235,13,T?nh ?i?n Biên,301,30111,Huy?n M??ng Chà,25,30111025,Xã M??ng P?n,,
1236,13,T?nh ?i?n Biên,301,30119,Huy?n ?i?n Biên ?ông,26,30119026,Xã Na Son,,
1237,13,T?nh ?i?n Biên,301,30119,Huy?n ?i?n Biên ?ông,27,30119027,Xã Xa Dung,,
1238,13,T?nh ?i?n Biên,301,30119,Huy?n ?i?n Biên ?ông,28,30119028,Xã Pu Nhi,,
1239,13,T?nh ?i?n Biên,301,30119,Huy?n ?i?n Biên ?ông,29,30119029,Xã M??ng Luân,,
1240,13,T?nh ?i?n Biên,301,30119,Huy?n ?i?n Biên ?ông,30,30119030,Xã Tìa Dình,,
1241,13,T?nh ?i?n Biên,301,30119,Huy?n ?i?n Biên ?ông,31,30119031,Xã Phình Giàng,,
1242,13,T?nh ?i?n Biên,301,30123,Huy?n N?m P?,32,30123032,Xã M??ng Chà,,
1243,13,T?nh ?i?n Biên,301,30123,Huy?n N?m P?,33,30123033,Xã Nà H?,,
1244,13,T?nh ?i?n Biên,301,30123,Huy?n N?m P?,34,30123034,Xã Nà B?ng,,
1245,13,T?nh ?i?n Biên,301,30123,Huy?n N?m P?,35,30123035,Xã Chà T?,,
1246,13,T?nh ?i?n Biên,301,30123,Huy?n N?m P?,36,30123036,Xã Si Pa Phìn,,
1247,13,T?nh ?i?n Biên,301,30104,Huy?n M??ng Nhé,37,30104037,Xã M??ng Nhé,,
1248,13,T?nh ?i?n Biên,301,30104,Huy?n M??ng Nhé,38,30104038,Xã Sín Th?u,,
1249,13,T?nh ?i?n Biên,301,30104,Huy?n M??ng Nhé,39,30104039,Xã M??ng Toong,,
1250,13,T?nh ?i?n Biên,301,30104,Huy?n M??ng Nhé,40,30104040,Xã N?m Kè,,
1251,13,T?nh ?i?n Biên,301,30104,Huy?n M??ng Nhé,41,30104041,Xã Qu?ng Lâm,,
1252,13,T?nh ?i?n Biên,301,30121,Huy?n M??ng ?ng,42,30121042,Xã M??ng ?ng,,
1253,13,T?nh ?i?n Biên,301,30121,Huy?n M??ng ?ng,43,30121043,Xã Nà T?u,,
1254,13,T?nh ?i?n Biên,301,30121,Huy?n M??ng ?ng,44,30121044,Xã Búng Lao,,
1255,13,T?nh ?i?n Biên,301,30121,Huy?n M??ng ?ng,45,30121045,Xã M??ng L?n,,
1256,14,T?nh Lai Châu,302,30209,Huy?n Than Uyên,1,30209001,Xã M??ng Kim,,
1257,14,T?nh Lai Châu,302,30209,Huy?n Than Uyên,2,30209002,Xã Khoen On,,
1258,14,T?nh Lai Châu,302,30209,Huy?n Than Uyên,3,30209003,Xã Than Uyên,,
1259,14,T?nh Lai Châu,302,30209,Huy?n Than Uyên,4,30209004,Xã M??ng Than,,
1260,14,T?nh Lai Châu,302,30211,Huy?n Tân Uyên,5,30211005,Xã P?c Ta,,
1261,14,T?nh Lai Châu,302,30211,Huy?n Tân Uyên,6,30211006,Xã N?m So?,,
1262,14,T?nh Lai Châu,302,30211,Huy?n Tân Uyên,7,30211007,Xã Tân Uyên,,
1263,14,T?nh Lai Châu,302,30211,Huy?n Tân Uyên,8,30211008,Xã M??ng Khoa,,
1264,14,T?nh Lai Châu,302,30205,Huy?n Tam ???ng,9,30205009,Xã B?n Bo,,
1265,14,T?nh Lai Châu,302,30205,Huy?n Tam ???ng,10,30205010,Xã Bình L?,,
1266,14,T?nh Lai Châu,302,30205,Huy?n Tam ???ng,11,30205011,Xã T? Lèng,,
1267,14,T?nh Lai Châu,302,30205,Huy?n Tam ???ng,12,30205012,Xã Khun Há,,
1268,14,T?nh Lai Châu,302,30202,Thành ph? Lai Châu,13,30202013,Ph??ng Tân Phong,,
1269,14,T?nh Lai Châu,302,30202,Thành ph? Lai Châu,14,30202014,Ph??ng ?oàn K?t,,
1270,14,T?nh Lai Châu,302,30203,Huy?n Phong Th?,15,30203015,Xã Sin Su?i H?,,
1271,14,T?nh Lai Châu,302,30203,Huy?n Phong Th?,16,30203016,Xã Phong Th?,,
1272,14,T?nh Lai Châu,302,30203,Huy?n Phong Th?,17,30203017,Xã Sì L? L?u,,
1273,14,T?nh Lai Châu,302,30203,Huy?n Phong Th?,18,30203018,Xã Dào San,,
1274,14,T?nh Lai Châu,302,30203,Huy?n Phong Th?,19,30203019,Xã Kh?ng Lào,,
1275,14,T?nh Lai Châu,302,30207,Huy?n Sìn H?,20,30207020,Xã T?a Sín Ch?i,,
1276,14,T?nh Lai Châu,302,30207,Huy?n Sìn H?,21,30207021,Xã Sìn H?,,
1277,14,T?nh Lai Châu,302,30207,Huy?n Sìn H?,22,30207022,Xã H?ng Thu,,
1278,14,T?nh Lai Châu,302,30207,Huy?n Sìn H?,23,30207023,Xã N?m T?m,,
1279,14,T?nh Lai Châu,302,30207,Huy?n Sìn H?,24,30207024,Xã Pu Sam Cáp,,
1280,14,T?nh Lai Châu,302,30207,Huy?n Sìn H?,25,30207025,Xã N?m Cu?i,,
1281,14,T?nh Lai Châu,302,30207,Huy?n Sìn H?,26,30207026,Xã N?m M?,,
1282,14,T?nh Lai Châu,302,30213,Huy?n N?m Nhùn,27,30213027,Xã Lê L?i,,
1283,14,T?nh Lai Châu,302,30213,Huy?n N?m Nhùn,28,30213028,Xã N?m Hàng,,
1284,14,T?nh Lai Châu,302,30213,Huy?n N?m Nhùn,29,30213029,Xã M??ng Mô,,
1285,14,T?nh Lai Châu,302,30213,Huy?n N?m Nhùn,30,30213030,Xã Hua Bum,,
1286,14,T?nh Lai Châu,302,30213,Huy?n N?m Nhùn,31,30213031,Xã Pa T?n,,
1287,14,T?nh Lai Châu,302,30201,Huy?n M??ng Tè,32,30201032,Xã Bum N?a,,
1288,14,T?nh Lai Châu,302,30201,Huy?n M??ng Tè,33,30201033,Xã Bum T?,,
1289,14,T?nh Lai Châu,302,30201,Huy?n M??ng Tè,34,30201034,Xã M??ng Tè,,
1290,14,T?nh Lai Châu,302,30201,Huy?n M??ng Tè,35,30201035,Xã Thu L?m,,
1291,14,T?nh Lai Châu,302,30201,Huy?n M??ng Tè,36,30201036,Xã Pa ?,,
1292,14,T?nh Lai Châu,302,30201,Huy?n M??ng Tè,37,30201037,Xã Tà T?ng,,
1293,14,T?nh Lai Châu,302,30201,Huy?n M??ng Tè,38,30201038,Xã Mù C?,,
1294,15,T?nh S?n La,303,30301,Thành ph? S?n La,1,30301001,Ph??ng Tô Hi?u,,
1295,15,T?nh S?n La,303,30301,Thành ph? S?n La,2,30301002,Ph??ng Chi?ng An,,
1296,15,T?nh S?n La,303,30301,Thành ph? S?n La,3,30301003,Ph??ng Chi?ng C?i,,
1297,15,T?nh S?n La,303,30301,Thành ph? S?n La,4,30301004,Ph??ng Chi?ng Sinh,,
1298,15,T?nh S?n La,303,30319,Th? xã M?c Châu,5,30319005,Ph??ng M?c Châu,,
1299,15,T?nh S?n La,303,30319,Th? xã M?c Châu,6,30319006,Ph??ng M?c S?n,,
1300,15,T?nh S?n La,303,30319,Th? xã M?c Châu,7,30319007,Ph??ng Vân S?n,,
1301,15,T?nh S?n La,303,30319,Th? xã M?c Châu,8,30319008,Ph??ng Th?o Nguyên,,
1302,15,T?nh S?n La,303,30319,Th? xã M?c Châu,9,30319009,Xã ?oàn K?t,,
1303,15,T?nh S?n La,303,30319,Th? xã M?c Châu,10,30319010,Xã Lóng S?p,,
1304,15,T?nh S?n La,303,30319,Th? xã M?c Châu,11,30319011,Xã Chi?ng S?n,,
1305,15,T?nh S?n La,303,30323,Huy?n Vân H?,12,30323012,Xã Vân H?,,
1306,15,T?nh S?n La,303,30323,Huy?n Vân H?,13,30323013,Xã Song Kh?a,,
1307,15,T?nh S?n La,303,30323,Huy?n Vân H?,14,30323014,Xã Tô Múa,,
1308,15,T?nh S?n La,303,30323,Huy?n Vân H?,15,30323015,Xã Xuân Nha,,
1309,15,T?nh S?n La,303,30303,Huy?n Qu?nh Nhai,16,30303016,Xã Qu?nh Nhai,,
1310,15,T?nh S?n La,303,30303,Huy?n Qu?nh Nhai,17,30303017,Xã M??ng Chiên,,
1311,15,T?nh S?n La,303,30303,Huy?n Qu?nh Nhai,18,30303018,Xã M??ng Giôn,,
1312,15,T?nh S?n La,303,30303,Huy?n Qu?nh Nhai,19,30303019,Xã M??ng S?i,,
1313,15,T?nh S?n La,303,30307,Huy?n Thu?n Châu,20,30307020,Xã Thu?n Châu,,
1314,15,T?nh S?n La,303,30307,Huy?n Thu?n Châu,21,30307021,Xã Chi?ng La,,
1315,15,T?nh S?n La,303,30307,Huy?n Thu?n Châu,22,30307022,Xã N?m L?u,,
1316,15,T?nh S?n La,303,30307,Huy?n Thu?n Châu,23,30307023,Xã Mu?i N?i,,
1317,15,T?nh S?n La,303,30307,Huy?n Thu?n Châu,24,30307024,Xã M??ng Khiêng,,
1318,15,T?nh S?n La,303,30307,Huy?n Thu?n Châu,25,30307025,Xã Co M?,,
1319,15,T?nh S?n La,303,30307,Huy?n Thu?n Châu,26,30307026,Xã Bình Thu?n,,
1320,15,T?nh S?n La,303,30307,Huy?n Thu?n Châu,27,30307027,Xã M??ng É,,
1321,15,T?nh S?n La,303,30307,Huy?n Thu?n Châu,28,30307028,Xã Long H?,,
1322,15,T?nh S?n La,303,30305,Huy?n M??ng La,29,30305029,Xã M??ng La,,
1323,15,T?nh S?n La,303,30305,Huy?n M??ng La,30,30305030,Xã Chi?ng Lao,,
1324,15,T?nh S?n La,303,30305,Huy?n M??ng La,31,30305031,Xã M??ng Bú,,
1325,15,T?nh S?n La,303,30305,Huy?n M??ng La,32,30305032,Xã Chi?ng Hoa,,
1326,15,T?nh S?n La,303,30309,Huy?n B?c Yên,33,30309033,Xã B?c Yên,,
1327,15,T?nh S?n La,303,30309,Huy?n B?c Yên,34,30309034,Xã Tà Xùa,,
1328,15,T?nh S?n La,303,30309,Huy?n B?c Yên,35,30309035,Xã T? Khoa,,
1329,15,T?nh S?n La,303,30309,Huy?n B?c Yên,36,30309036,Xã Xím Vàng,,
1330,15,T?nh S?n La,303,30309,Huy?n B?c Yên,37,30309037,Xã P?c Ngà,,
1331,15,T?nh S?n La,303,30309,Huy?n B?c Yên,38,30309038,Xã Chi?ng S?i,,
1332,15,T?nh S?n La,303,30311,Huy?n Phù Yên,39,30311039,Xã Phù Yên,,
1333,15,T?nh S?n La,303,30311,Huy?n Phù Yên,40,30311040,Xã Gia Phù,,
1334,15,T?nh S?n La,303,30311,Huy?n Phù Yên,41,30311041,Xã T??ng H?,,
1335,15,T?nh S?n La,303,30311,Huy?n Phù Yên,42,30311042,Xã M??ng C?i,,
1336,15,T?nh S?n La,303,30311,Huy?n Phù Yên,43,30311043,Xã M??ng Bang,,
1337,15,T?nh S?n La,303,30311,Huy?n Phù Yên,44,30311044,Xã Tân Phong,,
1338,15,T?nh S?n La,303,30311,Huy?n Phù Yên,45,30311045,Xã Kim Bon,,
1339,15,T?nh S?n La,303,30317,Huy?n Yên Châu,46,30317046,Xã Yên Châu,,
1340,15,T?nh S?n La,303,30317,Huy?n Yên Châu,47,30317047,Xã Chi?ng H?c,,
1341,15,T?nh S?n La,303,30317,Huy?n Yên Châu,48,30317048,Xã Lóng Phiêng,,
1342,15,T?nh S?n La,303,30317,Huy?n Yên Châu,49,30317049,Xã Yên S?n,,
1343,15,T?nh S?n La,303,30313,Huy?n Mai S?n,50,30313050,Xã Chi?ng Mai,,
1344,15,T?nh S?n La,303,30313,Huy?n Mai S?n,51,30313051,Xã Mai S?n,,
1345,15,T?nh S?n La,303,30313,Huy?n Mai S?n,52,30313052,Xã Phiêng P?n,,
1346,15,T?nh S?n La,303,30313,Huy?n Mai S?n,53,30313053,Xã Chi?ng Mung,,
1347,15,T?nh S?n La,303,30313,Huy?n Mai S?n,54,30313054,Xã Phiêng C?m,,
1348,15,T?nh S?n La,303,30313,Huy?n Mai S?n,55,30313055,Xã M??ng Chanh,,
1349,15,T?nh S?n La,303,30313,Huy?n Mai S?n,56,30313056,Xã Tà H?c,,
1350,15,T?nh S?n La,303,30313,Huy?n Mai S?n,57,30313057,Xã Chi?ng Sung,,
1351,15,T?nh S?n La,303,30315,Huy?n Sông Mã,58,30315058,Xã Bó Sinh,,
1352,15,T?nh S?n La,303,30315,Huy?n Sông Mã,59,30315059,Xã Chi?ng Kh??ng,,
1353,15,T?nh S?n La,303,30315,Huy?n Sông Mã,60,30315060,Xã M??ng Hung,,
1354,15,T?nh S?n La,303,30315,Huy?n Sông Mã,61,30315061,Xã Chi?ng Khoong,,
1355,15,T?nh S?n La,303,30315,Huy?n Sông Mã,62,30315062,Xã M??ng L?m,,
1356,15,T?nh S?n La,303,30315,Huy?n Sông Mã,63,30315063,Xã N?m Ty,,
1357,15,T?nh S?n La,303,30315,Huy?n Sông Mã,64,30315064,Xã Sông Mã,,
1358,15,T?nh S?n La,303,30315,Huy?n Sông Mã,65,30315065,Xã Hu?i M?t,,
1359,15,T?nh S?n La,303,30315,Huy?n Sông Mã,66,30315066,Xã Chi?ng S?,,
1360,15,T?nh S?n La,303,30321,Huy?n S?p C?p,67,30321067,Xã S?p C?p,,
1361,15,T?nh S?n La,303,30321,Huy?n S?p C?p,68,30321068,Xã Púng Bánh,,
1362,15,T?nh S?n La,303,30319,Th? xã M?c Châu,69,30319069,Xã Tân Yên,,
1363,15,T?nh S?n La,303,30307,Huy?n Thu?n Châu,70,30307070,Xã M??ng Bám,,
1364,15,T?nh S?n La,303,30305,Huy?n M??ng La,71,30305071,Xã Ng?c Chi?n,,
1365,15,T?nh S?n La,303,30311,Huy?n Phù Yên,72,30311072,Xã Su?i T?,,
1366,15,T?nh S?n La,303,30317,Huy?n Yên Châu,73,30317073,Xã Phiêng Khoài,,
1367,15,T?nh S?n La,303,30321,Huy?n S?p C?p,74,30321074,Xã M??ng L?n,,
1368,15,T?nh S?n La,303,30321,Huy?n S?p C?p,75,30321075,Xã M??ng Lèo,,
1369,16,T?nh Thanh Hóa,401,40101,Thành ph? Thanh Hoá,1,40101001,Ph??ng H?c Thành,,
1370,16,T?nh Thanh Hóa,401,40101,Thành ph? Thanh Hoá,2,40101002,Ph??ng Qu?ng Phú,,
1371,16,T?nh Thanh Hóa,401,40101,Thành ph? Thanh Hoá,3,40101003,Ph??ng ?ông Quang,,
1372,16,T?nh Thanh Hóa,401,40101,Thành ph? Thanh Hoá,4,40101004,Ph??ng ?ông S?n,,
1373,16,T?nh Thanh Hóa,401,40101,Thành ph? Thanh Hoá,5,40101005,Ph??ng ?ông Ti?n,,
1374,16,T?nh Thanh Hóa,401,40101,Thành ph? Thanh Hoá,6,40101006,Ph??ng Hàm R?ng,,
1375,16,T?nh Thanh Hóa,401,40101,Thành ph? Thanh Hoá,7,40101007,Ph??ng Nguy?t Viên,,
1376,16,T?nh Thanh Hóa,401,40105,Thành Ph? S?m S?n,8,40105008,Ph??ng S?m S?n,,
1377,16,T?nh Thanh Hóa,401,40105,Thành Ph? S?m S?n,9,40105009,Ph??ng Nam S?m S?n,,
1378,16,T?nh Thanh Hóa,401,40103,Th? xã B?m S?n,10,40103010,Ph??ng B?m S?n,,
1379,16,T?nh Thanh Hóa,401,40103,Th? xã B?m S?n,11,40103011,Ph??ng Quang Trung,,
1380,16,T?nh Thanh Hóa,401,40153,Th? xã Nghi S?n,12,40153012,Ph??ng Ng?c S?n,,
1381,16,T?nh Thanh Hóa,401,40153,Th? xã Nghi S?n,13,40153013,Ph??ng Tân Dân,,
1382,16,T?nh Thanh Hóa,401,40153,Th? xã Nghi S?n,14,40153014,Ph??ng H?i L?nh,,
1383,16,T?nh Thanh Hóa,401,40153,Th? xã Nghi S?n,15,40153015,Ph??ng T?nh Gia,,
1384,16,T?nh Thanh Hóa,401,40153,Th? xã Nghi S?n,16,40153016,Ph??ng ?ào Duy T?,,
1385,16,T?nh Thanh Hóa,401,40153,Th? xã Nghi S?n,17,40153017,Ph??ng H?i Bình,,
1386,16,T?nh Thanh Hóa,401,40153,Th? xã Nghi S?n,18,40153018,Ph??ng Trúc Lâm,,
1387,16,T?nh Thanh Hóa,401,40153,Th? xã Nghi S?n,19,40153019,Ph??ng Nghi S?n,,
1388,16,T?nh Thanh Hóa,401,40153,Th? xã Nghi S?n,20,40153020,Xã Các S?n,,
1389,16,T?nh Thanh Hóa,401,40153,Th? xã Nghi S?n,21,40153021,Xã Tr??ng Lâm,,
1390,16,T?nh Thanh Hóa,401,40131,Huy?n Hà Trung,22,40131022,Xã Hà Trung,,
1391,16,T?nh Thanh Hóa,401,40131,Huy?n Hà Trung,23,40131023,Xã T?ng S?n,,
1392,16,T?nh Thanh Hóa,401,40131,Huy?n Hà Trung,24,40131024,Xã Hà Long,,
1393,16,T?nh Thanh Hóa,401,40131,Huy?n Hà Trung,25,40131025,Xã Ho?t Giang,,
1394,16,T?nh Thanh Hóa,401,40131,Huy?n Hà Trung,26,40131026,Xã L?nh To?i,,
1395,16,T?nh Thanh Hóa,401,40139,Huy?n H?u L?c,27,40139027,Xã Tri?u L?c,,
1396,16,T?nh Thanh Hóa,401,40139,Huy?n H?u L?c,28,40139028,Xã ?ông Thành,,
1397,16,T?nh Thanh Hóa,401,40139,Huy?n H?u L?c,29,40139029,Xã H?u L?c,,
1398,16,T?nh Thanh Hóa,401,40139,Huy?n H?u L?c,30,40139030,Xã Hoa L?c,,
1399,16,T?nh Thanh Hóa,401,40139,Huy?n H?u L?c,31,40139031,Xã V?n L?c,,
1400,16,T?nh Thanh Hóa,401,40133,Huy?n Nga S?n,32,40133032,Xã Nga S?n,,
1401,16,T?nh Thanh Hóa,401,40133,Huy?n Nga S?n,33,40133033,Xã Nga Th?ng,,
1402,16,T?nh Thanh Hóa,401,40133,Huy?n Nga S?n,34,40133034,Xã H? V??ng,,
1403,16,T?nh Thanh Hóa,401,40133,Huy?n Nga S?n,35,40133035,Xã Tân Ti?n,,
1404,16,T?nh Thanh Hóa,401,40133,Huy?n Nga S?n,36,40133036,Xã Nga An,,
1405,16,T?nh Thanh Hóa,401,40133,Huy?n Nga S?n,37,40133037,Xã Ba ?ình,,
1406,16,T?nh Thanh Hóa,401,40143,Huy?n Ho?ng Hoá,38,40143038,Xã Ho?ng Hóa,,
1407,16,T?nh Thanh Hóa,401,40143,Huy?n Ho?ng Hoá,39,40143039,Xã Ho?ng Ti?n,,
1408,16,T?nh Thanh Hóa,401,40143,Huy?n Ho?ng Hoá,40,40143040,Xã Ho?ng Thanh,,
1409,16,T?nh Thanh Hóa,401,40143,Huy?n Ho?ng Hoá,41,40143041,Xã Ho?ng L?c,,
1410,16,T?nh Thanh Hóa,401,40143,Huy?n Ho?ng Hoá,42,40143042,Xã Ho?ng Châu,,
1411,16,T?nh Thanh Hóa,401,40143,Huy?n Ho?ng Hoá,43,40143043,Xã Ho?ng S?n,,
1412,16,T?nh Thanh Hóa,401,40143,Huy?n Ho?ng Hoá,44,40143044,Xã Ho?ng Phú,,
1413,16,T?nh Thanh Hóa,401,40143,Huy?n Ho?ng Hoá,45,40143045,Xã Ho?ng Giang,,
1414,16,T?nh Thanh Hóa,401,40149,Huy?n Qu?ng X??ng,46,40149046,Xã L?u V?,,
1415,16,T?nh Thanh Hóa,401,40149,Huy?n Qu?ng X??ng,47,40149047,Xã Qu?ng Yên,,
1416,16,T?nh Thanh Hóa,401,40149,Huy?n Qu?ng X??ng,48,40149048,Xã Qu?ng Ng?c,,
1417,16,T?nh Thanh Hóa,401,40149,Huy?n Qu?ng X??ng,49,40149049,Xã Qu?ng Ninh,,
1418,16,T?nh Thanh Hóa,401,40149,Huy?n Qu?ng X??ng,50,40149050,Xã Qu?ng Bình,,
1419,16,T?nh Thanh Hóa,401,40149,Huy?n Qu?ng X??ng,51,40149051,Xã Tiên Trang,,
1420,16,T?nh Thanh Hóa,401,40149,Huy?n Qu?ng X??ng,52,40149052,Xã Qu?ng Chính,,
1421,16,T?nh Thanh Hóa,401,40151,Huy?n Nông C?ng,53,40151053,Xã Nông C?ng,,
1422,16,T?nh Thanh Hóa,401,40151,Huy?n Nông C?ng,54,40151054,Xã Th?ng L?i,,
1423,16,T?nh Thanh Hóa,401,40151,Huy?n Nông C?ng,55,40151055,Xã Trung Chính,,
1424,16,T?nh Thanh Hóa,401,40151,Huy?n Nông C?ng,56,40151056,Xã Tr??ng V?n,,
1425,16,T?nh Thanh Hóa,401,40151,Huy?n Nông C?ng,57,40151057,Xã Th?ng Bình,,
1426,16,T?nh Thanh Hóa,401,40151,Huy?n Nông C?ng,58,40151058,Xã T??ng L?nh,,
1427,16,T?nh Thanh Hóa,401,40151,Huy?n Nông C?ng,59,40151059,Xã Công Chính,,
1428,16,T?nh Thanh Hóa,401,40141,Huy?n Thi?u Hoá,60,40141060,Xã Thi?u Hóa,,
1429,16,T?nh Thanh Hóa,401,40141,Huy?n Thi?u Hoá,61,40141061,Xã Thi?u Quang,,
1430,16,T?nh Thanh Hóa,401,40141,Huy?n Thi?u Hoá,62,40141062,Xã Thi?u Ti?n,,
1431,16,T?nh Thanh Hóa,401,40141,Huy?n Thi?u Hoá,63,40141063,Xã Thi?u Toán,,
1432,16,T?nh Thanh Hóa,401,40141,Huy?n Thi?u Hoá,64,40141064,Xã Thi?u Trung,,
1433,16,T?nh Thanh Hóa,401,40135,Huy?n Yên ??nh,65,40135065,Xã Yên ??nh,,
1434,16,T?nh Thanh Hóa,401,40135,Huy?n Yên ??nh,66,40135066,Xã Yên Tr??ng,,
1435,16,T?nh Thanh Hóa,401,40135,Huy?n Yên ??nh,67,40135067,Xã Yên Phú,,
1436,16,T?nh Thanh Hóa,401,40135,Huy?n Yên ??nh,68,40135068,Xã Quý L?c,,
1437,16,T?nh Thanh Hóa,401,40135,Huy?n Yên ??nh,69,40135069,Xã Yên Ninh,,
1438,16,T?nh Thanh Hóa,401,40135,Huy?n Yên ??nh,70,40135070,Xã ??nh Tân,,
1439,16,T?nh Thanh Hóa,401,40135,Huy?n Yên ??nh,71,40135071,Xã ??nh Hoà,,
1440,16,T?nh Thanh Hóa,401,40137,Huy?n Th? Xuân,72,40137072,Xã Th? Xuân,,
1441,16,T?nh Thanh Hóa,401,40137,Huy?n Th? Xuân,73,40137073,Xã Th? Long,,
1442,16,T?nh Thanh Hóa,401,40137,Huy?n Th? Xuân,74,40137074,Xã Xuân Hoà,,
1443,16,T?nh Thanh Hóa,401,40137,Huy?n Th? Xuân,75,40137075,Xã Sao Vàng,,
1444,16,T?nh Thanh Hóa,401,40137,Huy?n Th? Xuân,76,40137076,Xã Lam S?n,,
1445,16,T?nh Thanh Hóa,401,40137,Huy?n Th? Xuân,77,40137077,Xã Th? L?p,,
1446,16,T?nh Thanh Hóa,401,40137,Huy?n Th? Xuân,78,40137078,Xã Xuân Tín,,
1447,16,T?nh Thanh Hóa,401,40137,Huy?n Th? Xuân,79,40137079,Xã Xuân L?p,,
1448,16,T?nh Thanh Hóa,401,40129,Huy?n V?nh L?c,80,40129080,Xã V?nh L?c,,
1449,16,T?nh Thanh Hóa,401,40129,Huy?n V?nh L?c,81,40129081,Xã Tây ?ô,,
1450,16,T?nh Thanh Hóa,401,40129,Huy?n V?nh L?c,82,40129082,Xã Bi?n Th??ng,,
1451,16,T?nh Thanh Hóa,401,40147,Huy?n Tri?u S?n,83,40147083,Xã Tri?u S?n,,
1452,16,T?nh Thanh Hóa,401,40147,Huy?n Tri?u S?n,84,40147084,Xã Th? Bình,,
1453,16,T?nh Thanh Hóa,401,40147,Huy?n Tri?u S?n,85,40147085,Xã Th? Ng?c,,
1454,16,T?nh Thanh Hóa,401,40147,Huy?n Tri?u S?n,86,40147086,Xã Th? Phú,,
1455,16,T?nh Thanh Hóa,401,40147,Huy?n Tri?u S?n,87,40147087,Xã H?p Ti?n,,
1456,16,T?nh Thanh Hóa,401,40147,Huy?n Tri?u S?n,88,40147088,Xã An Nông,,
1457,16,T?nh Thanh Hóa,401,40147,Huy?n Tri?u S?n,89,40147089,Xã Tân Ninh,,
1458,16,T?nh Thanh Hóa,401,40147,Huy?n Tri?u S?n,90,40147090,Xã ??ng Ti?n,,
1459,16,T?nh Thanh Hóa,401,40107,Huy?n M??ng Lát,91,40107091,Xã M??ng Chanh,,
1460,16,T?nh Thanh Hóa,401,40107,Huy?n M??ng Lát,92,40107092,Xã Quang Chi?u,,
1461,16,T?nh Thanh Hóa,401,40107,Huy?n M??ng Lát,93,40107093,Xã Tam chung,,
1462,16,T?nh Thanh Hóa,401,40107,Huy?n M??ng Lát,94,40107094,Xã M??ng Lát,,
1463,16,T?nh Thanh Hóa,401,40107,Huy?n M??ng Lát,95,40107095,Xã Pù Nhi,,
1464,16,T?nh Thanh Hóa,401,40107,Huy?n M??ng Lát,96,40107096,Xã Nhi S?n,,
1465,16,T?nh Thanh Hóa,401,40107,Huy?n M??ng Lát,97,40107097,Xã M??ng Lý,,
1466,16,T?nh Thanh Hóa,401,40107,Huy?n M??ng Lát,98,40107098,Xã Trung Lý,,
1467,16,T?nh Thanh Hóa,401,40109,Huy?n Quan Hoá,99,40109099,Xã H?i Xuân,,
1468,16,T?nh Thanh Hóa,401,40109,Huy?n Quan Hoá,100,40109100,Xã Nam Xuân,,
1469,16,T?nh Thanh Hóa,401,40109,Huy?n Quan Hoá,101,40109101,Xã Thiên Ph?,,
1470,16,T?nh Thanh Hóa,401,40109,Huy?n Quan Hoá,102,40109102,Xã Hi?n Ki?t,,
1471,16,T?nh Thanh Hóa,401,40109,Huy?n Quan Hoá,103,40109103,Xã Phú Xuân,,
1472,16,T?nh Thanh Hóa,401,40109,Huy?n Quan Hoá,104,40109104,Xã Phú L?,,
1473,16,T?nh Thanh Hóa,401,40109,Huy?n Quan Hoá,105,40109105,Xã Trung Thành,,
1474,16,T?nh Thanh Hóa,401,40109,Huy?n Quan Hoá,106,40109106,Xã Trung S?n,,
1475,16,T?nh Thanh Hóa,401,40111,Huy?n Quan S?n,107,40111107,Xã Na Mèo,,
1476,16,T?nh Thanh Hóa,401,40111,Huy?n Quan S?n,108,40111108,Xã S?n Th?y,,
1477,16,T?nh Thanh Hóa,401,40111,Huy?n Quan S?n,109,40111109,Xã S?n ?i?n,,
1478,16,T?nh Thanh Hóa,401,40111,Huy?n Quan S?n,110,40111110,Xã M??ng Mìn,,
1479,16,T?nh Thanh Hóa,401,40111,Huy?n Quan S?n,111,40111111,Xã Tam Thanh,,
1480,16,T?nh Thanh Hóa,401,40111,Huy?n Quan S?n,112,40111112,Xã Tam L?,,
1481,16,T?nh Thanh Hóa,401,40111,Huy?n Quan S?n,113,40111113,Xã Quan S?n,,
1482,16,T?nh Thanh Hóa,401,40111,Huy?n Quan S?n,114,40111114,Xã Trung H?,,
1483,16,T?nh Thanh Hóa,401,40117,Huy?n Lang Chánh,115,40117115,Xã Linh S?n,,
1484,16,T?nh Thanh Hóa,401,40117,Huy?n Lang Chánh,116,40117116,Xã ??ng L??ng,,
1485,16,T?nh Thanh Hóa,401,40117,Huy?n Lang Chánh,117,40117117,Xã V?n Phú,,
1486,16,T?nh Thanh Hóa,401,40117,Huy?n Lang Chánh,118,40117118,Xã Giao An,,
1487,16,T?nh Thanh Hóa,401,40117,Huy?n Lang Chánh,119,40117119,Xã Yên Kh??ng,,
1488,16,T?nh Thanh Hóa,401,40117,Huy?n Lang Chánh,120,40117120,Xã Yên Th?ng,,
1489,16,T?nh Thanh Hóa,401,40113,Huy?n Bá Th??c,121,40113121,Xã V?n Nho,,
1490,16,T?nh Thanh Hóa,401,40113,Huy?n Bá Th??c,122,40113122,Xã Thi?t ?ng,,
1491,16,T?nh Thanh Hóa,401,40113,Huy?n Bá Th??c,123,40113123,Xã Bá Th??c,,
1492,16,T?nh Thanh Hóa,401,40113,Huy?n Bá Th??c,124,40113124,Xã C? L?ng,,
1493,16,T?nh Thanh Hóa,401,40113,Huy?n Bá Th??c,125,40113125,Xã Pù Luông,,
1494,16,T?nh Thanh Hóa,401,40113,Huy?n Bá Th??c,126,40113126,Xã ?i?n L?,,
1495,16,T?nh Thanh Hóa,401,40113,Huy?n Bá Th??c,127,40113127,Xã ?i?n Quang,,
1496,16,T?nh Thanh Hóa,401,40113,Huy?n Bá Th??c,128,40113128,Xã Quý L??ng,,
1497,16,T?nh Thanh Hóa,401,40121,Huy?n Ng?c L?c,129,40121129,Xã Ng?c L?c,,
1498,16,T?nh Thanh Hóa,401,40121,Huy?n Ng?c L?c,130,40121130,Xã Th?ch L?p,,
1499,16,T?nh Thanh Hóa,401,40121,Huy?n Ng?c L?c,131,40121131,Xã Ng?c Liên,,
1500,16,T?nh Thanh Hóa,401,40121,Huy?n Ng?c L?c,132,40121132,Xã Minh S?n,,
1501,16,T?nh Thanh Hóa,401,40121,Huy?n Ng?c L?c,133,40121133,Xã Nguy?t ?n,,
1502,16,T?nh Thanh Hóa,401,40121,Huy?n Ng?c L?c,134,40121134,Xã Kiên Th?,,
1503,16,T?nh Thanh Hóa,401,40115,Huy?n C?m Thu?,135,40115135,Xã C?m Th?ch,,
1504,16,T?nh Thanh Hóa,401,40115,Huy?n C?m Thu?,136,40115136,Xã C?m Th?y,,
1505,16,T?nh Thanh Hóa,401,40115,Huy?n C?m Thu?,137,40115137,Xã C?m Tú,,
1506,16,T?nh Thanh Hóa,401,40115,Huy?n C?m Thu?,138,40115138,Xã C?m Vân,,
1507,16,T?nh Thanh Hóa,401,40115,Huy?n C?m Thu?,139,40115139,Xã C?m Tân,,
1508,16,T?nh Thanh Hóa,401,40119,Huy?n Th?ch Thành,140,40119140,Xã Kim Tân,,
1509,16,T?nh Thanh Hóa,401,40119,Huy?n Th?ch Thành,141,40119141,Xã Vân Du,,
1510,16,T?nh Thanh Hóa,401,40119,Huy?n Th?ch Thành,142,40119142,Xã Ng?c Tr?o,,
1511,16,T?nh Thanh Hóa,401,40119,Huy?n Th?ch Thành,143,40119143,Xã Th?ch Bình,,
1512,16,T?nh Thanh Hóa,401,40119,Huy?n Th?ch Thành,144,40119144,Xã Thành Vinh,,
1513,16,T?nh Thanh Hóa,401,40119,Huy?n Th?ch Thành,145,40119145,Xã Th?ch Qu?ng,,
1514,16,T?nh Thanh Hóa,401,40125,Huy?n Nh? Xuân,146,40125146,Xã Nh? Xuân,,
1515,16,T?nh Thanh Hóa,401,40125,Huy?n Nh? Xuân,147,40125147,Xã Th??ng Ninh,,
1516,16,T?nh Thanh Hóa,401,40125,Huy?n Nh? Xuân,148,40125148,Xã Xuân Bình,,
1517,16,T?nh Thanh Hóa,401,40125,Huy?n Nh? Xuân,149,40125149,Xã Hóa Qu?,,
1518,16,T?nh Thanh Hóa,401,40125,Huy?n Nh? Xuân,150,40125150,Xã Thanh Quân,,
1519,16,T?nh Thanh Hóa,401,40125,Huy?n Nh? Xuân,151,40125151,Xã Thanh Phong,,
1520,16,T?nh Thanh Hóa,401,40127,Huy?n Nh? Thanh,152,40127152,Xã Xuân Du,,
1521,16,T?nh Thanh Hóa,401,40127,Huy?n Nh? Thanh,153,40127153,Xã M?u Lâm,,
1522,16,T?nh Thanh Hóa,401,40127,Huy?n Nh? Thanh,154,40127154,Xã Nh? Thanh,,
1523,16,T?nh Thanh Hóa,401,40127,Huy?n Nh? Thanh,155,40127155,Xã Yên Th?,,
1524,16,T?nh Thanh Hóa,401,40127,Huy?n Nh? Thanh,156,40127156,Xã Xuân Thái,,
1525,16,T?nh Thanh Hóa,401,40127,Huy?n Nh? Thanh,157,40127157,Xã Thanh K?,,
1526,16,T?nh Thanh Hóa,401,40123,Huy?n Th??ng Xuân,158,40123158,Xã Bát M?t,,
1527,16,T?nh Thanh Hóa,401,40123,Huy?n Th??ng Xuân,159,40123159,Xã Yên Nhân,,
1528,16,T?nh Thanh Hóa,401,40123,Huy?n Th??ng Xuân,160,40123160,Xã L??ng S?n,,
1529,16,T?nh Thanh Hóa,401,40123,Huy?n Th??ng Xuân,161,40123161,Xã Th??ng Xuân,,
1530,16,T?nh Thanh Hóa,401,40123,Huy?n Th??ng Xuân,162,40123162,Xã Lu?n Thành,,
1531,16,T?nh Thanh Hóa,401,40123,Huy?n Th??ng Xuân,163,40123163,Xã Tân Thành,,
1532,16,T?nh Thanh Hóa,401,40123,Huy?n Th??ng Xuân,164,40123164,Xã V?n Xuân,,
1533,16,T?nh Thanh Hóa,401,40123,Huy?n Th??ng Xuân,165,40123165,Xã Th?ng L?c,,
1534,16,T?nh Thanh Hóa,401,40123,Huy?n Th??ng Xuân,166,40123166,Xã Xuân Chinh,,
1535,17,T?nh Ngh? An,403,40327,Huy?n Anh S?n,1,40327001,Xã Anh S?n,,
1536,17,T?nh Ngh? An,403,40327,Huy?n Anh S?n,2,40327002,Xã Yên Xuân,,
1537,17,T?nh Ngh? An,403,40327,Huy?n Anh S?n,3,40327003,Xã Nhân Hoà,,
1538,17,T?nh Ngh? An,403,40327,Huy?n Anh S?n,4,40327004,Xã Anh S?n ?ông,,
1539,17,T?nh Ngh? An,403,40327,Huy?n Anh S?n,5,40327005,Xã V?nh T??ng,,
1540,17,T?nh Ngh? An,403,40327,Huy?n Anh S?n,6,40327006,Xã Thành Bình Th?,,
1541,17,T?nh Ngh? An,403,40321,Huy?n Con Cuông,7,40321007,Xã Con Cuông,,
1542,17,T?nh Ngh? An,403,40321,Huy?n Con Cuông,8,40321008,Xã Môn S?n,,
1543,17,T?nh Ngh? An,403,40321,Huy?n Con Cuông,9,40321009,Xã M?u Th?ch,,
1544,17,T?nh Ngh? An,403,40321,Huy?n Con Cuông,10,40321010,Xã Cam Ph?c,,
1545,17,T?nh Ngh? An,403,40321,Huy?n Con Cuông,11,40321011,Xã Châu Khê,,
1546,17,T?nh Ngh? An,403,40321,Huy?n Con Cuông,12,40321012,Xã Bình Chu?n,,
1547,17,T?nh Ngh? An,403,40325,Huy?n Di?n Châu,13,40325013,Xã Di?n Châu,,
1548,17,T?nh Ngh? An,403,40325,Huy?n Di?n Châu,14,40325014,Xã ??c Châu,,
1549,17,T?nh Ngh? An,403,40325,Huy?n Di?n Châu,15,40325015,Xã Qu?ng Châu,,
1550,17,T?nh Ngh? An,403,40325,Huy?n Di?n Châu,16,40325016,Xã H?i Châu,,
1551,17,T?nh Ngh? An,403,40325,Huy?n Di?n Châu,17,40325017,Xã Tân Châu,,
1552,17,T?nh Ngh? An,403,40325,Huy?n Di?n Châu,18,40325018,Xã An Châu,,
1553,17,T?nh Ngh? An,403,40325,Huy?n Di?n Châu,19,40325019,Xã Minh Châu,,
1554,17,T?nh Ngh? An,403,40325,Huy?n Di?n Châu,20,40325020,Xã Hùng Châu,,
1555,17,T?nh Ngh? An,403,40329,Huy?n ?ô L??ng,21,40329021,Xã ?ô L??ng,,
1556,17,T?nh Ngh? An,403,40329,Huy?n ?ô L??ng,22,40329022,Xã B?ch Ng?c,,
1557,17,T?nh Ngh? An,403,40329,Huy?n ?ô L??ng,23,40329023,Xã V?n Hi?n,,
1558,17,T?nh Ngh? An,403,40329,Huy?n ?ô L??ng,24,40329024,Xã B?ch Hà,,
1559,17,T?nh Ngh? An,403,40329,Huy?n ?ô L??ng,25,40329025,Xã Thu?n Trung,,
1560,17,T?nh Ngh? An,403,40329,Huy?n ?ô L??ng,26,40329026,Xã L??ng S?n,,
1561,17,T?nh Ngh? An,403,40339,Th? xã Hoàng Mai,27,40339027,Ph??ng Hoàng Mai,,
1562,17,T?nh Ngh? An,403,40339,Th? xã Hoàng Mai,28,40339028,Ph??ng Tân Mai,,
1563,17,T?nh Ngh? An,403,40339,Th? xã Hoàng Mai,29,40339029,Ph??ng Qu?nh Mai,,
1564,17,T?nh Ngh? An,403,40337,Huy?n H?ng Nguyên,30,40337030,Xã H?ng Nguyên,,
1565,17,T?nh Ngh? An,403,40337,Huy?n H?ng Nguyên,31,40337031,Xã Yên Trung,,
1566,17,T?nh Ngh? An,403,40337,Huy?n H?ng Nguyên,32,40337032,Xã H?ng Nguyên Nam,,
1567,17,T?nh Ngh? An,403,40337,Huy?n H?ng Nguyên,33,40337033,Xã Lam Thành,,
1568,17,T?nh Ngh? An,403,40309,Huy?n K? S?n,34,40309034,Xã M??ng Xén,,
1569,17,T?nh Ngh? An,403,40309,Huy?n K? S?n,35,40309035,Xã H?u Ki?m,,
1570,17,T?nh Ngh? An,403,40309,Huy?n K? S?n,36,40309036,Xã N?m C?n,,
1571,17,T?nh Ngh? An,403,40309,Huy?n K? S?n,37,40309037,Xã Chiêu L?u,,
1572,17,T?nh Ngh? An,403,40309,Huy?n K? S?n,38,40309038,Xã Na Loi,,
1573,17,T?nh Ngh? An,403,40309,Huy?n K? S?n,39,40309039,Xã M??ng Típ,,
1574,17,T?nh Ngh? An,403,40309,Huy?n K? S?n,40,40309040,Xã Na Ngoi,,
1575,17,T?nh Ngh? An,403,40309,Huy?n K? S?n,41,40309041,Xã M? Lý,,
1576,17,T?nh Ngh? An,403,40309,Huy?n K? S?n,42,40309042,Xã B?c Lý,,
1577,17,T?nh Ngh? An,403,40309,Huy?n K? S?n,43,40309043,Xã Keng ?u,,
1578,17,T?nh Ngh? An,403,40309,Huy?n K? S?n,44,40309044,Xã Hu?i T?,,
1579,17,T?nh Ngh? An,403,40309,Huy?n K? S?n,45,40309045,Xã M??ng L?ng,,
1580,17,T?nh Ngh? An,403,40335,Huy?n Nam ?àn,46,40335046,Xã V?n An,,
1581,17,T?nh Ngh? An,403,40335,Huy?n Nam ?àn,47,40335047,Xã Nam ?àn,,
1582,17,T?nh Ngh? An,403,40335,Huy?n Nam ?àn,48,40335048,Xã ??i Hu?,,
1583,17,T?nh Ngh? An,403,40335,Huy?n Nam ?àn,49,40335049,Xã Thiên Nh?n,,
1584,17,T?nh Ngh? An,403,40335,Huy?n Nam ?àn,50,40335050,Xã Kim Liên,,
1585,17,T?nh Ngh? An,403,40313,Huy?n Ngh?a ?àn,51,40313051,Xã Ngh?a ?àn,,
1586,17,T?nh Ngh? An,403,40313,Huy?n Ngh?a ?àn,52,40313052,Xã Ngh?a Th?,,
1587,17,T?nh Ngh? An,403,40313,Huy?n Ngh?a ?àn,53,40313053,Xã Ngh?a Lâm,,
1588,17,T?nh Ngh? An,403,40313,Huy?n Ngh?a ?àn,54,40313054,Xã Ngh?a Mai,,
1589,17,T?nh Ngh? An,403,40313,Huy?n Ngh?a ?àn,55,40313055,Xã Ngh?a H?ng,,
1590,17,T?nh Ngh? An,403,40313,Huy?n Ngh?a ?àn,56,40313056,Xã Ngh?a Khánh,,
1591,17,T?nh Ngh? An,403,40313,Huy?n Ngh?a ?àn,57,40313057,Xã Ngh?a L?c,,
1592,17,T?nh Ngh? An,403,40333,Huy?n Nghi L?c,58,40333058,Xã Nghi L?c,,
1593,17,T?nh Ngh? An,403,40333,Huy?n Nghi L?c,59,40333059,Xã Phúc L?c,,
1594,17,T?nh Ngh? An,403,40333,Huy?n Nghi L?c,60,40333060,Xã ?ông L?c,,
1595,17,T?nh Ngh? An,403,40333,Huy?n Nghi L?c,61,40333061,Xã Trung L?c,,
1596,17,T?nh Ngh? An,403,40333,Huy?n Nghi L?c,62,40333062,Xã Th?n L?nh,,
1597,17,T?nh Ngh? An,403,40333,Huy?n Nghi L?c,63,40333063,Xã H?i L?c,,
1598,17,T?nh Ngh? An,403,40333,Huy?n Nghi L?c,64,40333064,Xã V?n Ki?u,,
1599,17,T?nh Ngh? An,403,40305,Huy?n Qu? Phong,65,40305065,Xã Qu? Phong,,
1600,17,T?nh Ngh? An,403,40305,Huy?n Qu? Phong,66,40305066,Xã Ti?n Phong,,
1601,17,T?nh Ngh? An,403,40305,Huy?n Qu? Phong,67,40305067,Xã Tri L?,,
1602,17,T?nh Ngh? An,403,40305,Huy?n Qu? Phong,68,40305068,Xã M??ng Quàng,,
1603,17,T?nh Ngh? An,403,40305,Huy?n Qu? Phong,69,40305069,Xã Thông Th?,,
1604,17,T?nh Ngh? An,403,40307,Huy?n Qu? Châu,70,40307070,Xã Qu? Châu,,
1605,17,T?nh Ngh? An,403,40307,Huy?n Qu? Châu,71,40307071,Xã Châu Ti?n,,
1606,17,T?nh Ngh? An,403,40307,Huy?n Qu? Châu,72,40307072,Xã Hùng Chân,,
1607,17,T?nh Ngh? An,403,40307,Huy?n Qu? Châu,73,40307073,Xã Châu Bình,,
1608,17,T?nh Ngh? An,403,40311,Huy?n Qu? H?p,74,40311074,Xã Qu? H?p,,
1609,17,T?nh Ngh? An,403,40311,Huy?n Qu? H?p,75,40311075,Xã Tam H?p,,
1610,17,T?nh Ngh? An,403,40311,Huy?n Qu? H?p,76,40311076,Xã Châu L?c,,
1611,17,T?nh Ngh? An,403,40311,Huy?n Qu? H?p,77,40311077,Xã Châu H?ng,,
1612,17,T?nh Ngh? An,403,40311,Huy?n Qu? H?p,78,40311078,Xã M??ng Ham,,
1613,17,T?nh Ngh? An,403,40311,Huy?n Qu? H?p,79,40311079,Xã M??ng Ch?ng,,
1614,17,T?nh Ngh? An,403,40311,Huy?n Qu? H?p,80,40311080,Xã Minh H?p,,
1615,17,T?nh Ngh? An,403,40317,Huy?n Qu?nh L?u,81,40317081,Xã Qu?nh L?u,,
1616,17,T?nh Ngh? An,403,40317,Huy?n Qu?nh L?u,82,40317082,Xã Qu?nh V?n,,
1617,17,T?nh Ngh? An,403,40317,Huy?n Qu?nh L?u,83,40317083,Xã Qu?nh Anh,,
1618,17,T?nh Ngh? An,403,40317,Huy?n Qu?nh L?u,84,40317084,Xã Qu?nh Tam,,
1619,17,T?nh Ngh? An,403,40317,Huy?n Qu?nh L?u,85,40317085,Xã Qu?nh Phú,,
1620,17,T?nh Ngh? An,403,40317,Huy?n Qu?nh L?u,86,40317086,Xã Qu?nh S?n,,
1621,17,T?nh Ngh? An,403,40317,Huy?n Qu?nh L?u,87,40317087,Xã Qu?nh Th?ng,,
1622,17,T?nh Ngh? An,403,40319,Huy?n Tân K?,88,40319088,Xã Tân K?,,
1623,17,T?nh Ngh? An,403,40319,Huy?n Tân K?,89,40319089,Xã Tân Phú,,
1624,17,T?nh Ngh? An,403,40319,Huy?n Tân K?,90,40319090,Xã Tân An,,
1625,17,T?nh Ngh? An,403,40319,Huy?n Tân K?,91,40319091,Xã Ngh?a ??ng,,
1626,17,T?nh Ngh? An,403,40319,Huy?n Tân K?,92,40319092,Xã Giai Xuân,,
1627,17,T?nh Ngh? An,403,40319,Huy?n Tân K?,93,40319093,Xã Ngh?a Hành,,
1628,17,T?nh Ngh? An,403,40319,Huy?n Tân K?,94,40319094,Xã Tiên ??ng,,
1629,17,T?nh Ngh? An,403,40314,Th? xã Thái Hoà,95,40314095,Ph??ng Thái Hoà,,
1630,17,T?nh Ngh? An,403,40314,Th? xã Thái Hoà,96,40314096,Ph??ng Tây Hi?u,,
1631,17,T?nh Ngh? An,403,40314,Th? xã Thái Hoà,97,40314097,Xã ?ông Hi?u,,
1632,17,T?nh Ngh? An,403,40331,Huy?n Thanh Ch??ng,98,40331098,Xã Cát Ng?n,,
1633,17,T?nh Ngh? An,403,40331,Huy?n Thanh Ch??ng,99,40331099,Xã Tam ??ng,,
1634,17,T?nh Ngh? An,403,40331,Huy?n Thanh Ch??ng,100,40331100,Xã H?nh Lâm,,
1635,17,T?nh Ngh? An,403,40331,Huy?n Thanh Ch??ng,101,40331101,Xã S?n Lâm,,
1636,17,T?nh Ngh? An,403,40331,Huy?n Thanh Ch??ng,102,40331102,Xã Hoa Quân,,
1637,17,T?nh Ngh? An,403,40331,Huy?n Thanh Ch??ng,103,40331103,Xã Kim B?ng,,
1638,17,T?nh Ngh? An,403,40331,Huy?n Thanh Ch??ng,104,40331104,Xã Bích Hào,,
1639,17,T?nh Ngh? An,403,40331,Huy?n Thanh Ch??ng,105,40331105,Xã ??i ??ng,,
1640,17,T?nh Ngh? An,403,40331,Huy?n Thanh Ch??ng,106,40331106,Xã Xuân Lâm,,
1641,17,T?nh Ngh? An,403,40315,Huy?n T??ng D??ng,107,40315107,Xã Tam Quang,,
1642,17,T?nh Ngh? An,403,40315,Huy?n T??ng D??ng,108,40315108,Xã Tam Thái,,
1643,17,T?nh Ngh? An,403,40315,Huy?n T??ng D??ng,109,40315109,Xã T??ng D??ng,,
1644,17,T?nh Ngh? An,403,40315,Huy?n T??ng D??ng,110,40315110,Xã L??ng Minh,,
1645,17,T?nh Ngh? An,403,40315,Huy?n T??ng D??ng,111,40315111,Xã Yên Na,,
1646,17,T?nh Ngh? An,403,40315,Huy?n T??ng D??ng,112,40315112,Xã Yên Hoà,,
1647,17,T?nh Ngh? An,403,40315,Huy?n T??ng D??ng,113,40315113,Xã Nga My,,
1648,17,T?nh Ngh? An,403,40315,Huy?n T??ng D??ng,114,40315114,Xã H?u Khuông,,
1649,17,T?nh Ngh? An,403,40315,Huy?n T??ng D??ng,115,40315115,Xã Nhôn Mai,,
1650,17,T?nh Ngh? An,403,40301,Thành ph? Vinh,116,40301116,Ph??ng Tr??ng Vinh,,
1651,17,T?nh Ngh? An,403,40301,Thành ph? Vinh,117,40301117,Ph??ng Thành Vinh,,
1652,17,T?nh Ngh? An,403,40301,Thành ph? Vinh,118,40301118,Ph??ng Vinh H?ng,,
1653,17,T?nh Ngh? An,403,40301,Thành ph? Vinh,119,40301119,Ph??ng Vinh Phú,,
1654,17,T?nh Ngh? An,403,40301,Thành ph? Vinh,120,40301120,Ph??ng Vinh L?c,,
1655,17,T?nh Ngh? An,403,40301,Thành ph? Vinh,121,40301121,Ph??ng C?a Lò,,
1656,17,T?nh Ngh? An,403,40323,Huy?n Yên Thành,122,40323122,Xã Yên Thành,,
1657,17,T?nh Ngh? An,403,40323,Huy?n Yên Thành,123,40323123,Xã Quan Thành,,
1658,17,T?nh Ngh? An,403,40323,Huy?n Yên Thành,124,40323124,Xã H?p Minh,,
1659,17,T?nh Ngh? An,403,40323,Huy?n Yên Thành,125,40323125,Xã Vân T?,,
1660,17,T?nh Ngh? An,403,40323,Huy?n Yên Thành,126,40323126,Xã Vân Du,,
1661,17,T?nh Ngh? An,403,40323,Huy?n Yên Thành,127,40323127,Xã Quang ??ng,,
1662,17,T?nh Ngh? An,403,40323,Huy?n Yên Thành,128,40323128,Xã Giai L?c,,
1663,17,T?nh Ngh? An,403,40323,Huy?n Yên Thành,129,40323129,Xã Bình Minh,,
1664,17,T?nh Ngh? An,403,40323,Huy?n Yên Thành,130,40323130,Xã ?ông Thành,,
1665,18,T?nh Hà T?nh,405,40520,Th? xã K? Anh,1,40520001,Ph??ng Sông Trí,,
1666,18,T?nh Hà T?nh,405,40520,Th? xã K? Anh,2,40520002,Ph??ng H?i Ninh,,
1667,18,T?nh Hà T?nh,405,40520,Th? xã K? Anh,3,40520003,Ph??ng Hoành S?n,,
1668,18,T?nh Hà T?nh,405,40520,Th? xã K? Anh,4,40520004,Ph??ng V?ng Áng,,
1669,18,T?nh Hà T?nh,405,40519,Huy?n K? Anh,5,40519005,Xã K? Xuân,,
1670,18,T?nh Hà T?nh,405,40519,Huy?n K? Anh,6,40519006,Xã K? Anh,,
1671,18,T?nh Hà T?nh,405,40519,Huy?n K? Anh,7,40519007,Xã K? Hoa,,
1672,18,T?nh Hà T?nh,405,40519,Huy?n K? Anh,8,40519008,Xã K? V?n,,
1673,18,T?nh Hà T?nh,405,40519,Huy?n K? Anh,9,40519009,Xã K? Khang,,
1674,18,T?nh Hà T?nh,405,40519,Huy?n K? Anh,10,40519010,Xã K? L?c,,
1675,18,T?nh Hà T?nh,405,40519,Huy?n K? Anh,11,40519011,Xã K? Th??ng,,
1676,18,T?nh Hà T?nh,405,40515,Huy?n C?m Xuyên,12,40515012,Xã C?m Xuyên,,
1677,18,T?nh Hà T?nh,405,40515,Huy?n C?m Xuyên,13,40515013,Xã Thiên C?m,,
1678,18,T?nh Hà T?nh,405,40515,Huy?n C?m Xuyên,14,40515014,Xã C?m Du?,,
1679,18,T?nh Hà T?nh,405,40515,Huy?n C?m Xuyên,15,40515015,Xã C?m H?ng,,
1680,18,T?nh Hà T?nh,405,40515,Huy?n C?m Xuyên,16,40515016,Xã C?m L?c,,
1681,18,T?nh Hà T?nh,405,40515,Huy?n C?m Xuyên,17,40515017,Xã C?m Trung,,
1682,18,T?nh Hà T?nh,405,40515,Huy?n C?m Xuyên,18,40515018,Xã Yên Hoà,,
1683,18,T?nh Hà T?nh,405,40501,Thành ph? Hà T?nh,19,40501019,Ph??ng Thành Sen,,
1684,18,T?nh Hà T?nh,405,40501,Thành ph? Hà T?nh,20,40501020,Ph??ng Tr?n Phú,,
1685,18,T?nh Hà T?nh,405,40501,Thành ph? Hà T?nh,21,40501021,Ph??ng Hà Huy T?p,,
1686,18,T?nh Hà T?nh,405,40501,Thành ph? Hà T?nh,22,40501022,Xã Th?ch L?c,,
1687,18,T?nh Hà T?nh,405,40501,Thành ph? Hà T?nh,23,40501023,Xã ??ng Ti?n,,
1688,18,T?nh Hà T?nh,405,40501,Thành ph? Hà T?nh,24,40501024,Xã Th?ch Khê,,
1689,18,T?nh Hà T?nh,405,40501,Thành ph? Hà T?nh,25,40501025,Xã C?m Bình,,
1690,18,T?nh Hà T?nh,405,40513,Huy?n Th?ch Hà,26,40513026,Xã Th?ch Hà,,
1691,18,T?nh Hà T?nh,405,40513,Huy?n Th?ch Hà,27,40513027,Xã Toàn L?u,,
1692,18,T?nh Hà T?nh,405,40513,Huy?n Th?ch Hà,28,40513028,Xã Vi?t Xuyên,,
1693,18,T?nh Hà T?nh,405,40513,Huy?n Th?ch Hà,29,40513029,Xã ?ông Kinh,,
1694,18,T?nh Hà T?nh,405,40513,Huy?n Th?ch Hà,30,40513030,Xã Th?ch Xuân,,
1695,18,T?nh Hà T?nh,405,40513,Huy?n Th?ch Hà,31,40513031,Xã L?c Hà,,
1696,18,T?nh Hà T?nh,405,40513,Huy?n Th?ch Hà,32,40513032,Xã H?ng L?c,,
1697,18,T?nh Hà T?nh,405,40513,Huy?n Th?ch Hà,33,40513033,Xã Mai Ph?,,
1698,18,T?nh Hà T?nh,405,40511,Huy?n Can L?c,34,40511034,Xã Can L?c,,
1699,18,T?nh Hà T?nh,405,40511,Huy?n Can L?c,35,40511035,Xã Tùng L?c,,
1700,18,T?nh Hà T?nh,405,40511,Huy?n Can L?c,36,40511036,Xã Gia Hanh,,
1701,18,T?nh Hà T?nh,405,40511,Huy?n Can L?c,37,40511037,Xã Tr??ng L?u,,
1702,18,T?nh Hà T?nh,405,40511,Huy?n Can L?c,38,40511038,Xã Xuân L?c,,
1703,18,T?nh Hà T?nh,405,40511,Huy?n Can L?c,39,40511039,Xã ??ng L?c,,
1704,18,T?nh Hà T?nh,405,40503,Th? xã H?ng L?nh,40,40503040,Ph??ng B?c H?ng L?nh,,
1705,18,T?nh Hà T?nh,405,40503,Th? xã H?ng L?nh,41,40503041,Ph??ng Nam H?ng L?nh,,
1706,18,T?nh Hà T?nh,405,40505,Huy?n Nghi Xuân,42,40505042,Xã Tiên ?i?n,,
1707,18,T?nh Hà T?nh,405,40505,Huy?n Nghi Xuân,43,40505043,Xã Nghi Xuân,,
1708,18,T?nh Hà T?nh,405,40505,Huy?n Nghi Xuân,44,40505044,Xã C? ??m,,
1709,18,T?nh Hà T?nh,405,40505,Huy?n Nghi Xuân,45,40505045,Xã ?an H?i,,
1710,18,T?nh Hà T?nh,405,40507,Huy?n ??c Th?,46,40507046,Xã ??c Th?,,
1711,18,T?nh Hà T?nh,405,40507,Huy?n ??c Th?,47,40507047,Xã ??c Quang,,
1712,18,T?nh Hà T?nh,405,40507,Huy?n ??c Th?,48,40507048,Xã ??c ??ng,,
1713,18,T?nh Hà T?nh,405,40507,Huy?n ??c Th?,49,40507049,Xã ??c Th?nh,,
1714,18,T?nh Hà T?nh,405,40507,Huy?n ??c Th?,50,40507050,Xã ??c Minh,,
1715,18,T?nh Hà T?nh,405,40509,Huy?n H??ng S?n,51,40509051,Xã H??ng S?n,,
1716,18,T?nh Hà T?nh,405,40509,Huy?n H??ng S?n,52,40509052,Xã S?n Tây,,
1717,18,T?nh Hà T?nh,405,40509,Huy?n H??ng S?n,53,40509053,Xã T? M?,,
1718,18,T?nh Hà T?nh,405,40509,Huy?n H??ng S?n,54,40509054,Xã S?n Giang,,
1719,18,T?nh Hà T?nh,405,40509,Huy?n H??ng S?n,55,40509055,Xã S?n Ti?n,,
1720,18,T?nh Hà T?nh,405,40509,Huy?n H??ng S?n,56,40509056,Xã S?n H?ng,,
1721,18,T?nh Hà T?nh,405,40509,Huy?n H??ng S?n,57,40509057,Xã Kim Hoa,,
1722,18,T?nh Hà T?nh,405,40521,Huy?n V? Quang,58,40521058,Xã V? Quang,,
1723,18,T?nh Hà T?nh,405,40521,Huy?n V? Quang,59,40521059,Xã Mai Hoa,,
1724,18,T?nh Hà T?nh,405,40521,Huy?n V? Quang,60,40521060,Xã Th??ng ??c,,
1725,18,T?nh Hà T?nh,405,40517,Huy?n H??ng Khê,61,40517061,Xã H??ng Khê,,
1726,18,T?nh Hà T?nh,405,40517,Huy?n H??ng Khê,62,40517062,Xã H??ng Ph?,,
1727,18,T?nh Hà T?nh,405,40517,Huy?n H??ng Khê,63,40517063,Xã H??ng ?ô,,
1728,18,T?nh Hà T?nh,405,40517,Huy?n H??ng Khê,64,40517064,Xã Hà Linh,,
1729,18,T?nh Hà T?nh,405,40517,Huy?n H??ng Khê,65,40517065,Xã H??ng Bình,,
1730,18,T?nh Hà T?nh,405,40517,Huy?n H??ng Khê,66,40517066,Xã Phúc Tr?ch,,
1731,18,T?nh Hà T?nh,405,40517,Huy?n H??ng Khê,67,40517067,Xã H??ng Xuân,,
1732,18,T?nh Hà T?nh,405,40509,Huy?n H??ng S?n,68,40509068,Xã S?n Kim 1,,
1733,18,T?nh Hà T?nh,405,40509,Huy?n H??ng S?n,69,40509069,Xã S?n Kim 2,,
1771,19,T?nh Qu?ng Tr?,409,40701,Thành ph? ??ng H?i,1,40701001,Ph??ng ??ng H?i,,
1772,19,T?nh Qu?ng Tr?,409,40701,Thành ph? ??ng H?i,2,40701002,Ph??ng ??ng Thu?n,,
1773,19,T?nh Qu?ng Tr?,409,40701,Thành ph? ??ng H?i,3,40701003,Ph??ng ??ng S?n,,
1774,19,T?nh Qu?ng Tr?,409,40715,Th? xã Ba ??n,4,40715004,Xã Nam Gianh,,
1775,19,T?nh Qu?ng Tr?,409,40715,Th? xã Ba ??n,5,40715005,Xã Nam Ba ??n,,
1776,19,T?nh Qu?ng Tr?,409,40715,Th? xã Ba ??n,6,40715006,Ph??ng Ba ??n,,
1777,19,T?nh Qu?ng Tr?,409,40715,Th? xã Ba ??n,7,40715007,Ph??ng B?c Gianh,,
1778,19,T?nh Qu?ng Tr?,409,40705,Huy?n Minh Hoá,8,40705008,Xã Dân Hóa,,
1779,19,T?nh Qu?ng Tr?,409,40705,Huy?n Minh Hoá,9,40705009,Xã Kim ?i?n,,
1780,19,T?nh Qu?ng Tr?,409,40705,Huy?n Minh Hoá,10,40705010,Xã Kim Phú,,
1781,19,T?nh Qu?ng Tr?,409,40705,Huy?n Minh Hoá,11,40705011,Xã Minh Hóa,,
1782,19,T?nh Qu?ng Tr?,409,40705,Huy?n Minh Hoá,12,40705012,Xã Tân Thành,,
1783,19,T?nh Qu?ng Tr?,409,40703,Huy?n Tuyên Hoá,13,40703013,Xã Tuyên Lâm,,
1784,19,T?nh Qu?ng Tr?,409,40703,Huy?n Tuyên Hoá,14,40703014,Xã Tuyên S?n,,
1785,19,T?nh Qu?ng Tr?,409,40703,Huy?n Tuyên Hoá,15,40703015,Xã ??ng Lê,,
1786,19,T?nh Qu?ng Tr?,409,40703,Huy?n Tuyên Hoá,16,40703016,Xã Tuyên Phú,,
1787,19,T?nh Qu?ng Tr?,409,40703,Huy?n Tuyên Hoá,17,40703017,Xã Tuyên Bình,,
1788,19,T?nh Qu?ng Tr?,409,40703,Huy?n Tuyên Hoá,18,40703018,Xã Tuyên Hóa,,
1789,19,T?nh Qu?ng Tr?,409,40707,Huy?n Qu?ng Tr?ch,19,40707019,Xã Tân Gianh,,
1790,19,T?nh Qu?ng Tr?,409,40707,Huy?n Qu?ng Tr?ch,20,40707020,Xã Trung Thu?n,,
1791,19,T?nh Qu?ng Tr?,409,40707,Huy?n Qu?ng Tr?ch,21,40707021,Xã Qu?ng Tr?ch,,
1792,19,T?nh Qu?ng Tr?,409,40707,Huy?n Qu?ng Tr?ch,22,40707022,Xã Hoà Tr?ch,,
1793,19,T?nh Qu?ng Tr?,409,40707,Huy?n Qu?ng Tr?ch,23,40707023,Xã Phú Tr?ch,,
1794,19,T?nh Qu?ng Tr?,409,40709,Huy?n B? Tr?ch,24,40709024,Xã Th??ng Tr?ch,,
1795,19,T?nh Qu?ng Tr?,409,40709,Huy?n B? Tr?ch,25,40709025,Xã Phong Nha,,
1796,19,T?nh Qu?ng Tr?,409,40709,Huy?n B? Tr?ch,26,40709026,Xã B?c Tr?ch,,
1797,19,T?nh Qu?ng Tr?,409,40709,Huy?n B? Tr?ch,27,40709027,Xã ?ông Tr?ch,,
1798,19,T?nh Qu?ng Tr?,409,40709,Huy?n B? Tr?ch,28,40709028,Xã Hoàn Lão,,
1799,19,T?nh Qu?ng Tr?,409,40709,Huy?n B? Tr?ch,29,40709029,Xã B? Tr?ch,,
1800,19,T?nh Qu?ng Tr?,409,40709,Huy?n B? Tr?ch,30,40709030,Xã Nam Tr?ch,,
1801,19,T?nh Qu?ng Tr?,409,40711,Huy?n Qu?ng Ninh,31,40711031,Xã Qu?ng Ninh,,
1802,19,T?nh Qu?ng Tr?,409,40711,Huy?n Qu?ng Ninh,32,40711032,Xã Ninh Châu,,
1803,19,T?nh Qu?ng Tr?,409,40711,Huy?n Qu?ng Ninh,33,40711033,Xã Tr??ng Ninh,,
1804,19,T?nh Qu?ng Tr?,409,40711,Huy?n Qu?ng Ninh,34,40711034,Xã Tr??ng S?n,,
1805,19,T?nh Qu?ng Tr?,409,40713,Huy?n L? Thu?,35,40713035,Xã L? Th?y,,L?ch mã ph??ng xã m?i và Qu?n huy?n c?
1806,19,T?nh Qu?ng Tr?,409,40713,Huy?n L? Thu?,36,40713036,Xã Cam H?ng,,
1807,19,T?nh Qu?ng Tr?,409,40713,Huy?n L? Thu?,37,40713037,Xã Sen Ng?,,
1808,19,T?nh Qu?ng Tr?,409,40713,Huy?n L? Thu?,38,40713038,Xã Tân M?,,
1809,19,T?nh Qu?ng Tr?,409,40713,Huy?n L? Thu?,39,40713039,Xã Tr??ng Phú,,
1810,19,T?nh Qu?ng Tr?,409,40713,Huy?n L? Thu?,40,40713040,Xã L? Ninh,,
1811,19,T?nh Qu?ng Tr?,409,40713,Huy?n L? Thu?,41,40713041,Xã Kim Ngân,,
1737,19,T?nh Qu?ng Tr?,409,40901,Thành ph? ?ông Hà,42,40901042,Ph??ng ?ông Hà,,
1738,19,T?nh Qu?ng Tr?,409,40901,Thành ph? ?ông Hà,43,40901043,Ph??ng Nam ?ông Hà,,B? d?u ch?m cu?i tên
1770,19,T?nh Qu?ng Tr?,409,40903,Th? xã Qu?ng Tr?,44,40903044,Ph??ng Qu?ng Tr?,,
1751,19,T?nh Qu?ng Tr?,409,40905,Huy?n V?nh Linh,45,40905045,Xã V?nh Linh,,mã 7 ký t?
1752,19,T?nh Qu?ng Tr?,409,40905,Huy?n V?nh Linh,46,40905046,Xã C?a Tùng,,mã 7 ký t?
1753,19,T?nh Qu?ng Tr?,409,40905,Huy?n V?nh Linh,47,40905047,Xã V?nh Hoàng,,mã 7 ký t?
1754,19,T?nh Qu?ng Tr?,409,40905,Huy?n V?nh Linh,48,40905048,Xã V?nh Th?y,,mã 7 ký t?
1755,19,T?nh Qu?ng Tr?,409,40905,Huy?n V?nh Linh,49,40905049,Xã B?n Quan,,mã 7 ký t?
1756,19,T?nh Qu?ng Tr?,409,40907,Huy?n Gio Linh,50,40907050,Xã C?n Tiên,,mã 7 ký t?
1757,19,T?nh Qu?ng Tr?,409,40907,Huy?n Gio Linh,51,40907051,Xã C?a Vi?t,,mã 7 ký t?
1758,19,T?nh Qu?ng Tr?,409,40907,Huy?n Gio Linh,52,40907052,Xã Gio Linh,,mã 7 ký t?
1759,19,T?nh Qu?ng Tr?,409,40907,Huy?n Gio Linh,53,40907053,Xã B?n H?i,,mã 7 ký t?
1739,19,T?nh Qu?ng Tr?,409,40915,Huy?n H??ng Hoá,54,40915054,Xã H??ng L?p,,
1740,19,T?nh Qu?ng Tr?,409,40915,Huy?n H??ng Hoá,55,40915055,Xã H??ng Phùng,,
1741,19,T?nh Qu?ng Tr?,409,40915,Huy?n H??ng Hoá,56,40915056,Xã Khe Sanh,,
1742,19,T?nh Qu?ng Tr?,409,40915,Huy?n H??ng Hoá,57,40915057,Xã Tân L?p,,
1743,19,T?nh Qu?ng Tr?,409,40915,Huy?n H??ng Hoá,58,40915058,Xã Lao B?o,,
1744,19,T?nh Qu?ng Tr?,409,40915,Huy?n H??ng Hoá,59,40915059,Xã Lìa,,
1745,19,T?nh Qu?ng Tr?,409,40915,Huy?n H??ng Hoá,60,40915060,Xã A D?i,,
1746,19,T?nh Qu?ng Tr?,409,40917,Huy?n ?a Krông,61,40917061,Xã La Lay,,
1747,19,T?nh Qu?ng Tr?,409,40917,Huy?n ?a Krông,62,40917062,Xã Tà R?t,,
1748,19,T?nh Qu?ng Tr?,409,40917,Huy?n ?a Krông,63,40917063,Xã ?akrông,,
1749,19,T?nh Qu?ng Tr?,409,40917,Huy?n ?a Krông,64,40917064,Xã Ba Lòng,,
1750,19,T?nh Qu?ng Tr?,409,40917,Huy?n ?a Krông,65,40917065,Xã H??ng Hi?p,,
1735,19,T?nh Qu?ng Tr?,409,40909,Huy?n Cam L?,66,40909066,Xã Cam L?,,
1736,19,T?nh Qu?ng Tr?,409,40909,Huy?n Cam L?,67,40909067,Xã Hi?u Giang,,
1760,19,T?nh Qu?ng Tr?,409,40911,Huy?n Tri?u Phong,68,40911068,Xã Tri?u Phong,,
1761,19,T?nh Qu?ng Tr?,409,40911,Huy?n Tri?u Phong,69,40911069,Xã Ái T?,,
1762,19,T?nh Qu?ng Tr?,409,40911,Huy?n Tri?u Phong,70,40911070,Xã Tri?u Bình,,
1763,19,T?nh Qu?ng Tr?,409,40911,Huy?n Tri?u Phong,71,40911071,Xã Tri?u C?,,
1764,19,T?nh Qu?ng Tr?,409,40911,Huy?n Tri?u Phong,72,40911072,Xã Nam C?a Vi?t,,
1765,19,T?nh Qu?ng Tr?,409,40913,Huy?n H?i L?ng,73,40913073,Xã Diên Sanh,,
1766,19,T?nh Qu?ng Tr?,409,40913,Huy?n H?i L?ng,74,40913074,Xã M? Th?y,,
1767,19,T?nh Qu?ng Tr?,409,40913,Huy?n H?i L?ng,75,40913075,Xã H?i L?ng,,
1768,19,T?nh Qu?ng Tr?,409,40913,Huy?n H?i L?ng,76,40913076,Xã V?nh ??nh,,
1769,19,T?nh Qu?ng Tr?,409,40913,Huy?n H?i L?ng,77,40913077,Xã Nam H?i L?ng,,
1734,19,T?nh Qu?ng Tr?,409,40919,Huy?n ??o C?n C?,78,40919078,??c khu C?n Co?,,
1812,20,Thành ph? Hu?,411,41109,Huy?n Phú Vang,1,41109001,Ph??ng Thu?n An,,
1813,20,Thành ph? Hu?,411,41119,Qu?n Phú Xuân,2,41119002,Ph??ng Hóa Châu,,
1814,20,Thành ph? Hu?,411,41109,Huy?n Phú Vang,3,41109003,Ph??ng M? Th??ng,,
1815,20,Thành ph? Hu?,411,41101,Qu?n Thu?n Hóa,4,41101004,Ph??ng V? D?,,
1816,20,Thành ph? Hu?,411,41101,Qu?n Thu?n Hóa,5,41101005,Ph??ng Thu?n Hóa,,
1817,20,Thành ph? Hu?,411,41101,Qu?n Thu?n Hóa,6,41101006,Ph??ng An C?u,,
1818,20,Thành ph? Hu?,411,41101,Qu?n Thu?n Hóa,7,41101007,Ph??ng Th?y Xuân,,
1819,20,Thành ph? Hu?,411,41119,Qu?n Phú Xuân,8,41119008,Ph??ng Kim Long,,
1820,20,Thành ph? Hu?,411,41119,Qu?n Phú Xuân,9,41119009,Ph??ng H??ng An,,
1821,20,Thành ph? Hu?,411,41119,Qu?n Phú Xuân,10,41119010,Ph??ng Phú Xuân,,
1822,20,Thành ph? Hu?,411,41107,Th? xã H??ng Trà,11,41107011,Ph??ng H??ng Trà,,
1823,20,Thành ph? Hu?,411,41107,Th? xã H??ng Trà,12,41107012,Ph??ng Kim Trà,,
1824,20,Thành ph? Hu?,411,41111,Th? xã H??ng Thu?,13,41111013,Ph??ng Thanh Th?y,,
1825,20,Thành ph? Hu?,411,41111,Th? xã H??ng Thu?,14,41111014,Ph??ng H??ng Th?y,,
1826,20,Thành ph? Hu?,411,41111,Th? xã H??ng Thu?,15,41111015,Ph??ng Phú Bài,,
1827,20,Thành ph? Hu?,411,41103,Th? xã Phong ?i?n,16,41103016,Ph??ng Phong ?i?n,,
1828,20,Thành ph? Hu?,411,41103,Th? xã Phong ?i?n,17,41103017,Ph??ng Phong Thái,,
1829,20,Thành ph? Hu?,411,41103,Th? xã Phong ?i?n,18,41103018,Ph??ng Phong Dinh,,
1830,20,Thành ph? Hu?,411,41103,Th? xã Phong ?i?n,19,41103019,Ph??ng Phong Phú,,
1831,20,Thành ph? Hu?,411,41105,Huy?n Qu?ng ?i?n,20,41105020,Ph??ng Phong Qu?ng,,
1832,20,Thành ph? Hu?,411,41105,Huy?n Qu?ng ?i?n,21,41105021,Xã ?an ?i?n,,
1833,20,Thành ph? Hu?,411,41105,Huy?n Qu?ng ?i?n,22,41105022,Xã Qu?ng ?i?n,,
1834,20,Thành ph? Hu?,411,41109,Huy?n Phú Vang,23,41109023,Xã Phú Vinh,,
1835,20,Thành ph? Hu?,411,41109,Huy?n Phú Vang,24,41109024,Xã Phú H?,,
1836,20,Thành ph? Hu?,411,41109,Huy?n Phú Vang,25,41109025,Xã Phú Vang,,
1837,20,Thành ph? Hu?,411,41113,Huy?n Phú L?c,26,41113026,Xã Vinh L?c,,
1838,20,Thành ph? Hu?,411,41113,Huy?n Phú L?c,27,41113027,Xã H?ng L?c,,
1839,20,Thành ph? Hu?,411,41113,Huy?n Phú L?c,28,41113028,Xã L?c An,,
1840,20,Thành ph? Hu?,411,41113,Huy?n Phú L?c,29,41113029,Xã Phú L?c,,
1841,20,Thành ph? Hu?,411,41113,Huy?n Phú L?c,30,41113030,Xã Chân Mây – L?ng Cô,,
1842,20,Thành ph? Hu?,411,41113,Huy?n Phú L?c,31,41113031,Xã Long Qu?ng,,
1843,20,Thành ph? Hu?,411,41113,Huy?n Phú L?c,32,41113032,Xã Nam ?ông,,
1844,20,Thành ph? Hu?,411,41113,Huy?n Phú L?c,33,41113033,Xã Khe Tre,,
1845,20,Thành ph? Hu?,411,41107,Th? xã H??ng Trà,34,41107034,Xã Bình ?i?n,,
1846,20,Thành ph? Hu?,411,41115,Huy?n A L??i,35,41115035,Xã A L??i 1,,
1847,20,Thành ph? Hu?,411,41115,Huy?n A L??i,36,41115036,Xã A L??i 2,,
1848,20,Thành ph? Hu?,411,41115,Huy?n A L??i,37,41115037,Xã A L??i 3,,
1849,20,Thành ph? Hu?,411,41115,Huy?n A L??i,38,41115038,Xã A L??i 4,,
1850,20,Thành ph? Hu?,411,41115,Huy?n A L??i,39,41115039,Xã A L??i 5,,
1851,20,Thành ph? Hu?,411,41101,Qu?n Thu?n Hóa,40,41101040,Ph??ng D??ng N?,,
1930,21,Tp ?à N?ng,501,50101,Qu?n H?i Châu,1,50101001,Ph??ng H?i Châu,,
1931,21,Tp ?à N?ng,501,50101,Qu?n H?i Châu,2,50101002,Ph??ng Hoà C??ng,,
1932,21,Tp ?à N?ng,501,50103,Qu?n Thanh Khê,3,50103003,Ph??ng Thanh Khê,,
1933,21,Tp ?à N?ng,501,50115,Qu?n C?m L?,4,50115004,Ph??ng An Khê,,
1934,21,Tp ?à N?ng,501,50105,Qu?n S?n Trà,5,50105005,Ph??ng An H?i,,
1935,21,Tp ?à N?ng,501,50105,Qu?n S?n Trà,6,50105006,Ph??ng S?n Trà,,
1936,21,Tp ?à N?ng,501,50107,Qu?n Ng? Hành S?n,7,50107007,Ph??ng Ng? Hành S?n,,
1937,21,Tp ?à N?ng,501,50109,Qu?n Liên Chi?u,8,50109008,Ph??ng Hoà Khánh,,
1938,21,Tp ?à N?ng,501,50109,Qu?n Liên Chi?u,9,50109009,Ph??ng H?i Vân,,
1939,21,Tp ?à N?ng,501,50109,Qu?n Liên Chi?u,10,50109010,Ph??ng Liên Chi?u,,
1940,21,Tp ?à N?ng,501,50115,Qu?n C?m L?,11,50115011,Ph??ng C?m L?,,
1941,21,Tp ?à N?ng,501,50111,Huy?n Hoà Vang,12,50111012,Ph??ng Hoà Xuân,,
1942,21,Tp ?à N?ng,501,50111,Huy?n Hoà Vang,13,50111013,Xã Hoà Vang,,
1943,21,Tp ?à N?ng,501,50111,Huy?n Hoà Vang,14,50111014,Xã Hoà Ti?n,,
1944,21,Tp ?à N?ng,501,50111,Huy?n Hoà Vang,15,50111015,Xã Bà Nà,,
1945,21,Tp ?à N?ng,501,50113,Huy?n ??o Hoàng Sa,16,50113016,??c khu Hoàng Sa,,
1852,21,Tp ?à N?ng,501,50325,Huy?n Núi Thành,17,50325017,Xã Núi Thành,,
1853,21,Tp ?à N?ng,501,50325,Huy?n Núi Thành,18,50325018,Xã Tam M?,,
1854,21,Tp ?à N?ng,501,50325,Huy?n Núi Thành,19,50325019,Xã Tam Anh,,
1855,21,Tp ?à N?ng,501,50325,Huy?n Núi Thành,20,50325020,Xã ??c Phú,,
1856,21,Tp ?à N?ng,501,50325,Huy?n Núi Thành,21,50325021,Xã Tam Xuân,,
1857,21,Tp ?à N?ng,501,50325,Huy?n Núi Thành,22,50325022,Xã Tam H?i,,
1858,21,Tp ?à N?ng,501,50301,Thành ph? Tam K?,23,50301023,Ph??ng Tam K?,,
1859,21,Tp ?à N?ng,501,50301,Thành ph? Tam K?,24,50301024,Ph??ng Qu?ng Phú,,
1860,21,Tp ?à N?ng,501,50301,Thành ph? Tam K?,25,50301025,Ph??ng H??ng Trà,,
1861,21,Tp ?à N?ng,501,50301,Thành ph? Tam K?,26,50301026,Ph??ng Bàn Th?ch,,
1862,21,Tp ?à N?ng,501,50302,Huy?n Phú Ninh,27,50302027,Xã Tây H?,,
1863,21,Tp ?à N?ng,501,50302,Huy?n Phú Ninh,28,50302028,Xã Chiên ?àn,,
1864,21,Tp ?à N?ng,501,50302,Huy?n Phú Ninh,29,50302029,Xã Phú Ninh,,
1865,21,Tp ?à N?ng,501,50321,Huy?n Tiên Ph??c,30,50321030,Xã Lãnh Ng?c,,
1866,21,Tp ?à N?ng,501,50321,Huy?n Tiên Ph??c,31,50321031,Xã Tiên Ph??c,,
1867,21,Tp ?à N?ng,501,50321,Huy?n Tiên Ph??c,32,50321032,Xã Th?nh Bình,,
1868,21,Tp ?à N?ng,501,50321,Huy?n Tiên Ph??c,33,50321033,Xã S?n C?m Hà,,
1869,21,Tp ?à N?ng,501,50327,Huy?n B?c Trà My,34,50327034,Xã Trà Liên,,
1870,21,Tp ?à N?ng,501,50327,Huy?n B?c Trà My,35,50327035,Xã Trà Giáp,,
1871,21,Tp ?à N?ng,501,50327,Huy?n B?c Trà My,36,50327036,Xã Trà Tân,,
1872,21,Tp ?à N?ng,501,50327,Huy?n B?c Trà My,37,50327037,Xã Trà ??c,,
1873,21,Tp ?à N?ng,501,50327,Huy?n B?c Trà My,38,50327038,Xã Trà My,,
1874,21,Tp ?à N?ng,501,50329,Huy?n Nam Trà My,39,50329039,Xã Nam Trà My,,
1875,21,Tp ?à N?ng,501,50329,Huy?n Nam Trà My,40,50329040,Xã Trà T?p,,
1876,21,Tp ?à N?ng,501,50329,Huy?n Nam Trà My,41,50329041,Xã Trà Vân,,
1877,21,Tp ?à N?ng,501,50329,Huy?n Nam Trà My,42,50329042,Xã Trà Linh,,
1878,21,Tp ?à N?ng,501,50329,Huy?n Nam Trà My,43,50329043,Xã Trà Leng,,
1879,21,Tp ?à N?ng,501,50315,Huy?n Th?ng Bình,44,50315044,Xã Th?ng Bình,,
1880,21,Tp ?à N?ng,501,50315,Huy?n Th?ng Bình,45,50315045,Xã Th?ng An,,
1881,21,Tp ?à N?ng,501,50315,Huy?n Th?ng Bình,46,50315046,Xã Th?ng Tr??ng,,
1882,21,Tp ?à N?ng,501,50315,Huy?n Th?ng Bình,47,50315047,Xã Th?ng ?i?n,,
1883,21,Tp ?à N?ng,501,50315,Huy?n Th?ng Bình,48,50315048,Xã Th?ng Phú,,
1884,21,Tp ?à N?ng,501,50315,Huy?n Th?ng Bình,49,50315049,Xã ??ng D??ng,,
1885,21,Tp ?à N?ng,501,50317,Huy?n Qu? S?n,50,50317050,Xã Qu? S?n Trung,,
1886,21,Tp ?à N?ng,501,50317,Huy?n Qu? S?n,51,50317051,Xã Qu? S?n,,
1887,21,Tp ?à N?ng,501,50317,Huy?n Qu? S?n,52,50317052,Xã Xuân Phú,,
1888,21,Tp ?à N?ng,501,50317,Huy?n Qu? S?n,53,50317053,Xã Nông S?n,,
1889,21,Tp ?à N?ng,501,50317,Huy?n Qu? S?n,54,50317054,Xã Qu? Ph??c,,
1890,21,Tp ?à N?ng,501,50311,Huy?n Duy Xuyên,55,50311055,Xã Duy Ngh?a,,
1891,21,Tp ?à N?ng,501,50311,Huy?n Duy Xuyên,56,50311056,Xã Nam Ph??c,,
1892,21,Tp ?à N?ng,501,50311,Huy?n Duy Xuyên,57,50311057,Xã Duy Xuyên,,
1893,21,Tp ?à N?ng,501,50311,Huy?n Duy Xuyên,58,50311058,Xã Thu B?n,,
1894,21,Tp ?à N?ng,501,50309,Th? xã ?i?n Bàn,59,50309059,Ph??ng ?i?n Bàn,,
1895,21,Tp ?à N?ng,501,50309,Th? xã ?i?n Bàn,60,50309060,Ph??ng ?i?n Bàn ?ông,,
1896,21,Tp ?à N?ng,501,50309,Th? xã ?i?n Bàn,61,50309061,Ph??ng An Th?ng,,
1897,21,Tp ?à N?ng,501,50309,Th? xã ?i?n Bàn,62,50309062,Ph??ng ?i?n Bàn B?c,,
1898,21,Tp ?à N?ng,501,50309,Th? xã ?i?n Bàn,63,50309063,Xã ?i?n Bàn Tây,,
1899,21,Tp ?à N?ng,501,50309,Th? xã ?i?n Bàn,64,50309064,Xã Gò N?i,,
1900,21,Tp ?à N?ng,501,50303,Thành ph? H?i An,65,50303065,Ph??ng H?i An,,
1901,21,Tp ?à N?ng,501,50303,Thành ph? H?i An,66,50303066,Ph??ng H?i An ?ông,,
1902,21,Tp ?à N?ng,501,50303,Thành ph? H?i An,67,50303067,Ph??ng H?i An Tây,,
1903,21,Tp ?à N?ng,501,50303,Thành ph? H?i An,68,50303068,Xã Tân Hi?p,,
1904,21,Tp ?à N?ng,501,50307,Huy?n ??i L?c,69,50307069,Xã ??i L?c,,
1905,21,Tp ?à N?ng,501,50307,Huy?n ??i L?c,70,50307070,Xã Hà Nha,,
1906,21,Tp ?à N?ng,501,50307,Huy?n ??i L?c,71,50307071,Xã Th??ng ??c,,
1907,21,Tp ?à N?ng,501,50307,Huy?n ??i L?c,72,50307072,Xã Vu Gia,,
1908,21,Tp ?à N?ng,501,50307,Huy?n ??i L?c,73,50307073,Xã Phú Thu?n,,
1909,21,Tp ?à N?ng,501,50313,Huy?n Nam Giang,74,50313074,Xã Th?nh M?,,
1910,21,Tp ?à N?ng,501,50313,Huy?n Nam Giang,75,50313075,Xã B?n Gi?ng,,
1911,21,Tp ?à N?ng,501,50313,Huy?n Nam Giang,76,50313076,Xã Nam Giang,,
1912,21,Tp ?à N?ng,501,50313,Huy?n Nam Giang,77,50313077,Xã ??c Pring,,
1913,21,Tp ?à N?ng,501,50313,Huy?n Nam Giang,78,50313078,Xã La Dêê,,
1914,21,Tp ?à N?ng,501,50313,Huy?n Nam Giang,79,50313079,Xã La Êê,,
1915,21,Tp ?à N?ng,501,50305,Huy?n ?ông Giang,80,50305080,Xã Sông Vàng,,
1916,21,Tp ?à N?ng,501,50305,Huy?n ?ông Giang,81,50305081,Xã Sông Kôn,,
1917,21,Tp ?à N?ng,501,50305,Huy?n ?ông Giang,82,50305082,Xã ?ông Giang,,
1918,21,Tp ?à N?ng,501,50305,Huy?n ?ông Giang,83,50305083,Xã B?n Hiên,,
1919,21,Tp ?à N?ng,501,50304,Huy?n Tây Giang,84,50304084,Xã Av??ng,,
1920,21,Tp ?à N?ng,501,50304,Huy?n Tây Giang,85,50304085,Xã Tây Giang,,
1921,21,Tp ?à N?ng,501,50304,Huy?n Tây Giang,86,50304086,Xã Hùng S?n,,
1922,21,Tp ?à N?ng,501,50319,Huy?n Hi?p ??c,87,50319087,Xã Hi?p ??c,,
1923,21,Tp ?à N?ng,501,50319,Huy?n Hi?p ??c,88,50319088,Xã Vi?t An,,
1924,21,Tp ?à N?ng,501,50319,Huy?n Hi?p ??c,89,50319089,Xã Ph??c Trà,,
1925,21,Tp ?à N?ng,501,50323,Huy?n Ph??c S?n,90,50323090,Xã Khâm ??c,,
1926,21,Tp ?à N?ng,501,50323,Huy?n Ph??c S?n,91,50323091,Xã Ph??c N?ng,,
1927,21,Tp ?à N?ng,501,50323,Huy?n Ph??c S?n,92,50323092,Xã Ph??c Chánh,,
1928,21,Tp ?à N?ng,501,50323,Huy?n Ph??c S?n,93,50323093,Xã Ph??c Thành,,
1929,21,Tp ?à N?ng,501,50323,Huy?n Ph??c S?n,94,50323094,Xã Ph??c Hi?p,,
1986,22,T?nh Qu?ng Ngãi,505,50501,Thành ph? Qu?ng Ngãi,1,50501001,Xã T?nh Khê,,
1987,22,T?nh Qu?ng Ngãi,505,50501,Thành ph? Qu?ng Ngãi,2,50501002,Ph??ng Tr??ng Quang Tr?ng,,
1988,22,T?nh Qu?ng Ngãi,505,50501,Thành ph? Qu?ng Ngãi,3,50501003,Xã An Phú,,
1989,22,T?nh Qu?ng Ngãi,505,50501,Thành ph? Qu?ng Ngãi,4,50501004,Ph??ng C?m Thành,,
1990,22,T?nh Qu?ng Ngãi,505,50501,Thành ph? Qu?ng Ngãi,5,50501005,Ph??ng Ngh?a L?,,
1991,22,T?nh Qu?ng Ngãi,505,50523,Th? xã ??c Ph?,6,50523006,Ph??ng Trà Câu,,
1992,22,T?nh Qu?ng Ngãi,505,50523,Th? xã ??c Ph?,7,50523007,Xã Nguy?n Nghiêm,,
1993,22,T?nh Qu?ng Ngãi,505,50523,Th? xã ??c Ph?,8,50523008,Ph??ng ??c Ph?,,
1994,22,T?nh Qu?ng Ngãi,505,50523,Th? xã ??c Ph?,9,50523009,Xã Khánh C??ng,,
1995,22,T?nh Qu?ng Ngãi,505,50523,Th? xã ??c Ph?,10,50523010,Ph??ng Sa Hu?nh,,
1996,22,T?nh Qu?ng Ngãi,505,50505,Huy?n Bình S?n,11,50505011,Xã Bình Minh,,
1997,22,T?nh Qu?ng Ngãi,505,50505,Huy?n Bình S?n,12,50505012,Xã Bình Ch??ng,,
1998,22,T?nh Qu?ng Ngãi,505,50505,Huy?n Bình S?n,13,50505013,Xã Bình S?n,,
1999,22,T?nh Qu?ng Ngãi,505,50505,Huy?n Bình S?n,14,50505014,Xã V?n T??ng,,
2000,22,T?nh Qu?ng Ngãi,505,50505,Huy?n Bình S?n,15,50505015,Xã ?ông S?n,,
2001,22,T?nh Qu?ng Ngãi,505,50509,Huy?n S?n T?nh,16,50509016,Xã Tr??ng Giang,,
2002,22,T?nh Qu?ng Ngãi,505,50509,Huy?n S?n T?nh,17,50509017,Xã Ba Gia,,
2003,22,T?nh Qu?ng Ngãi,505,50509,Huy?n S?n T?nh,18,50509018,Xã S?n T?nh,,
2004,22,T?nh Qu?ng Ngãi,505,50509,Huy?n S?n T?nh,19,50509019,Xã Th? Phong,,
2005,22,T?nh Qu?ng Ngãi,505,50515,Huy?n T? Ngh?a,20,50515020,Xã T? Ngh?a,,
2006,22,T?nh Qu?ng Ngãi,505,50515,Huy?n T? Ngh?a,21,50515021,Xã V? Giang,,
2007,22,T?nh Qu?ng Ngãi,505,50515,Huy?n T? Ngh?a,22,50515022,Xã Ngh?a Giang,,
2008,22,T?nh Qu?ng Ngãi,505,50515,Huy?n T? Ngh?a,23,50515023,Xã Trà Giang,,
2009,22,T?nh Qu?ng Ngãi,505,50517,Huy?n Ngh?a Hành,24,50517024,Xã Ngh?a Hành,,
2010,22,T?nh Qu?ng Ngãi,505,50517,Huy?n Ngh?a Hành,25,50517025,Xã ?ình C??ng,,
2011,22,T?nh Qu?ng Ngãi,505,50517,Huy?n Ngh?a Hành,26,50517026,Xã Thi?n Tín,,
2012,22,T?nh Qu?ng Ngãi,505,50517,Huy?n Ngh?a Hành,27,50517027,Xã Ph??c Giang,,
2013,22,T?nh Qu?ng Ngãi,505,50521,Huy?n M? ??c,28,50521028,Xã Long Ph?ng,,
2014,22,T?nh Qu?ng Ngãi,505,50521,Huy?n M? ??c,29,50521029,Xã Mo? Cày,,
2015,22,T?nh Qu?ng Ngãi,505,50521,Huy?n M? ??c,30,50521030,Xã M? ??c,,
2016,22,T?nh Qu?ng Ngãi,505,50521,Huy?n M? ??c,31,50521031,Xã Lân Phong,,
2017,22,T?nh Qu?ng Ngãi,505,50507,Huy?n Trà B?ng,32,50507032,Xã Trà B?ng,,
2018,22,T?nh Qu?ng Ngãi,505,50507,Huy?n Trà B?ng,33,50507033,Xã ?ông Trà B?ng,,
2019,22,T?nh Qu?ng Ngãi,505,50507,Huy?n Trà B?ng,34,50507034,Xã Tây Trà,,
2020,22,T?nh Qu?ng Ngãi,505,50507,Huy?n Trà B?ng,35,50507035,Xã Thanh B?ng,,
2021,22,T?nh Qu?ng Ngãi,505,50507,Huy?n Trà B?ng,36,50507036,Xã Cà ?am,,
2022,22,T?nh Qu?ng Ngãi,505,50507,Huy?n Trà B?ng,37,50507037,Xã Tây Trà B?ng,,
2023,22,T?nh Qu?ng Ngãi,505,50513,Huy?n S?n Hà,38,50513038,Xã S?n H?,,
2024,22,T?nh Qu?ng Ngãi,505,50513,Huy?n S?n Hà,39,50513039,Xã S?n Linh,,
2025,22,T?nh Qu?ng Ngãi,505,50513,Huy?n S?n Hà,40,50513040,Xã S?n Hà,,
2026,22,T?nh Qu?ng Ngãi,505,50513,Huy?n S?n Hà,41,50513041,Xã S?n Th?y,,
2027,22,T?nh Qu?ng Ngãi,505,50513,Huy?n S?n Hà,42,50513042,Xã S?n K?,,
2028,22,T?nh Qu?ng Ngãi,505,50511,Huy?n S?n Tây,43,50511043,Xã S?n Tây,,
2029,22,T?nh Qu?ng Ngãi,505,50511,Huy?n S?n Tây,44,50511044,Xã S?n Tây Th??ng,,
2030,22,T?nh Qu?ng Ngãi,505,50511,Huy?n S?n Tây,45,50511045,Xã S?n Tây H?,,
2031,22,T?nh Qu?ng Ngãi,505,50519,Huy?n Minh Long,46,50519046,Xã Minh Long,,
2032,22,T?nh Qu?ng Ngãi,505,50519,Huy?n Minh Long,47,50519047,Xã S?n Mai,,
2033,22,T?nh Qu?ng Ngãi,505,50525,Huy?n Ba T?,48,50525048,Xã Ba Vì,,
2034,22,T?nh Qu?ng Ngãi,505,50525,Huy?n Ba T?,49,50525049,Xã Ba Tô,,
2035,22,T?nh Qu?ng Ngãi,505,50525,Huy?n Ba T?,50,50525050,Xã Ba Dinh,,
2036,22,T?nh Qu?ng Ngãi,505,50525,Huy?n Ba T?,51,50525051,Xã Ba T?,,
2037,22,T?nh Qu?ng Ngãi,505,50525,Huy?n Ba T?,52,50525052,Xã Ba Vinh,,
2038,22,T?nh Qu?ng Ngãi,505,50525,Huy?n Ba T?,53,50525053,Xã Ba ??ng,,
2039,22,T?nh Qu?ng Ngãi,505,50525,Huy?n Ba T?,54,50525054,Xã ??ng Thùy Trâm,,
2040,22,T?nh Qu?ng Ngãi,505,50525,Huy?n Ba T?,55,50525055,Xã Ba Xa,,
2041,22,T?nh Qu?ng Ngãi,505,50503,Huy?n Lý S?n,56,50503056,??c khu Lý S?n,,
1946,22,T?nh Qu?ng Ngãi,505,60101,Thành ph? Kon Tum,57,60101057,Ph??ng Kon Tum,,
1947,22,T?nh Qu?ng Ngãi,505,60101,Thành ph? Kon Tum,58,60101058,Ph??ng ??k C?m,,
1948,22,T?nh Qu?ng Ngãi,505,60101,Thành ph? Kon Tum,59,60101059,Ph??ng ??k BLa,,
1949,22,T?nh Qu?ng Ngãi,505,60101,Thành ph? Kon Tum,60,60101060,Xã Ng?k Bay,,
1950,22,T?nh Qu?ng Ngãi,505,60101,Thành ph? Kon Tum,61,60101061,Xã Ia Chim,,
1951,22,T?nh Qu?ng Ngãi,505,60101,Thành ph? Kon Tum,62,60101062,Xã ??k R? Wa,,
1952,22,T?nh Qu?ng Ngãi,505,60111,Huy?n ??k Hà,63,60111063,Xã ??k Pxi,,
1953,22,T?nh Qu?ng Ngãi,505,60111,Huy?n ??k Hà,64,60111064,Xã ??k Mar,,
1954,22,T?nh Qu?ng Ngãi,505,60111,Huy?n ??k Hà,65,60111065,Xã ??k Ui,,
1955,22,T?nh Qu?ng Ngãi,505,60111,Huy?n ??k Hà,66,60111066,Xã Ng?k Réo,,
1956,22,T?nh Qu?ng Ngãi,505,60111,Huy?n ??k Hà,67,60111067,Xã ??k Hà,,
1957,22,T?nh Qu?ng Ngãi,505,60107,Huy?n ??k Tô,68,60107068,Xã Ng?k T?,,
1958,22,T?nh Qu?ng Ngãi,505,60107,Huy?n ??k Tô,69,60107069,Xã ??k Tô,,
1959,22,T?nh Qu?ng Ngãi,505,60107,Huy?n ??k Tô,70,60107070,Xã Kon ?ào,,
1960,22,T?nh Qu?ng Ngãi,505,60115,Huy?n Tu M? Rông,71,60115071,Xã ??k Sao,,
1961,22,T?nh Qu?ng Ngãi,505,60115,Huy?n Tu M? Rông,72,60115072,Xã ??k T? Kan,,
1962,22,T?nh Qu?ng Ngãi,505,60115,Huy?n Tu M? Rông,73,60115073,Xã Tu M? Rông,,
1963,22,T?nh Qu?ng Ngãi,505,60115,Huy?n Tu M? Rông,74,60115074,Xã M?ng Ri,,
1964,22,T?nh Qu?ng Ngãi,505,60105,Huy?n Ng?c H?i,75,60105075,Xã B? Y,,
1965,22,T?nh Qu?ng Ngãi,505,60105,Huy?n Ng?c H?i,76,60105076,Xã Sa Loong,,
1966,22,T?nh Qu?ng Ngãi,505,60105,Huy?n Ng?c H?i,77,60105077,Xã D?c Nông,,
1967,22,T?nh Qu?ng Ngãi,505,60103,Huy?n ??k Glei,78,60103078,Xã X?p,,
1968,22,T?nh Qu?ng Ngãi,505,60103,Huy?n ??k Glei,79,60103079,Xã Ng?c Linh,,
1969,22,T?nh Qu?ng Ngãi,505,60103,Huy?n ??k Glei,80,60103080,Xã ??k Plô,,
1970,22,T?nh Qu?ng Ngãi,505,60103,Huy?n ??k Glei,81,60103081,Xã ??k Pék,,
1971,22,T?nh Qu?ng Ngãi,505,60103,Huy?n ??k Glei,82,60103082,Xã ??k Môn,,
1972,22,T?nh Qu?ng Ngãi,505,60113,Huy?n Sa Th?y,83,60113083,Xã Sa Th?y,,
1973,22,T?nh Qu?ng Ngãi,505,60113,Huy?n Sa Th?y,84,60113084,Xã Sa Bình,,
1974,22,T?nh Qu?ng Ngãi,505,60113,Huy?n Sa Th?y,85,60113085,Xã Ya Ly,,
1975,22,T?nh Qu?ng Ngãi,505,60114,Huy?n Ia H'Drai,86,60114086,Xã Ia T?i,,
1976,22,T?nh Qu?ng Ngãi,505,60108,Huy?n Kon R?y,87,60108087,Xã ??k Kôi,,
1977,22,T?nh Qu?ng Ngãi,505,60108,Huy?n Kon R?y,88,60108088,Xã Kon Braih,,
1978,22,T?nh Qu?ng Ngãi,505,60108,Huy?n Kon R?y,89,60108089,Xã ??k Rve,,
1979,22,T?nh Qu?ng Ngãi,505,60109,Huy?n Kon Plông,90,60109090,Xã M?ng ?en,,
1980,22,T?nh Qu?ng Ngãi,505,60109,Huy?n Kon Plông,91,60109091,Xã M?ng Bút,,
1981,22,T?nh Qu?ng Ngãi,505,60109,Huy?n Kon Plông,92,60109092,Xã Kon Plông,,
1982,22,T?nh Qu?ng Ngãi,505,60103,Huy?n ??k Glei,93,60103093,Xã ??k Long,,
1983,22,T?nh Qu?ng Ngãi,505,60113,Huy?n Sa Th?y,94,60113094,Xã R? K?i,,
1984,22,T?nh Qu?ng Ngãi,505,60113,Huy?n Sa Th?y,95,60113095,Xã Mô Rai,,
1985,22,T?nh Qu?ng Ngãi,505,60114,Huy?n Ia H'Drai,96,60114096,Xã Ia ?al,,
2042,23,T?nh Khánh Hòa,511,51101,Thành ph? Nha Trang,1,51101001,Ph??ng Nha Trang,,
2043,23,T?nh Khánh Hòa,511,51101,Thành ph? Nha Trang,2,51101002,Ph??ng B?c Nha Trang,,
2044,23,T?nh Khánh Hòa,511,51101,Thành ph? Nha Trang,3,51101003,Ph??ng Tây Nha Trang,,
2045,23,T?nh Khánh Hòa,511,51101,Thành ph? Nha Trang,4,51101004,Ph??ng Nam Nha Trang,,
2046,23,T?nh Khánh Hòa,511,51109,Thành ph? Cam Ranh,5,51109005,Ph??ng B?c Cam Ranh,,
2047,23,T?nh Khánh Hòa,511,51109,Thành ph? Cam Ranh,6,51109006,Ph??ng Cam Ranh,,
2048,23,T?nh Khánh Hòa,511,51109,Thành ph? Cam Ranh,7,51109007,Ph??ng Cam Linh,,
2049,23,T?nh Khánh Hòa,511,51109,Thành ph? Cam Ranh,8,51109008,Ph??ng Ba Ngòi,,
2050,23,T?nh Khánh Hòa,511,51109,Thành ph? Cam Ranh,9,51109009,Xã Nam Cam Ranh,,
2051,23,T?nh Khánh Hòa,511,51105,Th? xã Ninh Hoà,10,51105010,Xã B?c Ninh Hoà,,
2052,23,T?nh Khánh Hòa,511,51105,Th? xã Ninh Hoà,11,51105011,Ph??ng Ninh Hoà,,
2053,23,T?nh Khánh Hòa,511,51105,Th? xã Ninh Hoà,12,51105012,Xã Tân ??nh,,
2054,23,T?nh Khánh Hòa,511,51105,Th? xã Ninh Hoà,13,51105013,Ph??ng ?ông Ninh Hoà,,
2055,23,T?nh Khánh Hòa,511,51105,Th? xã Ninh Hoà,14,51105014,Ph??ng Hoà Th?ng,,
2056,23,T?nh Khánh Hòa,511,51105,Th? xã Ninh Hoà,15,51105015,Xã Nam Ninh Hoà,,
2057,23,T?nh Khánh Hòa,511,51105,Th? xã Ninh Hoà,16,51105016,Xã Tây Ninh Hoà,,
2058,23,T?nh Khánh Hòa,511,51105,Th? xã Ninh Hoà,17,51105017,Xã Hoà Trí,,
2059,23,T?nh Khánh Hòa,511,51103,Huy?n V?n Ninh,18,51103018,Xã ??i Lãnh,,
2060,23,T?nh Khánh Hòa,511,51103,Huy?n V?n Ninh,19,51103019,Xã Tu Bông,,
2061,23,T?nh Khánh Hòa,511,51103,Huy?n V?n Ninh,20,51103020,Xã V?n Th?ng,,
2062,23,T?nh Khánh Hòa,511,51103,Huy?n V?n Ninh,21,51103021,Xã V?n Ninh,,
2063,23,T?nh Khánh Hòa,511,51103,Huy?n V?n Ninh,22,51103022,Xã V?n H?ng,,
2064,23,T?nh Khánh Hòa,511,51107,Huy?n Diên Khánh,23,51107023,Xã Diên Khánh,,
2065,23,T?nh Khánh Hòa,511,51107,Huy?n Diên Khánh,24,51107024,Xã Diên L?c,,
2066,23,T?nh Khánh Hòa,511,51107,Huy?n Diên Khánh,25,51107025,Xã Diên ?i?n,,
2067,23,T?nh Khánh Hòa,511,51107,Huy?n Diên Khánh,26,51107026,Xã Diên Lâm,,
2068,23,T?nh Khánh Hòa,511,51107,Huy?n Diên Khánh,27,51107027,Xã Diên Th?,,
2069,23,T?nh Khánh Hòa,511,51107,Huy?n Diên Khánh,28,51107028,Xã Su?i Hi?p,,
2070,23,T?nh Khánh Hòa,511,51117,Huy?n Cam Lâm,29,51117029,Xã Cam Lâm,,
2071,23,T?nh Khánh Hòa,511,51117,Huy?n Cam Lâm,30,51117030,Xã Su?i D?u,,
2072,23,T?nh Khánh Hòa,511,51117,Huy?n Cam Lâm,31,51117031,Xã Cam Hi?p,,
2073,23,T?nh Khánh Hòa,511,51117,Huy?n Cam Lâm,32,51117032,Xã Cam An,,
2074,23,T?nh Khánh Hòa,511,51111,Huy?n Khánh V?nh,33,51111033,Xã B?c Khánh V?nh,,
2075,23,T?nh Khánh Hòa,511,51111,Huy?n Khánh V?nh,34,51111034,Xã Trung Khánh V?nh,,
2076,23,T?nh Khánh Hòa,511,51111,Huy?n Khánh V?nh,35,51111035,Xã Tây Khánh V?nh,,
2077,23,T?nh Khánh Hòa,511,51111,Huy?n Khánh V?nh,36,51111036,Xã Nam Khánh V?nh,,
2078,23,T?nh Khánh Hòa,511,51111,Huy?n Khánh V?nh,37,51111037,Xã Khánh V?nh,,
2079,23,T?nh Khánh Hòa,511,51113,Huy?n Khánh S?n,38,51113038,Xã Khánh S?n,,
2080,23,T?nh Khánh Hòa,511,51113,Huy?n Khánh S?n,39,51113039,Xã Tây Khánh S?n,,
2081,23,T?nh Khánh Hòa,511,51113,Huy?n Khánh S?n,40,51113040,Xã ?ông Khánh S?n,,
2082,23,T?nh Khánh Hòa,511,51115,Huy?n Tr??ng Sa,41,51115041,??c khu Tr??ng Sa,,
2083,23,T?nh Khánh Hòa,511,70501,TP.Phan Rang-Tháp Chàm,42,70501042,Ph??ng Phan Rang,,
2084,23,T?nh Khánh Hòa,511,70501,TP.Phan Rang-Tháp Chàm,43,70501043,Ph??ng ?ông H?i,,
2085,23,T?nh Khánh Hòa,511,70505,Huy?n Ninh H?i,44,70505044,Ph??ng Ninh Ch?,,
2086,23,T?nh Khánh Hòa,511,70501,TP.Phan Rang-Tháp Chàm,45,70501045,Ph??ng B?o An,,
2087,23,T?nh Khánh Hòa,511,70501,TP.Phan Rang-Tháp Chàm,46,70501046,Ph??ng ?ô Vinh,,
2088,23,T?nh Khánh Hòa,511,70507,Huy?n Ninh Ph??c,47,70507047,Xã Ninh Ph??c,,
2089,23,T?nh Khánh Hòa,511,70507,Huy?n Ninh Ph??c,48,70507048,Xã Ph??c H?u,,
2090,23,T?nh Khánh Hòa,511,70507,Huy?n Ninh Ph??c,49,70507049,Xã Ph??c H?u,,
2091,23,T?nh Khánh Hòa,511,70513,Huy?n Thu?n Nam,50,70513050,Xã Thu?n Nam,,
2092,23,T?nh Khánh Hòa,511,70513,Huy?n Thu?n Nam,51,70513051,Xã Cà Ná,,
2093,23,T?nh Khánh Hòa,511,70513,Huy?n Thu?n Nam,52,70513052,Xã Ph??c Hà,,
2094,23,T?nh Khánh Hòa,511,70513,Huy?n Thu?n Nam,53,70513053,Xã Ph??c Dinh,,
2095,23,T?nh Khánh Hòa,511,70505,Huy?n Ninh H?i,54,70505054,Xã Ninh H?i,,
2096,23,T?nh Khánh Hòa,511,70505,Huy?n Ninh H?i,55,70505055,Xã Xuân H?i,,
2097,23,T?nh Khánh Hòa,511,70505,Huy?n Ninh H?i,56,70505056,Xã V?nh H?i,,
2098,23,T?nh Khánh Hòa,511,70511,Huy?n Thu?n B?c,57,70511057,Xã Thu?n B?c,,
2099,23,T?nh Khánh Hòa,511,70511,Huy?n Thu?n B?c,58,70511058,Xã Công H?i,,
2100,23,T?nh Khánh Hòa,511,70503,Huy?n Ninh S?n,59,70503059,Xã Ninh S?n,,
2101,23,T?nh Khánh Hòa,511,70503,Huy?n Ninh S?n,60,70503060,Xã Lâm S?n,,
2102,23,T?nh Khánh Hòa,511,70503,Huy?n Ninh S?n,61,70503061,Xã Anh D?ng,,
2103,23,T?nh Khánh Hòa,511,70503,Huy?n Ninh S?n,62,70503062,Xã M? S?n,,
2104,23,T?nh Khánh Hòa,511,70509,Huy?n Bác Ái,63,70509063,Xã Bác Ái ?ông,,
2105,23,T?nh Khánh Hòa,511,70509,Huy?n Bác Ái,64,70509064,Xã Bác Ái,,
2106,23,T?nh Khánh Hòa,511,70509,Huy?n Bác Ái,65,70509065,Xã Bác Ái Tây,,
2185,24,T?nh Gia Lai,603,50701,Thành ph? Quy Nh?n,1,50701001,Ph??ng Quy Nh?n,,
2186,24,T?nh Gia Lai,603,50701,Thành ph? Quy Nh?n,2,50701002,Ph??ng Quy Nh?n ?ông,,
2187,24,T?nh Gia Lai,603,50701,Thành ph? Quy Nh?n,3,50701003,Ph??ng Quy Nh?n Tây,,
2188,24,T?nh Gia Lai,603,50701,Thành ph? Quy Nh?n,4,50701004,Ph??ng Quy Nh?n Nam,,
2189,24,T?nh Gia Lai,603,50701,Thành ph? Quy Nh?n,5,50701005,Ph??ng Quy Nh?n B?c,,
2190,24,T?nh Gia Lai,603,50717,Th? xã An Nh?n,6,50717006,Ph??ng Bình ??nh,,
2191,24,T?nh Gia Lai,603,50717,Th? xã An Nh?n,7,50717007,Ph??ng An Nh?n,,
2192,24,T?nh Gia Lai,603,50717,Th? xã An Nh?n,8,50717008,Ph??ng An Nh?n ?ông,,
2193,24,T?nh Gia Lai,603,50717,Th? xã An Nh?n,9,50717009,Ph??ng An Nh?n Nam,,
2194,24,T?nh Gia Lai,603,50717,Th? xã An Nh?n,10,50717010,Ph??ng An Nh?n B?c,,
2195,24,T?nh Gia Lai,603,50717,Th? xã An Nh?n,11,50717011,Xã An Nh?n Tây,,
2196,24,T?nh Gia Lai,603,50705,Th? xã Hoài Nh?n,12,50705012,Ph??ng B?ng S?n,,
2197,24,T?nh Gia Lai,603,50705,Th? xã Hoài Nh?n,13,50705013,Ph??ng Hoài Nh?n,,
2198,24,T?nh Gia Lai,603,50705,Th? xã Hoài Nh?n,14,50705014,Ph??ng Tam Quan,,
2199,24,T?nh Gia Lai,603,50705,Th? xã Hoài Nh?n,15,50705015,Ph??ng Hoài Nh?n ?ông,,
2200,24,T?nh Gia Lai,603,50705,Th? xã Hoài Nh?n,16,50705016,Ph??ng Hoài Nh?n Tây,,
2201,24,T?nh Gia Lai,603,50705,Th? xã Hoài Nh?n,17,50705017,Ph??ng Hoài Nh?n Nam,,
2202,24,T?nh Gia Lai,603,50705,Th? xã Hoài Nh?n,18,50705018,Ph??ng Hoài Nh?n B?c,,
2203,24,T?nh Gia Lai,603,50713,Huy?n Phù Cát,19,50713019,Xã Phù Cát,,
2204,24,T?nh Gia Lai,603,50713,Huy?n Phù Cát,20,50713020,Xã Xuân An,,
2205,24,T?nh Gia Lai,603,50713,Huy?n Phù Cát,21,50713021,Xã Ngô Mây,,
2206,24,T?nh Gia Lai,603,50713,Huy?n Phù Cát,22,50713022,Xã Cát Ti?n,,
2207,24,T?nh Gia Lai,603,50713,Huy?n Phù Cát,23,50713023,Xã ?? Gi,,
2208,24,T?nh Gia Lai,603,50713,Huy?n Phù Cát,24,50713024,Xã Hoà H?i,,
2209,24,T?nh Gia Lai,603,50713,Huy?n Phù Cát,25,50713025,Xã H?i S?n,,
2210,24,T?nh Gia Lai,603,50709,Huy?n Phù M?,26,50709026,Xã Phù M?,,
2211,24,T?nh Gia Lai,603,50709,Huy?n Phù M?,27,50709027,Xã An L??ng,,
2212,24,T?nh Gia Lai,603,50709,Huy?n Phù M?,28,50709028,Xã Bình D??ng,,
2213,24,T?nh Gia Lai,603,50709,Huy?n Phù M?,29,50709029,Xã Phù M? ?ông,,
2214,24,T?nh Gia Lai,603,50709,Huy?n Phù M?,30,50709030,Xã Phù M? Tây,,
2215,24,T?nh Gia Lai,603,50709,Huy?n Phù M?,31,50709031,Xã Phù M? Nam,,
2216,24,T?nh Gia Lai,603,50709,Huy?n Phù M?,32,50709032,Xã Phù M? B?c,,
2217,24,T?nh Gia Lai,603,50719,Huy?n Tuy Ph??c,33,50719033,Xã Tuy Ph??c,,
2218,24,T?nh Gia Lai,603,50719,Huy?n Tuy Ph??c,34,50719034,Xã Tuy Ph??c ?ông,,
2219,24,T?nh Gia Lai,603,50719,Huy?n Tuy Ph??c,35,50719035,Xã Tuy Ph??c Tây,,
2220,24,T?nh Gia Lai,603,50719,Huy?n Tuy Ph??c,36,50719036,Xã Tuy Ph??c B?c,,
2221,24,T?nh Gia Lai,603,50715,Huy?n Tây S?n,37,50715037,Xã Tây S?n,,
2222,24,T?nh Gia Lai,603,50715,Huy?n Tây S?n,38,50715038,Xã Bình Khê,,
2223,24,T?nh Gia Lai,603,50715,Huy?n Tây S?n,39,50715039,Xã Bình Phú,,
2224,24,T?nh Gia Lai,603,50715,Huy?n Tây S?n,40,50715040,Xã Bình Hi?p,,
2225,24,T?nh Gia Lai,603,50715,Huy?n Tây S?n,41,50715041,Xã Bình An,,
2226,24,T?nh Gia Lai,603,50707,Huy?n Hoài Ân,42,50707042,Xã Hoài Ân,,
2227,24,T?nh Gia Lai,603,50707,Huy?n Hoài Ân,43,50707043,Xã Ân T??ng,,
2228,24,T?nh Gia Lai,603,50707,Huy?n Hoài Ân,44,50707044,Xã Kim S?n,,
2229,24,T?nh Gia Lai,603,50707,Huy?n Hoài Ân,45,50707045,Xã V?n ??c,,
2230,24,T?nh Gia Lai,603,50707,Huy?n Hoài Ân,46,50707046,Xã Ân H?o,,
2231,24,T?nh Gia Lai,603,50721,Huy?n Vân Canh,47,50721047,Xã Vân Canh,,
2232,24,T?nh Gia Lai,603,50721,Huy?n Vân Canh,48,50721048,Xã Canh Vinh,,
2233,24,T?nh Gia Lai,603,50721,Huy?n Vân Canh,49,50721049,Xã Canh Liên,,
2234,24,T?nh Gia Lai,603,50711,Huy?n V?nh Th?nh,50,50711050,Xã V?nh Th?nh,,
2235,24,T?nh Gia Lai,603,50711,Huy?n V?nh Th?nh,51,50711051,Xã V?nh Th?nh,,
2236,24,T?nh Gia Lai,603,50711,Huy?n V?nh Th?nh,52,50711052,Xã V?nh Quang,,
2237,24,T?nh Gia Lai,603,50711,Huy?n V?nh Th?nh,53,50711053,Xã V?nh S?n,,
2238,24,T?nh Gia Lai,603,50703,Huy?n An Lão,54,50703054,Xã An Hoà,,
2239,24,T?nh Gia Lai,603,50703,Huy?n An Lão,55,50703055,Xã An Lão,,
2240,24,T?nh Gia Lai,603,50703,Huy?n An Lão,56,50703056,Xã An Vinh,,
2241,24,T?nh Gia Lai,603,50703,Huy?n An Lão,57,50703057,Xã An Toàn,,
2107,24,T?nh Gia Lai,603,60301,Thành ph? Pleiku,58,60301058,Ph??ng Pleiku,,
2108,24,T?nh Gia Lai,603,60301,Thành ph? Pleiku,59,60301059,Ph??ng H?i Phú,,
2109,24,T?nh Gia Lai,603,60301,Thành ph? Pleiku,60,60301060,Ph??ng Th?ng Nh?t,,
2110,24,T?nh Gia Lai,603,60301,Thành ph? Pleiku,61,60301061,Ph??ng Diên H?ng,,
2111,24,T?nh Gia Lai,603,60301,Thành ph? Pleiku,62,60301062,Ph??ng An Phú,,
2112,24,T?nh Gia Lai,603,60301,Thành ph? Pleiku,63,60301063,Xã Bi?n H?,,
2113,24,T?nh Gia Lai,603,60301,Thành ph? Pleiku,64,60301064,Xã Gào,,
2114,24,T?nh Gia Lai,603,60307,Huy?n Ch? P?h,65,60307065,Xã Ia Ly,,
2115,24,T?nh Gia Lai,603,60307,Huy?n Ch? P?h,66,60307066,Xã Ch? P?h,,
2116,24,T?nh Gia Lai,603,60307,Huy?n Ch? P?h,67,60307067,Xã Ia Kh??l,,
2117,24,T?nh Gia Lai,603,60307,Huy?n Ch? P?h,68,60307068,Xã Ia Phí,,
2118,24,T?nh Gia Lai,603,60317,Huy?n Ch? Prông,69,60317069,Xã Ch? Prông,,
2119,24,T?nh Gia Lai,603,60317,Huy?n Ch? Prông,70,60317070,Xã Bàu C?n,,
2120,24,T?nh Gia Lai,603,60317,Huy?n Ch? Prông,71,60317071,Xã Ia Boòng,,
2121,24,T?nh Gia Lai,603,60317,Huy?n Ch? Prông,72,60317072,Xã Ia Lâu,,
2122,24,T?nh Gia Lai,603,60317,Huy?n Ch? Prông,73,60317073,Xã Ia Pia,,
2123,24,T?nh Gia Lai,603,60317,Huy?n Ch? Prông,74,60317074,Xã Ia Tôr,,
2124,24,T?nh Gia Lai,603,60319,Huy?n Ch? Sê,75,60319075,Xã Ch? Sê,,
2125,24,T?nh Gia Lai,603,60319,Huy?n Ch? Sê,76,60319076,Xã B? Ngoong,,
2126,24,T?nh Gia Lai,603,60319,Huy?n Ch? Sê,77,60319077,Xã Ia Ko,,
2127,24,T?nh Gia Lai,603,60319,Huy?n Ch? Sê,78,60319078,Xã Albá,,
2128,24,T?nh Gia Lai,603,60331,Huy?n Ch? P?h,79,60331079,Xã Ch? P?h,,
2129,24,T?nh Gia Lai,603,60331,Huy?n Ch? P?h,80,60331080,Xã Ia Le,,
2130,24,T?nh Gia Lai,603,60331,Huy?n Ch? P?h,81,60331081,Xã Ia Hrú,,
2131,24,T?nh Gia Lai,603,60311,Th? xã An Khê,82,60311082,Ph??ng An Khê,,
2132,24,T?nh Gia Lai,603,60311,Th? xã An Khê,83,60311083,Ph??ng An Bình,,
2133,24,T?nh Gia Lai,603,60311,Th? xã An Khê,84,60311084,Xã C?u An,,
2134,24,T?nh Gia Lai,603,60327,Huy?n ?akP?,85,60327085,Xã ?ak P?,,
2135,24,T?nh Gia Lai,603,60327,Huy?n ?akP?,86,60327086,Xã Ya H?i,,
2136,24,T?nh Gia Lai,603,60303,Huy?n Kbang,87,60303087,Xã Kbang,,
2137,24,T?nh Gia Lai,603,60303,Huy?n Kbang,88,60303088,Xã Kông B? La,,
2138,24,T?nh Gia Lai,603,60303,Huy?n Kbang,89,60303089,Xã T? Tung,,
2139,24,T?nh Gia Lai,603,60303,Huy?n Kbang,90,60303090,Xã S?n Lang,,
2140,24,T?nh Gia Lai,603,60303,Huy?n Kbang,91,60303091,Xã ?ak Rong,,
2141,24,T?nh Gia Lai,603,60313,Huy?n Kông Chro,92,60313092,Xã Kông Chro,,
2142,24,T?nh Gia Lai,603,60313,Huy?n Kông Chro,93,60313093,Xã Ya Ma,,
2143,24,T?nh Gia Lai,603,60313,Huy?n Kông Chro,94,60313094,Xã Ch? Krey,,
2144,24,T?nh Gia Lai,603,60313,Huy?n Kông Chro,95,60313095,Xã SRó,,
2145,24,T?nh Gia Lai,603,60313,Huy?n Kông Chro,96,60313096,Xã ??k Song,,
2146,24,T?nh Gia Lai,603,60313,Huy?n Kông Chro,97,60313097,Xã Ch? Long,,
2147,24,T?nh Gia Lai,603,60321,Th? xã Ayun Pa,98,60321098,Ph??ng Ayun Pa,,
2148,24,T?nh Gia Lai,603,60321,Th? xã Ayun Pa,99,60321099,Xã Ia Rbol,,
2149,24,T?nh Gia Lai,603,60321,Th? xã Ayun Pa,100,60321100,Xã Ia Sao,,
2150,24,T?nh Gia Lai,603,60329,Huy?n Phú Thi?n,101,60329101,Xã Phú Thi?n,,
2151,24,T?nh Gia Lai,603,60329,Huy?n Phú Thi?n,102,60329102,Xã Ch? A Thai,,
2152,24,T?nh Gia Lai,603,60329,Huy?n Phú Thi?n,103,60329103,Xã Ia Hiao,,
2153,24,T?nh Gia Lai,603,60320,Huy?n IaPa,104,60320104,Xã P? Tó,,
2154,24,T?nh Gia Lai,603,60320,Huy?n IaPa,105,60320105,Xã Ia Pa,,
2155,24,T?nh Gia Lai,603,60320,Huy?n IaPa,106,60320106,Xã Ia Tul,,
2156,24,T?nh Gia Lai,603,60323,Huy?n Krông Pa,107,60323107,Xã Phú Túc,,
2157,24,T?nh Gia Lai,603,60323,Huy?n Krông Pa,108,60323108,Xã Ia Dreh,,
2158,24,T?nh Gia Lai,603,60323,Huy?n Krông Pa,109,60323109,Xã Ia Rsai,,
2159,24,T?nh Gia Lai,603,60323,Huy?n Krông Pa,110,60323110,Xã Uar,,
2160,24,T?nh Gia Lai,603,60325,Huy?n ?ak ?oa,111,60325111,Xã ?ak ?oa,,
2161,24,T?nh Gia Lai,603,60325,Huy?n ?ak ?oa,112,60325112,Xã Kon Gang,,
2162,24,T?nh Gia Lai,603,60325,Huy?n ?ak ?oa,113,60325113,Xã Ia B?ng,,
2163,24,T?nh Gia Lai,603,60325,Huy?n ?ak ?oa,114,60325114,Xã KDang,,
2164,24,T?nh Gia Lai,603,60325,Huy?n ?ak ?oa,115,60325115,Xã ?ak S?mei,,
2165,24,T?nh Gia Lai,603,60305,Huy?n Mang Yang,116,60305116,Xã Mang Yang,,
2166,24,T?nh Gia Lai,603,60305,Huy?n Mang Yang,117,60305117,Xã L? Pang,,
2167,24,T?nh Gia Lai,603,60305,Huy?n Mang Yang,118,60305118,Xã Kon Chiêng,,
2168,24,T?nh Gia Lai,603,60305,Huy?n Mang Yang,119,60305119,Xã Hra,,
2169,24,T?nh Gia Lai,603,60305,Huy?n Mang Yang,120,60305120,Xã Ayun,,
2170,24,T?nh Gia Lai,603,60309,Huy?n Ia Grai,121,60309121,Xã Ia Grai,,
2171,24,T?nh Gia Lai,603,60309,Huy?n Ia Grai,122,60309122,Xã Ia Krái,,
2172,24,T?nh Gia Lai,603,60309,Huy?n Ia Grai,123,60309123,Xã Ia Hrung,,
2173,24,T?nh Gia Lai,603,60315,Huy?n ??c C?,124,60315124,Xã ??c C?,,
2174,24,T?nh Gia Lai,603,60315,Huy?n ??c C?,125,60315125,Xã Ia D?k,,
2175,24,T?nh Gia Lai,603,60315,Huy?n ??c C?,126,60315126,Xã Ia Krêl,,
2176,24,T?nh Gia Lai,603,50701,Thành ph? Quy Nh?n,127,50701127,Xã Nh?n Châu,,
2177,24,T?nh Gia Lai,603,60317,Huy?n Ch? Prông,128,60317128,Xã Ia Púch,,
2178,24,T?nh Gia Lai,603,60317,Huy?n Ch? Prông,129,60317129,Xã Ia M?,,
2179,24,T?nh Gia Lai,603,60315,Huy?n ??c C?,130,60315130,Xã Ia Pnôn,,
2180,24,T?nh Gia Lai,603,60315,Huy?n ??c C?,131,60315131,Xã Ia Nan,,
2181,24,T?nh Gia Lai,603,60315,Huy?n ??c C?,132,60315132,Xã Ia Dom,,
2182,24,T?nh Gia Lai,603,60309,Huy?n Ia Grai,133,60309133,Xã Ia Chia,,
2183,24,T?nh Gia Lai,603,60309,Huy?n Ia Grai,134,60309134,Xã Ia O,,
2184,24,T?nh Gia Lai,603,60303,Huy?n Kbang,135,60303135,Xã Krong,,
2276,25,T?nh ??k L?k,605,60501,TP.Buôn Ma Thu?t,1,60501001,Xã Hoà Phú,,
2277,25,T?nh ??k L?k,605,60501,TP.Buôn Ma Thu?t,2,60501002,Ph??ng Buôn Ma Thu?t,,
2278,25,T?nh ??k L?k,605,60501,TP.Buôn Ma Thu?t,3,60501003,Ph??ng Tân An,,
2279,25,T?nh ??k L?k,605,60501,TP.Buôn Ma Thu?t,4,60501004,Ph??ng Tân L?p,,
2280,25,T?nh ??k L?k,605,60501,TP.Buôn Ma Thu?t,5,60501005,Ph??ng Thành Nh?t,,
2281,25,T?nh ??k L?k,605,60501,TP.Buôn Ma Thu?t,6,60501006,Ph??ng Ea Kao,,
2282,25,T?nh ??k L?k,605,60509,Th? xã Buôn H?,7,60509007,Xã Ea Drông,,
2283,25,T?nh ??k L?k,605,60509,Th? xã Buôn H?,8,60509008,Ph??ng Buôn H?,,
2284,25,T?nh ??k L?k,605,60509,Th? xã Buôn H?,9,60509009,Ph??ng C? Bao,,
2285,25,T?nh ??k L?k,605,60505,Huy?n Ea Súp,10,60505010,Xã Ea Súp,,
2286,25,T?nh ??k L?k,605,60505,Huy?n Ea Súp,11,60505011,Xã Ea R?k,,
2287,25,T?nh ??k L?k,605,60505,Huy?n Ea Súp,12,60505012,Xã Ea Bung,,
2288,25,T?nh ??k L?k,605,60505,Huy?n Ea Súp,13,60505013,Xã Ia Rvê,,
2289,25,T?nh ??k L?k,605,60505,Huy?n Ea Súp,14,60505014,Xã Ia L?p,,
2290,25,T?nh ??k L?k,605,60511,Huy?n Buôn ?ôn,15,60511015,Xã Ea Wer,,
2291,25,T?nh ??k L?k,605,60511,Huy?n Buôn ?ôn,16,60511016,Xã Ea Nuôl,,
2292,25,T?nh ??k L?k,605,60511,Huy?n Buôn ?ôn,17,60511017,Xã Buôn ?ôn,,
2293,25,T?nh ??k L?k,605,60513,Huy?n C? M'gar,18,60513018,Xã Ea Ki?t,,
2294,25,T?nh ??k L?k,605,60513,Huy?n C? M'gar,19,60513019,Xã Ea M’Droh,,
2295,25,T?nh ??k L?k,605,60513,Huy?n C? M'gar,20,60513020,Xã Qu?ng Phú,,
2296,25,T?nh ??k L?k,605,60513,Huy?n C? M'gar,21,60513021,Xã Cuôr ??ng,,
2297,25,T?nh ??k L?k,605,60513,Huy?n C? M'gar,22,60513022,Xã C? M’gar,,
2298,25,T?nh ??k L?k,605,60513,Huy?n C? M'gar,23,60513023,Xã Ea Tul,,
2299,25,T?nh ??k L?k,605,60539,Huy?n Krông Buk,24,60539024,Xã P?ng Drang,,
2300,25,T?nh ??k L?k,605,60539,Huy?n Krông Buk,25,60539025,Xã Krông Búk,,
2301,25,T?nh ??k L?k,605,60539,Huy?n Krông Buk,26,60539026,Xã C? P?ng,,
2302,25,T?nh ??k L?k,605,60503,Huy?n Ea H'leo,27,60503027,Xã Ea Kh?l,,
2303,25,T?nh ??k L?k,605,60503,Huy?n Ea H'leo,28,60503028,Xã Ea Dr?ng,,
2304,25,T?nh ??k L?k,605,60503,Huy?n Ea H'leo,29,60503029,Xã Ea Wy,,
2305,25,T?nh ??k L?k,605,60503,Huy?n Ea H'leo,30,60503030,Xã Ea H’leo,,
2306,25,T?nh ??k L?k,605,60503,Huy?n Ea H'leo,31,60503031,Xã Ea Hiao,,
2307,25,T?nh ??k L?k,605,60507,Huy?n Krông N?ng,32,60507032,Xã Krông N?ng,,
2308,25,T?nh ??k L?k,605,60507,Huy?n Krông N?ng,33,60507033,Xã Dliê Ya,,
2309,25,T?nh ??k L?k,605,60507,Huy?n Krông N?ng,34,60507034,Xã Tam Giang,,
2310,25,T?nh ??k L?k,605,60507,Huy?n Krông N?ng,35,60507035,Xã Phú Xuân,,
2311,25,T?nh ??k L?k,605,60519,Huy?n Krông P?c,36,60519036,Xã Krông P?c,,
2312,25,T?nh ??k L?k,605,60519,Huy?n Krông P?c,37,60519037,Xã Ea Knu?c,,
2313,25,T?nh ??k L?k,605,60519,Huy?n Krông P?c,38,60519038,Xã Tân Ti?n,,
2314,25,T?nh ??k L?k,605,60519,Huy?n Krông P?c,39,60519039,Xã Ea Phê,,
2315,25,T?nh ??k L?k,605,60519,Huy?n Krông P?c,40,60519040,Xã Ea Kly,,
2316,25,T?nh ??k L?k,605,60519,Huy?n Krông P?c,41,60519041,Xã V? B?n,,
2317,25,T?nh ??k L?k,605,60515,Huy?n Ea Kar,42,60515042,Xã Ea Kar,,
2318,25,T?nh ??k L?k,605,60515,Huy?n Ea Kar,43,60515043,Xã Ea Ô,,
2319,25,T?nh ??k L?k,605,60515,Huy?n Ea Kar,44,60515044,Xã Ea Kn?p,,
2320,25,T?nh ??k L?k,605,60515,Huy?n Ea Kar,45,60515045,Xã C? Yang,,
2321,25,T?nh ??k L?k,605,60515,Huy?n Ea Kar,46,60515046,Xã Ea P?l,,
2322,25,T?nh ??k L?k,605,60517,Huy?n M'?r?K,47,60517047,Xã M’Dr?k,,
2323,25,T?nh ??k L?k,605,60517,Huy?n M'?r?K,48,60517048,Xã Ea Riêng,,
2324,25,T?nh ??k L?k,605,60517,Huy?n M'?r?K,49,60517049,Xã C? M’ta,,
2325,25,T?nh ??k L?k,605,60517,Huy?n M'?r?K,50,60517050,Xã Krông Á,,
2326,25,T?nh ??k L?k,605,60517,Huy?n M'?r?K,51,60517051,Xã C? Prao,,
2327,25,T?nh ??k L?k,605,60517,Huy?n M'?r?K,52,60517052,Xã Ea Trang,,
2328,25,T?nh ??k L?k,605,60525,Huy?n Krông Bông,53,60525053,Xã Hoà S?n,,
2329,25,T?nh ??k L?k,605,60525,Huy?n Krông Bông,54,60525054,Xã Dang Kang,,
2330,25,T?nh ??k L?k,605,60525,Huy?n Krông Bông,55,60525055,Xã Krông Bông,,
2331,25,T?nh ??k L?k,605,60525,Huy?n Krông Bông,56,60525056,Xã Yang Mao,,
2332,25,T?nh ??k L?k,605,60525,Huy?n Krông Bông,57,60525057,Xã C? Pui,,
2333,25,T?nh ??k L?k,605,60531,Huy?n L?k,58,60531058,Xã Liên S?n L?k,,
2334,25,T?nh ??k L?k,605,60531,Huy?n L?k,59,60531059,Xã ??k Liêng,,
2335,25,T?nh ??k L?k,605,60531,Huy?n L?k,60,60531060,Xã Nam Ka,,
2336,25,T?nh ??k L?k,605,60531,Huy?n L?k,61,60531061,Xã ??k Ph?i,,
2337,25,T?nh ??k L?k,605,60531,Huy?n L?k,62,60531062,Xã Krông Nô,,
2338,25,T?nh ??k L?k,605,60537,Huy?n C? Kuin,63,60537063,Xã Ea Ning,,
2339,25,T?nh ??k L?k,605,60537,Huy?n C? Kuin,64,60537064,Xã Dray Bh?ng,,
2340,25,T?nh ??k L?k,605,60537,Huy?n C? Kuin,65,60537065,Xã Ea Ktur,,
2341,25,T?nh ??k L?k,605,60523,Huy?n Krông A Na,66,60523066,Xã Krông Ana,,
2342,25,T?nh ??k L?k,605,60523,Huy?n Krông A Na,67,60523067,Xã Dur Km?l,,
2343,25,T?nh ??k L?k,605,60523,Huy?n Krông A Na,68,60523068,Xã Ea Na,,
2242,25,T?nh ??k L?k,605,50901,Thành ph? Tuy Hoà,69,50901069,Ph??ng Tuy Hòa,,
2243,25,T?nh ??k L?k,605,50901,Thành ph? Tuy Hoà,70,50901070,Ph??ng Phú Yên,,
2244,25,T?nh ??k L?k,605,50901,Thành ph? Tuy Hoà,71,50901071,Ph??ng Bình Ki?n,,
2245,25,T?nh ??k L?k,605,50905,Th? xã Sông C?u,72,50905072,Xã Xuân Th?,,
2246,25,T?nh ??k L?k,605,50905,Th? xã Sông C?u,73,50905073,Xã Xuân C?nh,,
2247,25,T?nh ??k L?k,605,50905,Th? xã Sông C?u,74,50905074,Xã Xuân L?c,,
2248,25,T?nh ??k L?k,605,50905,Th? xã Sông C?u,75,50905075,Ph??ng Xuân ?ài,,
2249,25,T?nh ??k L?k,605,50905,Th? xã Sông C?u,76,50905076,Ph??ng Sông C?u,,
2250,25,T?nh ??k L?k,605,50911,Th? xã ?ông Hòa,77,50911077,Xã Hòa Xuân,,
2251,25,T?nh ??k L?k,605,50911,Th? xã ?ông Hòa,78,50911078,Ph??ng ?ông Hòa,,
2252,25,T?nh ??k L?k,605,50911,Th? xã ?ông Hòa,79,50911079,Ph??ng Hòa Hi?p,,
2253,25,T?nh ??k L?k,605,50907,Huy?n Tuy An,80,50907080,Xã Tuy An B?c,,
2254,25,T?nh ??k L?k,605,50907,Huy?n Tuy An,81,50907081,Xã Tuy An ?ông,,
2255,25,T?nh ??k L?k,605,50907,Huy?n Tuy An,82,50907082,Xã Ô Loan,,
2256,25,T?nh ??k L?k,605,50907,Huy?n Tuy An,83,50907083,Xã Tuy An Nam,,
2257,25,T?nh ??k L?k,605,50907,Huy?n Tuy An,84,50907084,Xã Tuy An Tây,,
2258,25,T?nh ??k L?k,605,50915,Huy?n Phú Hoà,85,50915085,Xã Phú Hòa 1,,
2259,25,T?nh ??k L?k,605,50915,Huy?n Phú Hoà,86,50915086,Xã Phú Hòa 2,,
2260,25,T?nh ??k L?k,605,50912,Huy?n Tây Hoà,87,50912087,Xã Tây Hòa,,
2261,25,T?nh ??k L?k,605,50912,Huy?n Tây Hoà,88,50912088,Xã Hòa Th?nh,,
2262,25,T?nh ??k L?k,605,50912,Huy?n Tây Hoà,89,50912089,Xã Hòa M?,,
2263,25,T?nh ??k L?k,605,50912,Huy?n Tây Hoà,90,50912090,Xã S?n Thành,,
2264,25,T?nh ??k L?k,605,50909,Huy?n S?n Hoà,91,50909091,Xã S?n Hòa,,
2265,25,T?nh ??k L?k,605,50909,Huy?n S?n Hoà,92,50909092,Xã Vân Hòa,,
2266,25,T?nh ??k L?k,605,50909,Huy?n S?n Hoà,93,50909093,Xã Tây S?n,,
2267,25,T?nh ??k L?k,605,50909,Huy?n S?n Hoà,94,50909094,Xã Su?i Trai,,
2268,25,T?nh ??k L?k,605,50913,Huy?n Sông Hinh,95,50913095,Xã Ea Ly,,
2269,25,T?nh ??k L?k,605,50913,Huy?n Sông Hinh,96,50913096,Xã Ea Bá,,
2270,25,T?nh ??k L?k,605,50913,Huy?n Sông Hinh,97,50913097,Xã ??c Bình,,
2271,25,T?nh ??k L?k,605,50913,Huy?n Sông Hinh,98,50913098,Xã Sông Hinh,,
2272,25,T?nh ??k L?k,605,50903,Huy?n ??ng Xuân,99,50903099,Xã Xuân Lãnh,,
2273,25,T?nh ??k L?k,605,50903,Huy?n ??ng Xuân,100,50903100,Xã Phú M?,,
2274,25,T?nh ??k L?k,605,50903,Huy?n ??ng Xuân,101,50903101,Xã Xuân Ph??c,,
2275,25,T?nh ??k L?k,605,50903,Huy?n ??ng Xuân,102,50903102,Xã ??ng Xuân,,
2344,26,T?nh Lâm ??ng,703,70301,Thành ph? ?à L?t,1,70301001,Ph??ng Xuân H??ng - ?à L?t,,
2345,26,T?nh Lâm ??ng,703,70301,Thành ph? ?à L?t,2,70301002,Ph??ng Cam Ly - ?à L?t,,
2346,26,T?nh Lâm ??ng,703,70301,Thành ph? ?à L?t,3,70301003,Ph??ng Lâm Viên - ?à L?t,,
2347,26,T?nh Lâm ??ng,703,70301,Thành ph? ?à L?t,4,70301004,Ph??ng Xuân Tr??ng - ?à L?t,,
2348,26,T?nh Lâm ??ng,703,70305,Huy?n L?c D??ng,5,70305005,Ph??ng Langbiang - ?à L?t,,
2349,26,T?nh Lâm ??ng,703,70303,Thành ph? B?o L?c,6,70303006,Ph??ng 1 B?o L?c,,
2350,26,T?nh Lâm ??ng,703,70303,Thành ph? B?o L?c,7,70303007,Ph??ng 2 B?o L?c,,
2351,26,T?nh Lâm ??ng,703,70303,Thành ph? B?o L?c,8,70303008,Ph??ng 3 B?o L?c,,
2352,26,T?nh Lâm ??ng,703,70303,Thành ph? B?o L?c,9,70303009,Ph??ng B' Lao,,
2353,26,T?nh Lâm ??ng,703,70305,Huy?n L?c D??ng,10,70305010,Xã L?c D??ng,,
2354,26,T?nh Lâm ??ng,703,70307,Huy?n ??n D??ng,11,70307011,Xã ??n D??ng,,
2355,26,T?nh Lâm ??ng,703,70307,Huy?n ??n D??ng,12,70307012,Xã Ka ?ô,,
2356,26,T?nh Lâm ??ng,703,70307,Huy?n ??n D??ng,13,70307013,Xã Qu?ng L?p,,
2357,26,T?nh Lâm ??ng,703,70307,Huy?n ??n D??ng,14,70307014,Xã D'Ran,,
2358,26,T?nh Lâm ??ng,703,70309,Huy?n ??c Tr?ng,15,70309015,Xã Hi?p Th?nh,,
2359,26,T?nh Lâm ??ng,703,70309,Huy?n ??c Tr?ng,16,70309016,Xã ??c Tr?ng,,
2360,26,T?nh Lâm ??ng,703,70309,Huy?n ??c Tr?ng,17,70309017,Xã Tân H?i,,
2361,26,T?nh Lâm ??ng,703,70309,Huy?n ??c Tr?ng,18,70309018,Xã Tà Hine,,
2362,26,T?nh Lâm ??ng,703,70309,Huy?n ??c Tr?ng,19,70309019,Xã Tà N?ng,,
2364,26,T?nh Lâm ??ng,703,70311,Huy?n Lâm Hà,20,70311020,Xã ?inh V?n - Lâm Hà,,
2365,26,T?nh Lâm ??ng,703,70311,Huy?n Lâm Hà,21,70311021,Xã Phú S?n - Lâm Hà,,
2366,26,T?nh Lâm ??ng,703,70311,Huy?n Lâm Hà,22,70311022,Xã Nam Hà - Lâm Hà,,
2367,26,T?nh Lâm ??ng,703,70311,Huy?n Lâm Hà,23,70311023,Xã Nam Ban - Lâm Hà,,
2368,26,T?nh Lâm ??ng,703,70311,Huy?n Lâm Hà,24,70311024,Xã Tân Hà - Lâm Hà,,
2369,26,T?nh Lâm ??ng,703,70311,Huy?n Lâm Hà,25,70311025,Xã Phúc Th? - Lâm Hà,,
2370,26,T?nh Lâm ??ng,703,70323,Huy?n ?am Rông,26,70323026,Xã ?am Rông 1,,
2371,26,T?nh Lâm ??ng,703,70323,Huy?n ?am Rông,27,70323027,Xã ?am Rông 2,,
2372,26,T?nh Lâm ??ng,703,70323,Huy?n ?am Rông,28,70323028,Xã ?am Rông 3,,
2373,26,T?nh Lâm ??ng,703,70323,Huy?n ?am Rông,29,70323029,Xã ?am Rông 4,,
2374,26,T?nh Lâm ??ng,703,70315,Huy?n Di Linh,30,70315030,Xã Di Linh,,
2375,26,T?nh Lâm ??ng,703,70315,Huy?n Di Linh,31,70315031,Xã Hoà Ninh,,
2376,26,T?nh Lâm ??ng,703,70315,Huy?n Di Linh,32,70315032,Xã Hoà B?c,,
2377,26,T?nh Lâm ??ng,703,70315,Huy?n Di Linh,33,70315033,Xã ?inh Trang Th??ng,,
2378,26,T?nh Lâm ??ng,703,70315,Huy?n Di Linh,34,70315034,Xã B?o Thu?n,,
2379,26,T?nh Lâm ??ng,703,70315,Huy?n Di Linh,35,70315035,Xã S?n ?i?n,,
2380,26,T?nh Lâm ??ng,703,70315,Huy?n Di Linh,36,70315036,Xã Gia Hi?p,,
2381,26,T?nh Lâm ??ng,703,70313,Huy?n B?o Lâm,37,70313037,Xã B?o Lâm 1,,
2382,26,T?nh Lâm ??ng,703,70313,Huy?n B?o Lâm,38,70313038,Xã B?o Lâm 2,,
2383,26,T?nh Lâm ??ng,703,70313,Huy?n B?o Lâm,39,70313039,Xã B?o Lâm 3,,
2384,26,T?nh Lâm ??ng,703,70313,Huy?n B?o Lâm,40,70313040,Xã B?o Lâm 4,,
2385,26,T?nh Lâm ??ng,703,70313,Huy?n B?o Lâm,41,70313041,Xã B?o Lâm 5,,
2386,26,T?nh Lâm ??ng,703,70317,Huy?n ?? Huoai,42,70317042,Xã ?? Huoai,,
2387,26,T?nh Lâm ??ng,703,70317,Huy?n ?? Huoai,43,70317043,Xã ?? Huoai 2,,
2388,26,T?nh Lâm ??ng,703,70317,Huy?n ?? Huoai,44,70317044,Xã ?? Huoai 3,,
2389,26,T?nh Lâm ??ng,703,70317,Huy?n ?? Huoai,45,70317045,Xã ?? T?h,,
2390,26,T?nh Lâm ??ng,703,70317,Huy?n ?? Huoai,46,70317046,Xã ?? T?h 2,,
2391,26,T?nh Lâm ??ng,703,70317,Huy?n ?? Huoai,47,70317047,Xã ?? T?h 3,,
2392,26,T?nh Lâm ??ng,703,70317,Huy?n ?? Huoai,48,70317048,Xã Cát Tiên,,
2393,26,T?nh Lâm ??ng,703,70317,Huy?n ?? Huoai,49,70317049,Xã Cát Tiên 2,,
2394,26,T?nh Lâm ??ng,703,70317,Huy?n ?? Huoai,50,70317050,Xã Cát Tiên 3,,
2395,26,T?nh Lâm ??ng,703,71501,Thành ph? Phan Thi?t,51,71501051,Ph??ng Hàm Th?ng,,
2396,26,T?nh Lâm ??ng,703,71501,Thành ph? Phan Thi?t,52,71501052,Ph??ng Bình Thu?n,,
2397,26,T?nh Lâm ??ng,703,71501,Thành ph? Phan Thi?t,53,71501053,Ph??ng M?i Né,,
2398,26,T?nh Lâm ??ng,703,71501,Thành ph? Phan Thi?t,54,71501054,Ph??ng Phú Thu?,,
2399,26,T?nh Lâm ??ng,703,71501,Thành ph? Phan Thi?t,55,71501055,Ph??ng Phan Thi?t,,
2400,26,T?nh Lâm ??ng,703,71501,Thành ph? Phan Thi?t,56,71501056,Ph??ng Ti?n Thành,,
2401,26,T?nh Lâm ??ng,703,71513,Th? xã La Gi,57,71513057,Ph??ng La Gi,,L?ch mã ph??ng xã m?i và Qu?n huy?n c?
2402,26,T?nh Lâm ??ng,703,71513,Th? xã La Gi,58,71513058,Ph??ng Ph??c H?i,,L?ch mã ph??ng xã m?i và Qu?n huy?n c?
2403,26,T?nh Lâm ??ng,703,71501,Thành ph? Phan Thi?t,59,71501059,Xã Tuyên Quang,,
2404,26,T?nh Lâm ??ng,703,71513,Th? xã La Gi,60,71513060,Xã Tân H?i,,
2405,26,T?nh Lâm ??ng,703,71503,Huy?n Tuy Phong,61,71503061,Xã V?nh H?o,,
2406,26,T?nh Lâm ??ng,703,71503,Huy?n Tuy Phong,62,71503062,Xã Liên H??ng,,
2407,26,T?nh Lâm ??ng,703,71503,Huy?n Tuy Phong,63,71503063,Xã Tuy Phong,,
2408,26,T?nh Lâm ??ng,703,71503,Huy?n Tuy Phong,64,71503064,Xã Phan Rí C?a,,
2409,26,T?nh Lâm ??ng,703,71505,Huy?n B?c Bình,65,71505065,Xã B?c Bình,,
2410,26,T?nh Lâm ??ng,703,71505,Huy?n B?c Bình,66,71505066,Xã H?ng Thái,,
2411,26,T?nh Lâm ??ng,703,71505,Huy?n B?c Bình,67,71505067,Xã H?i Ninh,,
2412,26,T?nh Lâm ??ng,703,71505,Huy?n B?c Bình,68,71505068,Xã Phan S?n,,
2413,26,T?nh Lâm ??ng,703,71505,Huy?n B?c Bình,69,71505069,Xã Sông L?y,,
2414,26,T?nh Lâm ??ng,703,71505,Huy?n B?c Bình,70,71505070,Xã L??ng S?n,,
2415,26,T?nh Lâm ??ng,703,71505,Huy?n B?c Bình,71,71505071,Xã Hoà Th?ng,,
2416,26,T?nh Lâm ??ng,703,71507,Huy?n Hàm Thu?n B?c,72,71507072,Xã ?ông Giang,,
2417,26,T?nh Lâm ??ng,703,71507,Huy?n Hàm Thu?n B?c,73,71507073,Xã La D?,,
2418,26,T?nh Lâm ??ng,703,71507,Huy?n Hàm Thu?n B?c,74,71507074,Xã Hàm Thu?n B?c,,
2419,26,T?nh Lâm ??ng,703,71507,Huy?n Hàm Thu?n B?c,75,71507075,Xã Hàm Thu?n,,
2420,26,T?nh Lâm ??ng,703,71507,Huy?n Hàm Thu?n B?c,76,71507076,Xã H?ng S?n,,
2421,26,T?nh Lâm ??ng,703,71507,Huy?n Hàm Thu?n B?c,77,71507077,Xã Hàm Liêm,,
2422,26,T?nh Lâm ??ng,703,71509,Huy?n Hàm Thu?n Nam,78,71509078,Xã Hàm Th?nh,,
2423,26,T?nh Lâm ??ng,703,71509,Huy?n Hàm Thu?n Nam,79,71509079,Xã Hàm Ki?m,,
2424,26,T?nh Lâm ??ng,703,71509,Huy?n Hàm Thu?n Nam,80,71509080,Xã Tân Thành,,
2425,26,T?nh Lâm ??ng,703,71509,Huy?n Hàm Thu?n Nam,81,71509081,Xã Hàm Thu?n Nam,,
2426,26,T?nh Lâm ??ng,703,71509,Huy?n Hàm Thu?n Nam,82,71509082,Xã Tân L?p,,
2427,26,T?nh Lâm ??ng,703,71514,Huy?n Hàm Tân,83,71514083,Xã Tân Minh,,
2428,26,T?nh Lâm ??ng,703,71514,Huy?n Hàm Tân,84,71514084,Xã Hàm Tân,,
2429,26,T?nh Lâm ??ng,703,71514,Huy?n Hàm Tân,85,71514085,Xã S?n M?,,
2430,26,T?nh Lâm ??ng,703,71511,Huy?n Tánh Linh,86,71511086,Xã B?c Ru?ng,,
2431,26,T?nh Lâm ??ng,703,71511,Huy?n Tánh Linh,87,71511087,Xã Ngh? ??c,,
2432,26,T?nh Lâm ??ng,703,71511,Huy?n Tánh Linh,88,71511088,Xã ??ng Kho,,
2433,26,T?nh Lâm ??ng,703,71511,Huy?n Tánh Linh,89,71511089,Xã Tánh Linh,,
2434,26,T?nh Lâm ??ng,703,71511,Huy?n Tánh Linh,90,71511090,Xã Su?i Ki?t,,
2435,26,T?nh Lâm ??ng,703,71515,Huy?n ??c Linh,91,71515091,Xã Nam Thành,,
2436,26,T?nh Lâm ??ng,703,71515,Huy?n ??c Linh,92,71515092,Xã ??c Linh,,
2437,26,T?nh Lâm ??ng,703,71515,Huy?n ??c Linh,93,71515093,Xã Hoài ??c,,
2438,26,T?nh Lâm ??ng,703,71515,Huy?n ??c Linh,94,71515094,Xã Trà Tân,,
2439,26,T?nh Lâm ??ng,703,71517,Huy?n Phú Quý,95,71517095,??c khu Phú Quý,,
2440,26,T?nh Lâm ??ng,703,60613,Thành ph? Gia Ngh?a,96,60613096,Ph??ng B?c Gia Ngh?a,,
2441,26,T?nh Lâm ??ng,703,60613,Thành ph? Gia Ngh?a,97,60613097,Ph??ng Nam Gia Ngh?a,,
2442,26,T?nh Lâm ??ng,703,60613,Thành ph? Gia Ngh?a,98,60613098,Ph??ng ?ông Gia Ngh?a,,
2443,26,T?nh Lâm ??ng,703,60603,Huy?n C? Jút,99,60603099,Xã ??k Wil,,
2444,26,T?nh Lâm ??ng,703,60603,Huy?n C? Jút,100,60603100,Xã Nam Dong,,
2445,26,T?nh Lâm ??ng,703,60603,Huy?n C? Jút,101,60603101,Xã C? Jút,,
2446,26,T?nh Lâm ??ng,703,60607,Huy?n ??k Mil,102,60607102,Xã Thu?n An,,
2447,26,T?nh Lâm ??ng,703,60607,Huy?n ??k Mil,103,60607103,Xã ??c L?p,,
2448,26,T?nh Lâm ??ng,703,60607,Huy?n ??k Mil,104,60607104,Xã ??k Mil,,
2449,26,T?nh Lâm ??ng,703,60607,Huy?n ??k Mil,105,60607105,Xã ??k S?k,,
2450,26,T?nh Lâm ??ng,703,60605,Huy?n Krông Nô,106,60605106,Xã Nam ?à,,
2451,26,T?nh Lâm ??ng,703,60605,Huy?n Krông Nô,107,60605107,Xã Krông Nô,,
2452,26,T?nh Lâm ??ng,703,60605,Huy?n Krông Nô,108,60605108,Xã Nâm Nung,,
2453,26,T?nh Lâm ??ng,703,60605,Huy?n Krông Nô,109,60605109,Xã Qu?ng Phú,,
2454,26,T?nh Lâm ??ng,703,60609,Huy?n ??k Song,110,60609110,Xã ??k song,,
2455,26,T?nh Lâm ??ng,703,60609,Huy?n ??k Song,111,60609111,Xã ??c An,,
2456,26,T?nh Lâm ??ng,703,60609,Huy?n ??k Song,112,60609112,Xã Thu?n H?nh,,
2457,26,T?nh Lâm ??ng,703,60609,Huy?n ??k Song,113,60609113,Xã Tr??ng Xuân,,
2458,26,T?nh Lâm ??ng,703,60615,Huy?n ??k Glong,114,60615114,Xã Tà ?ùng,,
2459,26,T?nh Lâm ??ng,703,60615,Huy?n ??k Glong,115,60615115,Xã Qu?ng Khê,,
2460,26,T?nh Lâm ??ng,703,60617,Huy?n Tuy ??c,116,60617116,Xã Qu?ng Tân,,
2461,26,T?nh Lâm ??ng,703,60617,Huy?n Tuy ??c,117,60617117,Xã Tuy ??c,,
2462,26,T?nh Lâm ??ng,703,60611,Huy?n ??k R'L?p,118,60611118,Xã Ki?n ??c,,
2463,26,T?nh Lâm ??ng,703,60611,Huy?n ??k R'L?p,119,60611119,Xã Nhân C?,,
2464,26,T?nh Lâm ??ng,703,60611,Huy?n ??k R'L?p,120,60611120,Xã Qu?ng Tín,,
2363,26,T?nh Lâm ??ng,703,70309,Huy?n ??c Tr?ng,121,70309121,Xã Ninh Gia,,
2465,26,T?nh Lâm ??ng,703,60615,Huy?n ??k Glong,122,60615122,Xã Qu?ng Hoà,,
2466,26,T?nh Lâm ??ng,703,60615,Huy?n ??k Glong,123,60615123,Xã Qu?ng S?n,,
2467,26,T?nh Lâm ??ng,703,60617,Huy?n Tuy ??c,124,60617124,Xã Qu?ng Tr?c,,
2504,27,T?nh Tây Ninh,709,80103,Huy?n Tân H?ng,1,80103001,Xã H?ng ?i?n,,
2505,27,T?nh Tây Ninh,709,80103,Huy?n Tân H?ng,2,80103002,Xã V?nh Th?nh,,
2506,27,T?nh Tây Ninh,709,80103,Huy?n Tân H?ng,3,80103003,Xã Tân H?ng,,
2507,27,T?nh Tây Ninh,709,80103,Huy?n Tân H?ng,4,80103004,Xã V?nh Châu,,
2508,27,T?nh Tây Ninh,709,80105,Huy?n V?nh H?ng,5,80105005,Xã Tuyên Bình,,
2509,27,T?nh Tây Ninh,709,80105,Huy?n V?nh H?ng,6,80105006,Xã V?nh H?ng,,
2510,27,T?nh Tây Ninh,709,80105,Huy?n V?nh H?ng,7,80105007,Xã Khánh H?ng,,
2511,27,T?nh Tây Ninh,709,80129,Th? xã Ki?n T??ng,8,80129008,Xã Tuyên Th?nh,,
2512,27,T?nh Tây Ninh,709,80129,Th? xã Ki?n T??ng,9,80129009,Xã Bình Hi?p,,
2513,27,T?nh Tây Ninh,709,80129,Th? xã Ki?n T??ng,10,80129010,Ph??ng Ki?n T??ng,,
2514,27,T?nh Tây Ninh,709,80107,Huy?n M?c Hoá,11,80107011,Xã Bình Hoà,,
2515,27,T?nh Tây Ninh,709,80107,Huy?n M?c Hoá,12,80107012,Xã M?c Hoá,,
2516,27,T?nh Tây Ninh,709,80109,Huy?n Tân Th?nh,13,80109013,Xã H?u Th?nh,,
2517,27,T?nh Tây Ninh,709,80109,Huy?n Tân Th?nh,14,80109014,Xã Nh?n Hoà L?p,,
2518,27,T?nh Tây Ninh,709,80109,Huy?n Tân Th?nh,15,80109015,Xã Nh?n Ninh,,
2519,27,T?nh Tây Ninh,709,80109,Huy?n Tân Th?nh,16,80109016,Xã Tân Th?nh,,
2520,27,T?nh Tây Ninh,709,80111,Huy?n Th?nh Hoá,17,80111017,Xã Bình Thành,,
2521,27,T?nh Tây Ninh,709,80111,Huy?n Th?nh Hoá,18,80111018,Xã Th?nh Ph??c,,
2522,27,T?nh Tây Ninh,709,80111,Huy?n Th?nh Hoá,19,80111019,Xã Th?nh Hóa,,
2523,27,T?nh Tây Ninh,709,80111,Huy?n Th?nh Hoá,20,80111020,Xã Tân Tây,,
2524,27,T?nh Tây Ninh,709,80119,Huy?n Th? Th?a,21,80119021,Xã Th? Th?a,,
2525,27,T?nh Tây Ninh,709,80119,Huy?n Th? Th?a,22,80119022,Xã M? An,,
2526,27,T?nh Tây Ninh,709,80119,Huy?n Th? Th?a,23,80119023,Xã M? Th?nh,,
2527,27,T?nh Tây Ninh,709,80119,Huy?n Th? Th?a,24,80119024,Xã Tân Long,,
2528,27,T?nh Tây Ninh,709,80113,Huy?n ??c Hu?,25,80113025,Xã M? Quý,,
2529,27,T?nh Tây Ninh,709,80113,Huy?n ??c Hu?,26,80113026,Xã ?ông Thành,,
2530,27,T?nh Tây Ninh,709,80113,Huy?n ??c Hu?,27,80113027,Xã ??c Hu?,,
2531,27,T?nh Tây Ninh,709,80115,Huy?n ??c Hoà,28,80115028,Xã An Ninh,,
2532,27,T?nh Tây Ninh,709,80115,Huy?n ??c Hoà,29,80115029,Xã Hi?p Hoà,,
2533,27,T?nh Tây Ninh,709,80115,Huy?n ??c Hoà,30,80115030,Xã H?u Ngh?a,,
2534,27,T?nh Tây Ninh,709,80115,Huy?n ??c Hoà,31,80115031,Xã Hoà Khánh,,
2535,27,T?nh Tây Ninh,709,80115,Huy?n ??c Hoà,32,80115032,Xã ??c L?p,,
2536,27,T?nh Tây Ninh,709,80115,Huy?n ??c Hoà,33,80115033,Xã M? H?nh,,
2537,27,T?nh Tây Ninh,709,80115,Huy?n ??c Hoà,34,80115034,Xã ??c Hoà,,
2538,27,T?nh Tây Ninh,709,80117,Huy?n B?n L?c,35,80117035,Xã Th?nh L?i,,
2539,27,T?nh Tây Ninh,709,80117,Huy?n B?n L?c,36,80117036,Xã Bình ??c,,
2540,27,T?nh Tây Ninh,709,80117,Huy?n B?n L?c,37,80117037,Xã L??ng Hoà,,
2541,27,T?nh Tây Ninh,709,80117,Huy?n B?n L?c,38,80117038,Xã B?n L?c,,
2542,27,T?nh Tây Ninh,709,80117,Huy?n B?n L?c,39,80117039,Xã M? Yên,,
2543,27,T?nh Tây Ninh,709,80125,Huy?n C?n ???c,40,80125040,Xã Long Cang,,
2544,27,T?nh Tây Ninh,709,80125,Huy?n C?n ???c,41,80125041,Xã R?ch Ki?n,,
2545,27,T?nh Tây Ninh,709,80125,Huy?n C?n ???c,42,80125042,Xã M? L?,,
2546,27,T?nh Tây Ninh,709,80125,Huy?n C?n ???c,43,80125043,Xã Tân Lân,,
2547,27,T?nh Tây Ninh,709,80125,Huy?n C?n ???c,44,80125044,Xã C?n ???c,,
2548,27,T?nh Tây Ninh,709,80125,Huy?n C?n ???c,45,80125045,Xã Long H?u,,
2549,27,T?nh Tây Ninh,709,80127,Huy?n C?n Giu?c,46,80127046,Xã Ph??c Lý,,
2550,27,T?nh Tây Ninh,709,80127,Huy?n C?n Giu?c,47,80127047,Xã M? L?c,,
2551,27,T?nh Tây Ninh,709,80127,Huy?n C?n Giu?c,48,80127048,Xã C?n Giu?c,,
2552,27,T?nh Tây Ninh,709,80127,Huy?n C?n Giu?c,49,80127049,Xã Ph??c V?nh Tây,,
2553,27,T?nh Tây Ninh,709,80127,Huy?n C?n Giu?c,50,80127050,Xã Tân T?p,,
2554,27,T?nh Tây Ninh,709,80123,Huy?n Tân Tr?,51,80123051,Xã Vàm Co?,,
2555,27,T?nh Tây Ninh,709,80123,Huy?n Tân Tr?,52,80123052,Xã Tân Tr?,,
2556,27,T?nh Tây Ninh,709,80123,Huy?n Tân Tr?,53,80123053,Xã Nh?t T?o,,
2557,27,T?nh Tây Ninh,709,80121,Huy?n Châu Thành,54,80121054,Xã Thu?n M?,,
2558,27,T?nh Tây Ninh,709,80121,Huy?n Châu Thành,55,80121055,Xã An L?c Long,,
2559,27,T?nh Tây Ninh,709,80121,Huy?n Châu Thành,56,80121056,Xã T?m Vu,,
2560,27,T?nh Tây Ninh,709,80121,Huy?n Châu Thành,57,80121057,Xã V?nh Công,,
2561,27,T?nh Tây Ninh,709,80101,Thành ph? Tân An,58,80101058,Ph??ng Long An,,
2562,27,T?nh Tây Ninh,709,80101,Thành ph? Tân An,59,80101059,Ph??ng Tân An,,
2563,27,T?nh Tây Ninh,709,80101,Thành ph? Tân An,60,80101060,Ph??ng Khánh H?u,,
2468,27,T?nh Tây Ninh,709,70901,Thành ph? Tây Ninh,61,70901061,Ph??ng Tân Ninh,,
2469,27,T?nh Tây Ninh,709,70901,Thành ph? Tây Ninh,62,70901062,Ph??ng Bình Minh,,
2470,27,T?nh Tây Ninh,709,70907,Huy?n D??ng Minh Châu,63,70907063,Ph??ng Ninh Th?nh,,
2471,27,T?nh Tây Ninh,709,70911,Th? xã Hoà Thành,64,70911064,Ph??ng Long Hoa,,
2472,27,T?nh Tây Ninh,709,70911,Th? xã Hoà Thành,65,70911065,Ph??ng Hoà Thành,,
2473,27,T?nh Tây Ninh,709,70911,Th? xã Hoà Thành,66,70911066,Ph??ng Thanh ?i?n,,
2474,27,T?nh Tây Ninh,709,70917,Th? xã Tr?ng Bàng,67,70917067,Ph??ng Tr?ng Bàng,,
2475,27,T?nh Tây Ninh,709,70917,Th? xã Tr?ng Bàng,68,70917068,Ph??ng An T?nh,,
2476,27,T?nh Tây Ninh,709,70915,Huy?n Gò D?u,69,70915069,Ph??ng Gò D?u,,
2477,27,T?nh Tây Ninh,709,70915,Huy?n Gò D?u,70,70915070,Ph??ng Gia L?c,,
2478,27,T?nh Tây Ninh,709,70917,Th? xã Tr?ng Bàng,71,70917071,Xã H?ng Thu?n,,
2479,27,T?nh Tây Ninh,709,70917,Th? xã Tr?ng Bàng,72,70917072,Xã Ph??c Ch?,,
2480,27,T?nh Tây Ninh,709,70915,Huy?n Gò D?u,73,70915073,Xã Th?nh ??c,,
2481,27,T?nh Tây Ninh,709,70915,Huy?n Gò D?u,74,70915074,Xã Ph??c Th?nh,,
2482,27,T?nh Tây Ninh,709,70915,Huy?n Gò D?u,75,70915075,Xã Truông Mít,,
2483,27,T?nh Tây Ninh,709,70907,Huy?n D??ng Minh Châu,76,70907076,Xã L?c Ninh,,
2484,27,T?nh Tây Ninh,709,70907,Huy?n D??ng Minh Châu,77,70907077,Xã C?u Kh?i,,
2485,27,T?nh Tây Ninh,709,70907,Huy?n D??ng Minh Châu,78,70907078,Xã D??ng Minh Châu,,
2486,27,T?nh Tây Ninh,709,70905,Huy?n Tân Châu,79,70905079,Xã Tân ?ông,,
2487,27,T?nh Tây Ninh,709,70905,Huy?n Tân Châu,80,70905080,Xã Tân Châu,,
2488,27,T?nh Tây Ninh,709,70905,Huy?n Tân Châu,81,70905081,Xã Tân Phú,,
2489,27,T?nh Tây Ninh,709,70905,Huy?n Tân Châu,82,70905082,Xã Tân H?i,,
2490,27,T?nh Tây Ninh,709,70905,Huy?n Tân Châu,83,70905083,Xã Tân Thành,,
2491,27,T?nh Tây Ninh,709,70905,Huy?n Tân Châu,84,70905084,Xã Tân Hoà,,
2492,27,T?nh Tây Ninh,709,70903,Huy?n Tân Biên,85,70903085,Xã Tân L?p,,
2493,27,T?nh Tây Ninh,709,70903,Huy?n Tân Biên,86,70903086,Xã Tân Biên,,
2494,27,T?nh Tây Ninh,709,70903,Huy?n Tân Biên,87,70903087,Xã Th?nh Bình,,
2495,27,T?nh Tây Ninh,709,70903,Huy?n Tân Biên,88,70903088,Xã Trà Vong,,
2496,27,T?nh Tây Ninh,709,70909,Huy?n Châu Thành,89,70909089,Xã Ph??c Vinh,,
2497,27,T?nh Tây Ninh,709,70909,Huy?n Châu Thành,90,70909090,Xã Hoà H?i,,
2498,27,T?nh Tây Ninh,709,70909,Huy?n Châu Thành,91,70909091,Xã Ninh ?i?n,,
2499,27,T?nh Tây Ninh,709,70909,Huy?n Châu Thành,92,70909092,Xã Châu Thành,,
2500,27,T?nh Tây Ninh,709,70909,Huy?n Châu Thành,93,70909093,Xã H?o ???c,,
2501,27,T?nh Tây Ninh,709,70913,Huy?n B?n C?u,94,70913094,Xã Long Ch?,,
2502,27,T?nh Tây Ninh,709,70913,Huy?n B?n C?u,95,70913095,Xã Long Thu?n,,
2503,27,T?nh Tây Ninh,709,70913,Huy?n B?n C?u,96,70913096,Xã B?n C?u,,
2564,28,T?nh ??ng Nai,713,71301,Thành ph? Biên Hoà,1,71301001,Ph??ng Biên Hoà,,
2565,28,T?nh ??ng Nai,713,71301,Thành ph? Biên Hoà,2,71301002,Ph??ng Tr?n Biên,,
2566,28,T?nh ??ng Nai,713,71301,Thành ph? Biên Hoà,3,71301003,Ph??ng Tam Hi?p,,
2567,28,T?nh ??ng Nai,713,71301,Thành ph? Biên Hoà,4,71301004,Ph??ng Long Bình,,
2568,28,T?nh ??ng Nai,713,71301,Thành ph? Biên Hoà,5,71301005,Ph??ng Tr?ng Dài,,
2569,28,T?nh ??ng Nai,713,71301,Thành ph? Biên Hoà,6,71301006,Ph??ng H? Nai,,
2570,28,T?nh ??ng Nai,713,71301,Thành ph? Biên Hoà,7,71301007,Ph??ng Long H?ng,,
2571,28,T?nh ??ng Nai,713,71317,Huy?n Nh?n Tr?ch,8,71317008,Xã ??i Ph??c,,
2572,28,T?nh ??ng Nai,713,71317,Huy?n Nh?n Tr?ch,9,71317009,Xã Nh?n Tr?ch,,
2573,28,T?nh ??ng Nai,713,71317,Huy?n Nh?n Tr?ch,10,71317010,Xã Ph??c An,,
2574,28,T?nh ??ng Nai,713,71315,Huy?n Long Thành,11,71315011,Xã Ph??c Thái,,
2575,28,T?nh ??ng Nai,713,71315,Huy?n Long Thành,12,71315012,Xã Long Ph??c,,
2576,28,T?nh ??ng Nai,713,71315,Huy?n Long Thành,13,71315013,Xã Bình An,,
2577,28,T?nh ??ng Nai,713,71315,Huy?n Long Thành,14,71315014,Xã Long Thành,,
2578,28,T?nh ??ng Nai,713,71315,Huy?n Long Thành,15,71315015,Xã An Ph??c,,
2579,28,T?nh ??ng Nai,713,71308,Huy?n Tr?ng Bom,16,71308016,Xã An Vi?n,,
2580,28,T?nh ??ng Nai,713,71308,Huy?n Tr?ng Bom,17,71308017,Xã Bình Minh,,
2581,28,T?nh ??ng Nai,713,71308,Huy?n Tr?ng Bom,18,71308018,Xã Tr?ng Bom,,
2582,28,T?nh ??ng Nai,713,71308,Huy?n Tr?ng Bom,19,71308019,Xã Bàu Hàm,,
2583,28,T?nh ??ng Nai,713,71308,Huy?n Tr?ng Bom,20,71308020,Xã H?ng Th?nh,,
2584,28,T?nh ??ng Nai,713,71309,Huy?n Th?ng Nh?t,21,71309021,Xã D?u Giây,,
2585,28,T?nh ??ng Nai,713,71309,Huy?n Th?ng Nh?t,22,71309022,Xã Gia Ki?m,,
2586,28,T?nh ??ng Nai,713,71305,Huy?n ??nh Quán,23,71305023,Xã Th?ng Nh?t,,
2587,28,T?nh ??ng Nai,713,71302,Thành ph? Long khánh,24,71302024,Ph??ng Bình L?c,,
2588,28,T?nh ??ng Nai,713,71302,Thành ph? Long khánh,25,71302025,Ph??ng B?o Vinh,,
2589,28,T?nh ??ng Nai,713,71302,Thành ph? Long khánh,26,71302026,Ph??ng Xuân L?p,,
2590,28,T?nh ??ng Nai,713,71302,Thành ph? Long khánh,27,71302027,Ph??ng Long Khánh,,
2591,28,T?nh ??ng Nai,713,71302,Thành ph? Long khánh,28,71302028,Ph??ng Hàng Gòn,,
2592,28,T?nh ??ng Nai,713,71311,Huy?n C?m M?,29,71311029,Xã Xuân Qu?,,
2593,28,T?nh ??ng Nai,713,71311,Huy?n C?m M?,30,71311030,Xã Xuân ???ng,,
2594,28,T?nh ??ng Nai,713,71311,Huy?n C?m M?,31,71311031,Xã C?m M?,,
2595,28,T?nh ??ng Nai,713,71311,Huy?n C?m M?,32,71311032,Xã Sông Ray,,
2596,28,T?nh ??ng Nai,713,71311,Huy?n C?m M?,33,71311033,Xã Xuân ?ông,,
2597,28,T?nh ??ng Nai,713,71313,Huy?n Xuân L?c,34,71313034,Xã Xuân ??nh,,
2598,28,T?nh ??ng Nai,713,71313,Huy?n Xuân L?c,35,71313035,Xã Xuân Phú,,
2599,28,T?nh ??ng Nai,713,71313,Huy?n Xuân L?c,36,71313036,Xã Xuân L?c,,
2600,28,T?nh ??ng Nai,713,71313,Huy?n Xuân L?c,37,71313037,Xã Xuân Hoà,,
2601,28,T?nh ??ng Nai,713,71313,Huy?n Xuân L?c,38,71313038,Xã Xuân Thành,,
2602,28,T?nh ??ng Nai,713,71313,Huy?n Xuân L?c,39,71313039,Xã Xuân B?c,,
2603,28,T?nh ??ng Nai,713,71305,Huy?n ??nh Quán,40,71305040,Xã La Ngà,,
2604,28,T?nh ??ng Nai,713,71305,Huy?n ??nh Quán,41,71305041,Xã ??nh Quán,,
2605,28,T?nh ??ng Nai,713,71305,Huy?n ??nh Quán,42,71305042,Xã Phú Vinh,,
2606,28,T?nh ??ng Nai,713,71305,Huy?n ??nh Quán,43,71305043,Xã Phú Hoà,,
2607,28,T?nh ??ng Nai,713,71303,Huy?n Tân Phú,44,71303044,Xã Tà Lài,,
2608,28,T?nh ??ng Nai,713,71303,Huy?n Tân Phú,45,71303045,Xã Nam Cát Tiên,,
2609,28,T?nh ??ng Nai,713,71303,Huy?n Tân Phú,46,71303046,Xã Tân Phú,,
2610,28,T?nh ??ng Nai,713,71303,Huy?n Tân Phú,47,71303047,Xã Phú Lâm,,
2611,28,T?nh ??ng Nai,713,71307,Huy?n V?nh C?u,48,71307048,Xã Tr? An,,
2612,28,T?nh ??ng Nai,713,71307,Huy?n V?nh C?u,49,71307049,Xã Tân An,,
2613,28,T?nh ??ng Nai,713,71307,Huy?n V?nh C?u,50,71307050,Ph??ng Tân Tri?u,,
2614,28,T?nh ??ng Nai,713,70710,Huy?n Ch?n Thành,51,70710051,Ph??ng Minh H?ng,,
2615,28,T?nh ??ng Nai,713,70710,Huy?n Ch?n Thành,52,70710052,Ph??ng Ch?n Thành,,
2616,28,T?nh ??ng Nai,713,70710,Huy?n Ch?n Thành,53,70710053,Xã Nha Bích,,
2617,28,T?nh ??ng Nai,713,70713,Huy?n H?n Qu?n,54,70713054,Xã Tân Quan,,
2618,28,T?nh ??ng Nai,713,70713,Huy?n H?n Qu?n,55,70713055,Xã Tân H?ng,,
2619,28,T?nh ??ng Nai,713,70713,Huy?n H?n Qu?n,56,70713056,Xã Tân Khai,,
2620,28,T?nh ??ng Nai,713,70713,Huy?n H?n Qu?n,57,70713057,Xã Minh ??c,,
2621,28,T?nh ??ng Nai,713,70709,Th? xã Bình Long,58,70709058,Ph??ng Bình Long,,
2622,28,T?nh ??ng Nai,713,70709,Th? xã Bình Long,59,70709059,Ph??ng An L?c,,
2623,28,T?nh ??ng Nai,713,70705,Huy?n L?c Ninh,60,70705060,Xã L?c Thành,,
2624,28,T?nh ??ng Nai,713,70705,Huy?n L?c Ninh,61,70705061,Xã L?c Ninh,,
2625,28,T?nh ??ng Nai,713,70705,Huy?n L?c Ninh,62,70705062,Xã L?c H?ng,,
2626,28,T?nh ??ng Nai,713,70705,Huy?n L?c Ninh,63,70705063,Xã L?c T?n,,
2627,28,T?nh ??ng Nai,713,70705,Huy?n L?c Ninh,64,70705064,Xã L?c Th?nh,,
2628,28,T?nh ??ng Nai,713,70705,Huy?n L?c Ninh,65,70705065,Xã L?c Quang,,
2629,28,T?nh ??ng Nai,713,70706,Huy?n Bù ??p,66,70706066,Xã Tân Ti?n,,
2630,28,T?nh ??ng Nai,713,70706,Huy?n Bù ??p,67,70706067,Xã Thi?n H?ng,,
2631,28,T?nh ??ng Nai,713,70706,Huy?n Bù ??p,68,70706068,Xã H?ng Ph??c,,
2632,28,T?nh ??ng Nai,713,70715,Huy?n Bù Gia M?p,69,70715069,Xã Phú Ngh?a,,
2633,28,T?nh ??ng Nai,713,70715,Huy?n Bù Gia M?p,70,70715070,Xã ?a Kia,,
2634,28,T?nh ??ng Nai,713,70703,Th? xã Ph??c Long,71,70703071,Ph??ng Ph??c Bình,,
2635,28,T?nh ??ng Nai,713,70703,Th? xã Ph??c Long,72,70703072,Ph??ng Ph??c Long,,
2636,28,T?nh ??ng Nai,713,70716,Huy?n Phú Ri?ng,73,70716073,Xã Bình Tân,,
2637,28,T?nh ??ng Nai,713,70716,Huy?n Phú Ri?ng,74,70716074,Xã Long Hà,,
2638,28,T?nh ??ng Nai,713,70716,Huy?n Phú Ri?ng,75,70716075,Xã Phú Ri?ng,,
2639,28,T?nh ??ng Nai,713,70716,Huy?n Phú Ri?ng,76,70716076,Xã Phú Trung,,
2640,28,T?nh ??ng Nai,713,70711,Thành ph? ??ng Xoài,77,70711077,Ph??ng ??ng Xoài,,
2641,28,T?nh ??ng Nai,713,70711,Thành ph? ??ng Xoài,78,70711078,Ph??ng Bình Ph??c,,
2642,28,T?nh ??ng Nai,713,70701,Huy?n ??ng Phú,79,70701079,Xã Thu?n L?i,,
2643,28,T?nh ??ng Nai,713,70701,Huy?n ??ng Phú,80,70701080,Xã ??ng Tâm,,
2644,28,T?nh ??ng Nai,713,70701,Huy?n ??ng Phú,81,70701081,Xã Tân L?i,,
2645,28,T?nh ??ng Nai,713,70701,Huy?n ??ng Phú,82,70701082,Xã ??ng Phú,,
2646,28,T?nh ??ng Nai,713,70707,Huy?n Bù ??ng,83,70707083,Xã Ph??c S?n,,
2647,28,T?nh ??ng Nai,713,70707,Huy?n Bù ??ng,84,70707084,Xã Ngh?a Trung,,
2648,28,T?nh ??ng Nai,713,70707,Huy?n Bù ??ng,85,70707085,Xã Bù ??ng,,
2649,28,T?nh ??ng Nai,713,70707,Huy?n Bù ??ng,86,70707086,Xã Th? S?n,,
2650,28,T?nh ??ng Nai,713,70707,Huy?n Bù ??ng,87,70707087,Xã ?ak Nhau,,
2651,28,T?nh ??ng Nai,713,70707,Huy?n Bù ??ng,88,70707088,Xã Bom Bo,,
2652,28,T?nh ??ng Nai,713,71301,Thành ph? Biên Hoà,89,71301089,Ph??ng Tam Ph??c,,
2653,28,T?nh ??ng Nai,713,71301,Thành ph? Biên Hoà,90,71301090,Ph??ng Ph??c Tân,,
2654,28,T?nh ??ng Nai,713,71305,Huy?n ??nh Quán,91,71305091,Xã Thanh S?n,,
2655,28,T?nh ??ng Nai,713,71303,Huy?n Tân Phú,92,71303092,Xã ?ak Lua,,
2656,28,T?nh ??ng Nai,713,71307,Huy?n V?nh C?u,93,71307093,Xã Phú Lý,,
2657,28,T?nh ??ng Nai,713,70715,Huy?n Bù Gia M?p,94,70715094,Xã Bù Gia M?p,,
2658,28,T?nh ??ng Nai,713,70715,Huy?n Bù Gia M?p,95,70715095,Xã ??k ?,,
2695,29,Tp H? Chí Minh,701,71701,Thành ph? V?ng Tàu,1,71701001,Ph??ng V?ng Tàu,,
2696,29,Tp H? Chí Minh,701,71701,Thành ph? V?ng Tàu,2,71701002,Ph??ng Tam Th?ng,,
2697,29,Tp H? Chí Minh,701,71701,Thành ph? V?ng Tàu,3,71701003,Ph??ng R?ch D?a,,
2698,29,Tp H? Chí Minh,701,71701,Thành ph? V?ng Tàu,4,71701004,Ph??ng Ph??c Th?ng,,
2699,29,Tp H? Chí Minh,701,71703,Thành ph? Bà R?a,5,71703005,Ph??ng Bà R?a,,
2700,29,Tp H? Chí Minh,701,71703,Thành ph? Bà R?a,6,71703006,Ph??ng Long H??ng,,
2701,29,Tp H? Chí Minh,701,71709,Thành ph? Phú M?,7,71709007,Ph??ng Phú M?,,
2702,29,Tp H? Chí Minh,701,71703,Thành ph? Bà R?a,8,71703008,Ph??ng Tam Long,,
2703,29,Tp H? Chí Minh,701,71709,Thành ph? Phú M?,9,71709009,Ph??ng Tân Thành,,
2704,29,Tp H? Chí Minh,701,71709,Thành ph? Phú M?,10,71709010,Ph??ng Tân Ph??c,,
2705,29,Tp H? Chí Minh,701,71709,Thành ph? Phú M?,11,71709011,Ph??ng Tân H?i,,
2706,29,Tp H? Chí Minh,701,71709,Thành ph? Phú M?,12,71709012,Xã Châu Pha,,
2707,29,Tp H? Chí Minh,701,71705,Huy?n Châu ??c,13,71705013,Xã Ngãi Giao,,
2708,29,Tp H? Chí Minh,701,71705,Huy?n Châu ??c,14,71705014,Xã Bình Giã,,
2709,29,Tp H? Chí Minh,701,71705,Huy?n Châu ??c,15,71705015,Xã Kim Long,,
2710,29,Tp H? Chí Minh,701,71705,Huy?n Châu ??c,16,71705016,Xã Châu ??c,,
2711,29,Tp H? Chí Minh,701,71705,Huy?n Châu ??c,17,71705017,Xã Xuân S?n,,
2712,29,Tp H? Chí Minh,701,71705,Huy?n Châu ??c,18,71705018,Xã Ngh?a Thành,,
2713,29,Tp H? Chí Minh,701,71707,Huy?n Xuyên M?c,19,71707019,Xã H? Tràm,,
2714,29,Tp H? Chí Minh,701,71707,Huy?n Xuyên M?c,20,71707020,Xã Xuyên M?c,,
2715,29,Tp H? Chí Minh,701,71707,Huy?n Xuyên M?c,21,71707021,Xã Hòa H?i,,
2716,29,Tp H? Chí Minh,701,71707,Huy?n Xuyên M?c,22,71707022,Xã Bàu Lâm,,
2717,29,Tp H? Chí Minh,701,71712,Huy?n Long ??t,23,71712023,Xã Ph??c H?i,,
2718,29,Tp H? Chí Minh,701,71712,Huy?n Long ??t,24,71712024,Xã Long H?i,,
2719,29,Tp H? Chí Minh,701,71712,Huy?n Long ??t,25,71712025,Xã ??t ?o?,,
2720,29,Tp H? Chí Minh,701,71712,Huy?n Long ??t,26,71712026,Xã Long ?i?n,,
2721,29,Tp H? Chí Minh,701,71713,Huy?n Côn ??o,27,71713027,??c khu Côn ??o,,
2659,29,Tp H? Chí Minh,701,71109,Thành ph? D? An,28,71109028,Ph??ng ?ông Hoà,,
2660,29,Tp H? Chí Minh,701,71109,Thành ph? D? An,29,71109029,Ph??ng D? An,,
2661,29,Tp H? Chí Minh,701,71109,Thành ph? D? An,30,71109030,Ph??ng Tân ?ông Hi?p,,
2662,29,Tp H? Chí Minh,701,71107,Thành ph? Thu?n An,31,71107031,Ph??ng Thu?n An,,
2663,29,Tp H? Chí Minh,701,71107,Thành ph? Thu?n An,32,71107032,Ph??ng Thu?n Giao,,
2664,29,Tp H? Chí Minh,701,71107,Thành ph? Thu?n An,33,71107033,Ph??ng Bình Hoà,,
2665,29,Tp H? Chí Minh,701,71107,Thành ph? Thu?n An,34,71107034,Ph??ng Lái Thiêu,,
2666,29,Tp H? Chí Minh,701,71107,Thành ph? Thu?n An,35,71107035,Ph??ng An Phú,,
2667,29,Tp H? Chí Minh,701,71101,Thành ph? Th? D?u M?t,36,71101036,Ph??ng Bình D??ng,,
2668,29,Tp H? Chí Minh,701,71101,Thành ph? Th? D?u M?t,37,71101037,Ph??ng Chánh Hi?p,,
2669,29,Tp H? Chí Minh,701,71101,Thành ph? Th? D?u M?t,38,71101038,Ph??ng Th? D?u M?t,,
2670,29,Tp H? Chí Minh,701,71101,Thành ph? Th? D?u M?t,39,71101039,Ph??ng Phú L?i,,
2671,29,Tp H? Chí Minh,701,71105,Thành ph? Tân Uyên,40,71105040,Ph??ng V?nh Tân,,
2672,29,Tp H? Chí Minh,701,71105,Thành ph? Tân Uyên,41,71105041,Ph??ng Bình C?,,
2673,29,Tp H? Chí Minh,701,71105,Thành ph? Tân Uyên,42,71105042,Ph??ng Tân Uyên,,
2674,29,Tp H? Chí Minh,701,71105,Thành ph? Tân Uyên,43,71105043,Ph??ng Tân Hi?p,,
2675,29,Tp H? Chí Minh,701,71105,Thành ph? Tân Uyên,44,71105044,Ph??ng Tân Khánh,,
2676,29,Tp H? Chí Minh,701,71103,Thành ph? B?n Cát,45,71103045,Ph??ng Hoà L?i,,
2677,29,Tp H? Chí Minh,701,71101,Thành ph? Th? D?u M?t,46,71101046,Ph??ng Phú An,,
2678,29,Tp H? Chí Minh,701,71113,Huy?n D?u Ti?ng,47,71113047,Ph??ng Tây Nam,,
2679,29,Tp H? Chí Minh,701,71115,Huy?n Bàu Bàng,48,71115048,Ph??ng Long Nguyên,,
2680,29,Tp H? Chí Minh,701,71115,Huy?n Bàu Bàng,49,71115049,Ph??ng B?n Cát,,
2681,29,Tp H? Chí Minh,701,71115,Huy?n Bàu Bàng,50,71115050,Ph??ng Chánh Phú Hoà,,
2682,29,Tp H? Chí Minh,701,71117,Huy?n B?c Tân Uyên,51,71117051,Xã B?c Tân Uyên,,
2683,29,Tp H? Chí Minh,701,71117,Huy?n B?c Tân Uyên,52,71117052,Xã Th??ng Tân,,
2684,29,Tp H? Chí Minh,701,71111,Huy?n Phú Giáo,53,71111053,Xã An Long,,
2685,29,Tp H? Chí Minh,701,71111,Huy?n Phú Giáo,54,71111054,Xã Ph??c Thành,,
2686,29,Tp H? Chí Minh,701,71111,Huy?n Phú Giáo,55,71111055,Xã Ph??c Hoà,,
2687,29,Tp H? Chí Minh,701,71111,Huy?n Phú Giáo,56,71111056,Xã Phú Giáo,,
2688,29,Tp H? Chí Minh,701,71115,Huy?n Bàu Bàng,57,71115057,Xã Tr? V?n Th?,,
2689,29,Tp H? Chí Minh,701,71115,Huy?n Bàu Bàng,58,71115058,Xã Bàu Bàng,,
2690,29,Tp H? Chí Minh,701,71113,Huy?n D?u Ti?ng,59,71113059,Xã Minh Th?nh,,
2691,29,Tp H? Chí Minh,701,71113,Huy?n D?u Ti?ng,60,71113060,Xã Long Hoà,,
2692,29,Tp H? Chí Minh,701,71113,Huy?n D?u Ti?ng,61,71113061,Xã D?u Ti?ng,,
2693,29,Tp H? Chí Minh,701,71113,Huy?n D?u Ti?ng,62,71113062,Xã Thanh An,,
2722,29,Tp H? Chí Minh,701,70101,Qu?n 1,63,70101063,Ph??ng Sài Gòn,,
2723,29,Tp H? Chí Minh,701,70101,Qu?n 1,64,70101064,Ph??ng Tân ??nh,,
2724,29,Tp H? Chí Minh,701,70101,Qu?n 1,65,70101065,Ph??ng B?n Thành,,
2725,29,Tp H? Chí Minh,701,70101,Qu?n 1,66,70101066,Ph??ng C?u Ông Lãnh,,
2726,29,Tp H? Chí Minh,701,70105,Qu?n 3,67,70105067,Ph??ng Bàn C?,,
2727,29,Tp H? Chí Minh,701,70105,Qu?n 3,68,70105068,Ph??ng Xuân Hoà,,
2728,29,Tp H? Chí Minh,701,70105,Qu?n 3,69,70105069,Ph??ng Nhiêu L?c,,
2729,29,Tp H? Chí Minh,701,70107,Qu?n 4,70,70107070,Ph??ng Xóm Chi?u,,
2730,29,Tp H? Chí Minh,701,70107,Qu?n 4,71,70107071,Ph??ng Khánh H?i,,
2731,29,Tp H? Chí Minh,701,70107,Qu?n 4,72,70107072,Ph??ng V?nh H?i,,
2732,29,Tp H? Chí Minh,701,70109,Qu?n 5,73,70109073,Ph??ng Ch? Quán,,
2733,29,Tp H? Chí Minh,701,70109,Qu?n 5,74,70109074,Ph??ng An ?ông,,
2734,29,Tp H? Chí Minh,701,70109,Qu?n 5,75,70109075,Ph??ng Ch? L?n,,
2735,29,Tp H? Chí Minh,701,70111,Qu?n 6,76,70111076,Ph??ng Bình Tây,,
2736,29,Tp H? Chí Minh,701,70111,Qu?n 6,77,70111077,Ph??ng Bình Tiên,,
2737,29,Tp H? Chí Minh,701,70111,Qu?n 6,78,70111078,Ph??ng Bình Phú,,
2738,29,Tp H? Chí Minh,701,70111,Qu?n 6,79,70111079,Ph??ng Phú Lâm,,
2739,29,Tp H? Chí Minh,701,70113,Qu?n 7,80,70113080,Ph??ng Tân Thu?n,,
2740,29,Tp H? Chí Minh,701,70113,Qu?n 7,81,70113081,Ph??ng Phú Thu?n,,
2741,29,Tp H? Chí Minh,701,70113,Qu?n 7,82,70113082,Ph??ng Tân M?,,
2742,29,Tp H? Chí Minh,701,70113,Qu?n 7,83,70113083,Ph??ng Tân H?ng,,
2743,29,Tp H? Chí Minh,701,70115,Qu?n 8,84,70115084,Ph??ng Chánh H?ng,,
2744,29,Tp H? Chí Minh,701,70115,Qu?n 8,85,70115085,Ph??ng Phú ??nh,,
2745,29,Tp H? Chí Minh,701,70115,Qu?n 8,86,70115086,Ph??ng Bình ?ông,,
2746,29,Tp H? Chí Minh,701,70119,Qu?n 10,87,70119087,Ph??ng Diên H?ng,,
2747,29,Tp H? Chí Minh,701,70119,Qu?n 10,88,70119088,Ph??ng V??n Lài,,
2748,29,Tp H? Chí Minh,701,70119,Qu?n 10,89,70119089,Ph??ng Hoà H?ng,,
2749,29,Tp H? Chí Minh,701,70121,Qu?n 11,90,70121090,Ph??ng Minh Ph?ng,,
2750,29,Tp H? Chí Minh,701,70121,Qu?n 11,91,70121091,Ph??ng Bình Th?i,,
2751,29,Tp H? Chí Minh,701,70121,Qu?n 11,92,70121092,Ph??ng Hoà Bình,,
2752,29,Tp H? Chí Minh,701,70121,Qu?n 11,93,70121093,Ph??ng Phú Th?,,
2753,29,Tp H? Chí Minh,701,70123,Qu?n 12,94,70123094,Ph??ng ?ông H?ng Thu?n,,
2754,29,Tp H? Chí Minh,701,70123,Qu?n 12,95,70123095,Ph??ng Trung M? Tây,,
2755,29,Tp H? Chí Minh,701,70123,Qu?n 12,96,70123096,Ph??ng Tân Th?i Hi?p,,
2756,29,Tp H? Chí Minh,701,70123,Qu?n 12,97,70123097,Ph??ng Th?i An,,
2757,29,Tp H? Chí Minh,701,70123,Qu?n 12,98,70123098,Ph??ng An Phú ?ông,,
2758,29,Tp H? Chí Minh,701,70134,Qu?n Bình Tân,99,70134099,Ph??ng An L?c,,
2759,29,Tp H? Chí Minh,701,70134,Qu?n Bình Tân,100,70134100,Ph??ng Tân T?o,,
2760,29,Tp H? Chí Minh,701,70134,Qu?n Bình Tân,101,70134101,Ph??ng Bình Tân,,
2761,29,Tp H? Chí Minh,701,70134,Qu?n Bình Tân,102,70134102,Ph??ng Bình Tr? ?ông,,
2762,29,Tp H? Chí Minh,701,70134,Qu?n Bình Tân,103,70134103,Ph??ng Bình H?ng Hoà,,
2763,29,Tp H? Chí Minh,701,70129,Qu?n Bình Th?nh,104,70129104,Ph??ng Gia ??nh,,
2764,29,Tp H? Chí Minh,701,70129,Qu?n Bình Th?nh,105,70129105,Ph??ng Bình Th?nh,,
2765,29,Tp H? Chí Minh,701,70129,Qu?n Bình Th?nh,106,70129106,Ph??ng Bình L?i Trung,,
2766,29,Tp H? Chí Minh,701,70129,Qu?n Bình Th?nh,107,70129107,Ph??ng Th?nh M? Tây,,
2767,29,Tp H? Chí Minh,701,70129,Qu?n Bình Th?nh,108,70129108,Ph??ng Bình Qu?i,,
2768,29,Tp H? Chí Minh,701,70125,Qu?n Gò V?p,109,70125109,Ph??ng H?nh Thông,,
2769,29,Tp H? Chí Minh,701,70125,Qu?n Gò V?p,110,70125110,Ph??ng An Nh?n,,
2770,29,Tp H? Chí Minh,701,70125,Qu?n Gò V?p,111,70125111,Ph??ng Gò V?p,,
2771,29,Tp H? Chí Minh,701,70125,Qu?n Gò V?p,112,70125112,Ph??ng An H?i ?ông,,
2772,29,Tp H? Chí Minh,701,70125,Qu?n Gò V?p,113,70125113,Ph??ng Thông Tây H?i,,
2773,29,Tp H? Chí Minh,701,70125,Qu?n Gò V?p,114,70125114,Ph??ng An H?i Tây,,
2774,29,Tp H? Chí Minh,701,70131,Qu?n Phú Nhu?n,115,70131115,Ph??ng ??c Nhu?n,,
2775,29,Tp H? Chí Minh,701,70131,Qu?n Phú Nhu?n,116,70131116,Ph??ng C?u Ki?u,,
2776,29,Tp H? Chí Minh,701,70131,Qu?n Phú Nhu?n,117,70131117,Ph??ng Phú Nhu?n,,
2777,29,Tp H? Chí Minh,701,70127,Qu?n Tân Bình,118,70127118,Ph??ng Tân S?n Hoà,,
2778,29,Tp H? Chí Minh,701,70127,Qu?n Tân Bình,119,70127119,Ph??ng Tân S?n Nh?t,,
2779,29,Tp H? Chí Minh,701,70127,Qu?n Tân Bình,120,70127120,Ph??ng Tân Hoà,,
2780,29,Tp H? Chí Minh,701,70127,Qu?n Tân Bình,121,70127121,Ph??ng B?y Hi?n,,
2781,29,Tp H? Chí Minh,701,70127,Qu?n Tân Bình,122,70127122,Ph??ng Tân Bình,,
2782,29,Tp H? Chí Minh,701,70127,Qu?n Tân Bình,123,70127123,Ph??ng Tân S?n,,
2783,29,Tp H? Chí Minh,701,70128,Qu?n Tân Phú,124,70128124,Ph??ng Tây Th?nh,,
2784,29,Tp H? Chí Minh,701,70128,Qu?n Tân Phú,125,70128125,Ph??ng Tân S?n Nhì,,
2785,29,Tp H? Chí Minh,701,70128,Qu?n Tân Phú,126,70128126,Ph??ng Phú Th? Hoà,,
2786,29,Tp H? Chí Minh,701,70128,Qu?n Tân Phú,127,70128127,Ph??ng Tân Phú,,
2787,29,Tp H? Chí Minh,701,70128,Qu?n Tân Phú,128,70128128,Ph??ng Phú Th?nh,,
2788,29,Tp H? Chí Minh,701,70145,Thành ph? Th? ??c,129,70145129,Ph??ng Hi?p Bình,,
2789,29,Tp H? Chí Minh,701,70145,Thành ph? Th? ??c,130,70145130,Ph??ng Th? ??c,,
2790,29,Tp H? Chí Minh,701,70145,Thành ph? Th? ??c,131,70145131,Ph??ng Tam Bình,,
2791,29,Tp H? Chí Minh,701,70145,Thành ph? Th? ??c,132,70145132,Ph??ng Linh Xuân,,
2792,29,Tp H? Chí Minh,701,70145,Thành ph? Th? ??c,133,70145133,Ph??ng T?ng Nh?n Phú,,
2793,29,Tp H? Chí Minh,701,70145,Thành ph? Th? ??c,134,70145134,Ph??ng Long Bình,,
2794,29,Tp H? Chí Minh,701,70145,Thành ph? Th? ??c,135,70145135,Ph??ng Long Ph??c,,
2795,29,Tp H? Chí Minh,701,70145,Thành ph? Th? ??c,136,70145136,Ph??ng Long Tr??ng,,
2796,29,Tp H? Chí Minh,701,70145,Thành ph? Th? ??c,137,70145137,Ph??ng Cát Lái,,
2797,29,Tp H? Chí Minh,701,70145,Thành ph? Th? ??c,138,70145138,Ph??ng Bình Tr?ng,,
2798,29,Tp H? Chí Minh,701,70145,Thành ph? Th? ??c,139,70145139,Ph??ng Ph??c Long,,
2799,29,Tp H? Chí Minh,701,70145,Thành ph? Th? ??c,140,70145140,Ph??ng An Khánh,,
2800,29,Tp H? Chí Minh,701,70139,Huy?n Bình Chánh,141,70139141,Xã V?nh L?c,,
2801,29,Tp H? Chí Minh,701,70139,Huy?n Bình Chánh,142,70139142,Xã Tân V?nh L?c,,
2802,29,Tp H? Chí Minh,701,70139,Huy?n Bình Chánh,143,70139143,Xã Bình L?i,,
2803,29,Tp H? Chí Minh,701,70139,Huy?n Bình Chánh,144,70139144,Xã Tân Nh?t,,
2804,29,Tp H? Chí Minh,701,70139,Huy?n Bình Chánh,145,70139145,Xã Bình Chánh,,
2805,29,Tp H? Chí Minh,701,70139,Huy?n Bình Chánh,146,70139146,Xã H?ng Long,,
2806,29,Tp H? Chí Minh,701,70139,Huy?n Bình Chánh,147,70139147,Xã Bình H?ng,,
2807,29,Tp H? Chí Minh,701,70143,Huy?n C?n Gi?,148,70143148,Xã Bình Khánh,,
2808,29,Tp H? Chí Minh,701,70143,Huy?n C?n Gi?,149,70143149,Xã An Th?i ?ông,,
2809,29,Tp H? Chí Minh,701,70143,Huy?n C?n Gi?,150,70143150,Xã C?n Gi?,,
2810,29,Tp H? Chí Minh,701,70135,Huy?n C? Chi,151,70135151,Xã C? Chi,,
2811,29,Tp H? Chí Minh,701,70135,Huy?n C? Chi,152,70135152,Xã Tân An H?i,,
2812,29,Tp H? Chí Minh,701,70135,Huy?n C? Chi,153,70135153,Xã Thái M?,,
2813,29,Tp H? Chí Minh,701,70135,Huy?n C? Chi,154,70135154,Xã An Nh?n Tây,,
2814,29,Tp H? Chí Minh,701,70135,Huy?n C? Chi,155,70135155,Xã Nhu?n ??c,,
2815,29,Tp H? Chí Minh,701,70135,Huy?n C? Chi,156,70135156,Xã Phú Hoà ?ông,,
2816,29,Tp H? Chí Minh,701,70135,Huy?n C? Chi,157,70135157,Xã Bình M?,,
2817,29,Tp H? Chí Minh,701,70137,Huy?n Hóc Môn,158,70137158,Xã ?ông Th?nh,,
2818,29,Tp H? Chí Minh,701,70137,Huy?n Hóc Môn,159,70137159,Xã Hóc Môn,,
2819,29,Tp H? Chí Minh,701,70137,Huy?n Hóc Môn,160,70137160,Xã Xuân Th?i S?n,,
2820,29,Tp H? Chí Minh,701,70137,Huy?n Hóc Môn,161,70137161,Xã Bà ?i?m,,
2821,29,Tp H? Chí Minh,701,70141,Huy?n Nhà Bè,162,70141162,Xã Nhà Bè,,
2822,29,Tp H? Chí Minh,701,70141,Huy?n Nhà Bè,163,70141163,Xã Hi?p Ph??c,,
2823,29,Tp H? Chí Minh,701,71701,Thành ph? V?ng Tàu,164,71701164,Xã Long S?n,,
2824,29,Tp H? Chí Minh,701,71707,Huy?n Xuyên M?c,165,71707165,Xã Hòa Hi?p,,
2825,29,Tp H? Chí Minh,701,71707,Huy?n Xuyên M?c,166,71707166,Xã Bình Châu,,
2694,29,Tp H? Chí Minh,701,71103,Thành ph? B?n Cát,167,71103167,Ph??ng Th?i Hoà,,
2826,29,Tp H? Chí Minh,701,70143,Huy?n C?n Gi?,168,70143168,Xã Th?nh An,,
2875,30,T?nh V?nh Long,809,81701,Thành ph? Trà Vinh,1,81701037,Ph??ng Trà Vinh,,
2916,30,T?nh V?nh Long,809,80905,Huy?n Mang Thít,1,80905001,Xã Cái Nhum,,
2876,30,T?nh V?nh Long,809,81701,Thành ph? Trà Vinh,2,81701036,Ph??ng Long ??c,,
2917,30,T?nh V?nh Long,809,80905,Huy?n Mang Thít,2,80905002,Xã Tân Long H?i,,
2877,30,T?nh V?nh Long,809,81701,Thành ph? Trà Vinh,3,81701038,Ph??ng Nguy?t Hóa,,
2918,30,T?nh V?nh Long,809,80905,Huy?n Mang Thít,3,80905003,Xã Nh?n Phú,,
2878,30,T?nh V?nh Long,809,81701,Thành ph? Trà Vinh,4,81701039,Ph??ng Hòa Thu?n,,
2919,30,T?nh V?nh Long,809,80905,Huy?n Mang Thít,4,80905004,Xã Bình Ph??c,,
2879,30,T?nh V?nh Long,809,81703,Huy?n Càng Long,5,81703042,Xã Càng Long,,
2920,30,T?nh V?nh Long,809,80903,Huy?n Long H?,5,80903005,Xã An Bình,,
2880,30,T?nh V?nh Long,809,81703,Huy?n Càng Long,6,81703040,Xã An Tr??ng,,
2921,30,T?nh V?nh Long,809,80903,Huy?n Long H?,6,80903006,Xã Long H?,,
2881,30,T?nh V?nh Long,809,81703,Huy?n Càng Long,7,81703041,Xã Tân An,,
2922,30,T?nh V?nh Long,809,80903,Huy?n Long H?,7,80903007,Xã Phú Qu?i,,
2882,30,T?nh V?nh Long,809,81703,Huy?n Càng Long,8,81703043,Xã Nh? Long,,
2923,30,T?nh V?nh Long,809,80901,Thành ph? V?nh Long,8,80901008,Ph??ng Thanh ??c,,
2883,30,T?nh V?nh Long,809,81703,Huy?n Càng Long,9,81703044,Xã Bình Phú,,
2924,30,T?nh V?nh Long,809,80901,Thành ph? V?nh Long,9,80901009,Ph??ng Long Châu,,
2884,30,T?nh V?nh Long,809,81705,Huy?n Châu Thành,10,81705046,Xã Châu Thành,,
2925,30,T?nh V?nh Long,809,80901,Thành ph? V?nh Long,10,80901010,Ph??ng Ph??c H?u,,
2885,30,T?nh V?nh Long,809,81705,Huy?n Châu Thành,11,81705045,Xã Song L?c,,
2926,30,T?nh V?nh Long,809,80901,Thành ph? V?nh Long,11,80901011,Ph??ng Tân H?nh,,
2886,30,T?nh V?nh Long,809,81705,Huy?n Châu Thành,12,81705047,Xã H?ng M?,,
2927,30,T?nh V?nh Long,809,80901,Thành ph? V?nh Long,12,80901012,Ph??ng Tân Ngãi,,
2887,30,T?nh V?nh Long,809,81705,Huy?n Châu Thành,13,81705048,Xã Hòa Minh,,
2928,30,T?nh V?nh Long,809,80913,Huy?n V?ng Liêm,13,80913013,Xã Qu?i Thi?n,,
2888,30,T?nh V?nh Long,809,81705,Huy?n Châu Thành,14,81705049,Xã Long Hòa,,
2929,30,T?nh V?nh Long,809,80913,Huy?n V?ng Liêm,14,80913014,Xã Trung Thành,,
2889,30,T?nh V?nh Long,809,81707,Huy?n C?u Kè,15,81707050,Xã C?u Kè,,
2930,30,T?nh V?nh Long,809,80913,Huy?n V?ng Liêm,15,80913015,Xã Trung Ngãi,,
2890,30,T?nh V?nh Long,809,81707,Huy?n C?u Kè,16,81707051,Xã Phong Th?nh,,
2931,30,T?nh V?nh Long,809,80913,Huy?n V?ng Liêm,16,80913016,Xã Qu?i An,,
2891,30,T?nh V?nh Long,809,81707,Huy?n C?u Kè,17,81707052,Xã An Phú Tân,,
2932,30,T?nh V?nh Long,809,80913,Huy?n V?ng Liêm,17,80913017,Xã Trung Hi?p,,
2892,30,T?nh V?nh Long,809,81707,Huy?n C?u Kè,18,81707053,Xã Tam Ngãi,,
2933,30,T?nh V?nh Long,809,80913,Huy?n V?ng Liêm,18,80913018,Xã Hi?u Ph?ng,,
2893,30,T?nh V?nh Long,809,81709,Huy?n Ti?u C?n,19,81709056,Xã Ti?u C?n,,
2934,30,T?nh V?nh Long,809,80913,Huy?n V?ng Liêm,19,80913019,Xã Hi?u Thành,,
2894,30,T?nh V?nh Long,809,81709,Huy?n Ti?u C?n,20,81709054,Xã Tân Hòa,,
2935,30,T?nh V?nh Long,809,80911,Huy?n Trà Ôn,20,80911020,Xã L?c S? Thành,,
2895,30,T?nh V?nh Long,809,81709,Huy?n Ti?u C?n,21,81709055,Xã Hùng Hòa,,
2936,30,T?nh V?nh Long,809,80911,Huy?n Trà Ôn,21,80911021,Xã Trà Ôn,,
2896,30,T?nh V?nh Long,809,81709,Huy?n Ti?u C?n,22,81709057,Xã T?p Ngãi,,
2937,30,T?nh V?nh Long,809,80911,Huy?n Trà Ôn,22,80911022,Xã Trà Côn,,
2897,30,T?nh V?nh Long,809,81711,Huy?n C?u Ngang,23,81711060,Xã C?u Ngang,,
2938,30,T?nh V?nh Long,809,80911,Huy?n Trà Ôn,23,80911023,Xã V?nh Xuân,,
2898,30,T?nh V?nh Long,809,81711,Huy?n C?u Ngang,24,81711058,Xã M? Long,,
2939,30,T?nh V?nh Long,809,80911,Huy?n Trà Ôn,24,80911024,Xã Hòa Bình,,
2899,30,T?nh V?nh Long,809,81711,Huy?n C?u Ngang,25,81711059,Xã Vinh Kim,,
2940,30,T?nh V?nh Long,809,80909,Huy?n Tam Bình,25,80909025,Xã Hòa Hi?p,,
2900,30,T?nh V?nh Long,809,81711,Huy?n C?u Ngang,26,81711061,Xã Nh? Tr??ng,,
2941,30,T?nh V?nh Long,809,80909,Huy?n Tam Bình,26,80909026,Xã Tam Bình,,
2901,30,T?nh V?nh Long,809,81711,Huy?n C?u Ngang,27,81711062,Xã Hi?p M?,,
2942,30,T?nh V?nh Long,809,80909,Huy?n Tam Bình,27,80909027,Xã Ngãi T?,,
2902,30,T?nh V?nh Long,809,81713,Huy?n Trà Cú,28,81713066,Xã Trà Cú,,
2943,30,T?nh V?nh Long,809,80909,Huy?n Tam Bình,28,80909028,Xã Song Phú,,
2903,30,T?nh V?nh Long,809,81713,Huy?n Trà Cú,29,81713063,Xã L?u Nghi?p Anh,,
2944,30,T?nh V?nh Long,809,80909,Huy?n Tam Bình,29,80909029,Xã Cái Ngang,,
2904,30,T?nh V?nh Long,809,81713,Huy?n Trà Cú,30,81713064,Xã ??i An,,
2945,30,T?nh V?nh Long,809,80908,Huy?n Bình Tân,30,80908030,Xã Tân Qu?i,,
2905,30,T?nh V?nh Long,809,81713,Huy?n Trà Cú,31,81713065,Xã Hàm Giang,,
2946,30,T?nh V?nh Long,809,80908,Huy?n Bình Tân,31,80908031,Xã Tân L??c,,
2906,30,T?nh V?nh Long,809,81713,Huy?n Trà Cú,32,81713067,Xã Long Hi?p,,
2947,30,T?nh V?nh Long,809,80908,Huy?n Bình Tân,32,80908032,Xã M? Thu?n,,
2907,30,T?nh V?nh Long,809,81713,Huy?n Trà Cú,33,81713068,Xã T?p S?n,,
2948,30,T?nh V?nh Long,809,80907,Th? xã Bình Minh,33,80907033,Ph??ng Bình Minh,,
2908,30,T?nh V?nh Long,809,81716,Th? xã Duyên H?i,34,81716069,Ph??ng Duyên H?i,,
2949,30,T?nh V?nh Long,809,80907,Th? xã Bình Minh,34,80907034,Ph??ng Cái V?n,,
2909,30,T?nh V?nh Long,809,81716,Th? xã Duyên H?i,35,81716070,Ph??ng Tr??ng Long Hòa,,
2950,30,T?nh V?nh Long,809,80907,Th? xã Bình Minh,35,80907035,Ph??ng ?ông Thành,,
2910,30,T?nh V?nh Long,809,81716,Th? xã Duyên H?i,36,81716071,Xã Long H?u,,
2911,30,T?nh V?nh Long,809,81715,Huy?n Duyên H?i,37,81715072,Xã Long Thành,,
2912,30,T?nh V?nh Long,809,81715,Huy?n Duyên H?i,38,81715073,Xã ?ông H?i,,
2913,30,T?nh V?nh Long,809,81715,Huy?n Duyên H?i,39,81715074,Xã Long V?nh,,
2914,30,T?nh V?nh Long,809,81715,Huy?n Duyên H?i,40,81715075,Xã ?ôn Châu,,
2915,30,T?nh V?nh Long,809,81715,Huy?n Duyên H?i,41,81715076,Xã Ng? L?c,,
2827,30,T?nh V?nh Long,809,81101,Thành ph? B?n Tre,77,81101077,Ph??ng An H?i,,
2828,30,T?nh V?nh Long,809,81101,Thành ph? B?n Tre,78,81101078,Ph??ng Phú Kh??ng,,
2829,30,T?nh V?nh Long,809,81101,Thành ph? B?n Tre,79,81101079,Ph??ng B?n Tre,,
2830,30,T?nh V?nh Long,809,81101,Thành ph? B?n Tre,80,81101080,Ph??ng S?n ?ông,,
2831,30,T?nh V?nh Long,809,81103,Huy?n Châu Thành,81,81103081,Ph??ng Phú Tân,,
2832,30,T?nh V?nh Long,809,81103,Huy?n Châu Thành,82,81103082,Xã Phú Túc,,
2833,30,T?nh V?nh Long,809,81103,Huy?n Châu Thành,83,81103083,Xã Giao Long,,
2834,30,T?nh V?nh Long,809,81103,Huy?n Châu Thành,84,81103084,Xã Tiên Th?y,,
2835,30,T?nh V?nh Long,809,81103,Huy?n Châu Thành,85,81103085,Xã Tân Phú,,
2836,30,T?nh V?nh Long,809,81105,Huy?n Ch? Lách,86,81105086,Xã Phú Ph?ng,,
2837,30,T?nh V?nh Long,809,81105,Huy?n Ch? Lách,87,81105087,Xã Ch? Lách,,
2838,30,T?nh V?nh Long,809,81105,Huy?n Ch? Lách,88,81105088,Xã V?nh Thành,,
2839,30,T?nh V?nh Long,809,81105,Huy?n Ch? Lách,89,81105089,Xã H?ng Khánh Trung,,
2840,30,T?nh V?nh Long,809,81108,Huy?n M? Cày B?c,90,81108090,Xã Ph??c M? Trung,,
2841,30,T?nh V?nh Long,809,81108,Huy?n M? Cày B?c,91,81108091,Xã Tân Thành Bình,,
2842,30,T?nh V?nh Long,809,81108,Huy?n M? Cày B?c,92,81108092,Xã Nhu?n Phú Tân,,
2843,30,T?nh V?nh Long,809,81107,Huy?n M? Cày Nam,93,81107093,Xã ??ng Kh?i,,
2844,30,T?nh V?nh Long,809,81107,Huy?n M? Cày Nam,94,81107094,Xã Mo? Cày,,
2845,30,T?nh V?nh Long,809,81107,Huy?n M? Cày Nam,95,81107095,Xã Thành Th?i,,
2846,30,T?nh V?nh Long,809,81107,Huy?n M? Cày Nam,96,81107096,Xã An ??nh,,
2847,30,T?nh V?nh Long,809,81107,Huy?n M? Cày Nam,97,81107097,Xã H??ng M?,,
2848,30,T?nh V?nh Long,809,81115,Huy?n Th?nh Phú,98,81115098,Xã ??i ?i?n,,
2849,30,T?nh V?nh Long,809,81115,Huy?n Th?nh Phú,99,81115099,Xã Qu?i ?i?n,,
2850,30,T?nh V?nh Long,809,81115,Huy?n Th?nh Phú,100,81115100,Xã Th?nh Phú,,
2851,30,T?nh V?nh Long,809,81115,Huy?n Th?nh Phú,101,81115101,Xã An Qui,,
2852,30,T?nh V?nh Long,809,81115,Huy?n Th?nh Phú,102,81115102,Xã Th?nh H?i,,
2853,30,T?nh V?nh Long,809,81115,Huy?n Th?nh Phú,103,81115103,Xã Th?nh Phong,,
2854,30,T?nh V?nh Long,809,81113,Huy?n Ba Tri,104,81113104,Xã Tân Th?y,,
2855,30,T?nh V?nh Long,809,81113,Huy?n Ba Tri,105,81113105,Xã B?o Th?nh,,
2856,30,T?nh V?nh Long,809,81113,Huy?n Ba Tri,106,81113106,Xã Ba Tri,,
2857,30,T?nh V?nh Long,809,81113,Huy?n Ba Tri,107,81113107,Xã Tân Xuân,,
2858,30,T?nh V?nh Long,809,81113,Huy?n Ba Tri,108,81113108,Xã M? Chánh Hòa,,
2859,30,T?nh V?nh Long,809,81113,Huy?n Ba Tri,109,81113109,Xã An Ngãi Trung,,
2860,30,T?nh V?nh Long,809,81113,Huy?n Ba Tri,110,81113110,Xã An Hi?p,,
2861,30,T?nh V?nh Long,809,81109,Huy?n Gi?ng Trôm,111,81109111,Xã H?ng Nh??ng,,
2862,30,T?nh V?nh Long,809,81109,Huy?n Gi?ng Trôm,112,81109112,Xã Gi?ng Trôm,,
2863,30,T?nh V?nh Long,809,81109,Huy?n Gi?ng Trôm,113,81109113,Xã Tân Hào,,
2864,30,T?nh V?nh Long,809,81109,Huy?n Gi?ng Trôm,114,81109114,Xã Ph??c Long,,
2865,30,T?nh V?nh Long,809,81109,Huy?n Gi?ng Trôm,115,81109115,Xã L??ng Phú,,
2866,30,T?nh V?nh Long,809,81109,Huy?n Gi?ng Trôm,116,81109116,Xã Châu Hòa,,
2867,30,T?nh V?nh Long,809,81109,Huy?n Gi?ng Trôm,117,81109117,Xã L??ng Hòa,,
2868,30,T?nh V?nh Long,809,81111,Huy?n Bình ??i,118,81111118,Xã Th?i Thu?n,,
2869,30,T?nh V?nh Long,809,81111,Huy?n Bình ??i,119,81111119,Xã Th?nh Ph??c,,
2870,30,T?nh V?nh Long,809,81111,Huy?n Bình ??i,120,81111120,Xã Bình ??i,,
2871,30,T?nh V?nh Long,809,81111,Huy?n Bình ??i,121,81111121,Xã Th?nh Tr?,,
2872,30,T?nh V?nh Long,809,81111,Huy?n Bình ??i,122,81111122,Xã L?c Thu?n,,
2873,30,T?nh V?nh Long,809,81111,Huy?n Bình ??i,123,81111123,Xã Châu H?ng,,
2874,30,T?nh V?nh Long,809,81111,Huy?n Bình ??i,124,81111124,Xã Phú Thu?n,,
2996,31,T?nh ??ng Tháp,803,80701,Thành ph? M? Tho,1,80701001,Ph??ng M? Tho,,
2997,31,T?nh ??ng Tháp,803,80701,Thành ph? M? Tho,2,80701002,Ph??ng ??o Th?nh,,
2998,31,T?nh ??ng Tháp,803,80701,Thành ph? M? Tho,3,80701003,Ph??ng M? Phong,,
2999,31,T?nh ??ng Tháp,803,80701,Thành ph? M? Tho,4,80701004,Ph??ng Th?i S?n,,
3000,31,T?nh ??ng Tháp,803,80701,Thành ph? M? Tho,5,80701005,Ph??ng Trung An,,
3001,31,T?nh ??ng Tháp,803,80703,Thành ph? Gò Công,6,80703006,Ph??ng Gò Công,,
3002,31,T?nh ??ng Tháp,803,80703,Thành ph? Gò Công,7,80703007,Ph??ng Long Thu?n,,
3003,31,T?nh ??ng Tháp,803,80703,Thành ph? Gò Công,8,80703008,Ph??ng S?n Qui,,
3004,31,T?nh ??ng Tháp,803,80703,Thành ph? Gò Công,9,80703009,Ph??ng Bình Xuân,,
3005,31,T?nh ??ng Tháp,803,80721,Th? xã Cai L?y,10,80721010,Ph??ng M? Ph??c Tây,,
3006,31,T?nh ??ng Tháp,803,80721,Th? xã Cai L?y,11,80721011,Ph??ng Thanh Hoà,,
3007,31,T?nh ??ng Tháp,803,80721,Th? xã Cai L?y,12,80721012,Ph??ng Cai L?y,,
3008,31,T?nh ??ng Tháp,803,80721,Th? xã Cai L?y,13,80721013,Ph??ng Nh? Quý,,
3009,31,T?nh ??ng Tháp,803,80721,Th? xã Cai L?y,14,80721014,Xã Tân Phú,,
3010,31,T?nh ??ng Tháp,803,80713,Huy?n Cái Bè,15,80713015,Xã Thanh H?ng,,
3011,31,T?nh ??ng Tháp,803,80713,Huy?n Cái Bè,16,80713016,Xã An H?u,,
3012,31,T?nh ??ng Tháp,803,80713,Huy?n Cái Bè,17,80713017,Xã M? L?i,,
3013,31,T?nh ??ng Tháp,803,80713,Huy?n Cái Bè,18,80713018,Xã M? ??c Tây,,
3014,31,T?nh ??ng Tháp,803,80713,Huy?n Cái Bè,19,80713019,Xã M? Thi?n,,
3015,31,T?nh ??ng Tháp,803,80713,Huy?n Cái Bè,20,80713020,Xã H?u M?,,
3016,31,T?nh ??ng Tháp,803,80713,Huy?n Cái Bè,21,80713021,Xã H?i C?,,
3017,31,T?nh ??ng Tháp,803,80713,Huy?n Cái Bè,22,80713022,Xã Cái Bè,,
3018,31,T?nh ??ng Tháp,803,80709,Huy?n Cai L?y,23,80709023,Xã Bình Phú,,
3019,31,T?nh ??ng Tháp,803,80709,Huy?n Cai L?y,24,80709024,Xã Hi?p ??c,,
3020,31,T?nh ??ng Tháp,803,80709,Huy?n Cai L?y,25,80709025,Xã Ng? Hi?p,,
3021,31,T?nh ??ng Tháp,803,80709,Huy?n Cai L?y,26,80709026,Xã Long Tiên,,
3022,31,T?nh ??ng Tháp,803,80709,Huy?n Cai L?y,27,80709027,Xã M? Thành,,
3023,31,T?nh ??ng Tháp,803,80709,Huy?n Cai L?y,28,80709028,Xã Th?nh Phú,,
3024,31,T?nh ??ng Tháp,803,80705,Huy?n Tân Ph??c,29,80705029,Xã Tân Ph??c 1,,
3025,31,T?nh ??ng Tháp,803,80705,Huy?n Tân Ph??c,30,80705030,Xã Tân Ph??c 2,,
3026,31,T?nh ??ng Tháp,803,80705,Huy?n Tân Ph??c,31,80705031,Xã Tân Ph??c 3,,
3027,31,T?nh ??ng Tháp,803,80705,Huy?n Tân Ph??c,32,80705032,Xã H?ng Th?nh,,
3028,31,T?nh ??ng Tháp,803,80707,Huy?n Châu Thành,33,80707033,Xã Tân H??ng,,
3029,31,T?nh ??ng Tháp,803,80707,Huy?n Châu Thành,34,80707034,Xã Châu Thành,,
3030,31,T?nh ??ng Tháp,803,80707,Huy?n Châu Thành,35,80707035,Xã Long H?ng,,
3031,31,T?nh ??ng Tháp,803,80707,Huy?n Châu Thành,36,80707036,Xã Long ??nh,,
3032,31,T?nh ??ng Tháp,803,80707,Huy?n Châu Thành,37,80707037,Xã V?nh Kim,,
3033,31,T?nh ??ng Tháp,803,80707,Huy?n Châu Thành,38,80707038,Xã Kim S?n,,
3034,31,T?nh ??ng Tháp,803,80707,Huy?n Châu Thành,39,80707039,Xã Bình Tr?ng,,
3035,31,T?nh ??ng Tháp,803,80711,Huy?n Ch? G?o,40,80711040,Xã M? T?nh An,,
3036,31,T?nh ??ng Tháp,803,80711,Huy?n Ch? G?o,41,80711041,Xã L??ng Hoà L?c,,
3037,31,T?nh ??ng Tháp,803,80711,Huy?n Ch? G?o,42,80711042,Xã Tân Thu?n Bình,,
3038,31,T?nh ??ng Tháp,803,80711,Huy?n Ch? G?o,43,80711043,Xã Ch? G?o,,
3039,31,T?nh ??ng Tháp,803,80711,Huy?n Ch? G?o,44,80711044,Xã An Th?nh Th?y,,
3040,31,T?nh ??ng Tháp,803,80711,Huy?n Ch? G?o,45,80711045,Xã Bình Ninh,,
3041,31,T?nh ??ng Tháp,803,80715,Huy?n Gò Công Tây,46,80715046,Xã V?nh Bình,,
3042,31,T?nh ??ng Tháp,803,80715,Huy?n Gò Công Tây,47,80715047,Xã ??ng S?n,,
3043,31,T?nh ??ng Tháp,803,80715,Huy?n Gò Công Tây,48,80715048,Xã Phú Thành,,
3044,31,T?nh ??ng Tháp,803,80715,Huy?n Gò Công Tây,49,80715049,Xã Long Bình,,
3045,31,T?nh ??ng Tháp,803,80715,Huy?n Gò Công Tây,50,80715050,Xã V?nh H?u,,
3046,31,T?nh ??ng Tháp,803,80717,Huy?n Gò Công ?ông,51,80717051,Xã Gò Công ?ông,,
3047,31,T?nh ??ng Tháp,803,80717,Huy?n Gò Công ?ông,52,80717052,Xã Tân ?i?n,,
3048,31,T?nh ??ng Tháp,803,80717,Huy?n Gò Công ?ông,53,80717053,Xã Tân Hoà,,
3049,31,T?nh ??ng Tháp,803,80717,Huy?n Gò Công ?ông,54,80717054,Xã Tân ?ông,,
3050,31,T?nh ??ng Tháp,803,80717,Huy?n Gò Công ?ông,55,80717055,Xã Gia Thu?n,,
3051,31,T?nh ??ng Tháp,803,80719,Huy?n Tân Phú ?ông,56,80719056,Xã Tân Th?i,,
3052,31,T?nh ??ng Tháp,803,80719,Huy?n Tân Phú ?ông,57,80719057,Xã Tân Phú ?ông,,
2951,31,T?nh ??ng Tháp,803,80305,Huy?n Tân H?ng,58,80305058,Xã Tân H?ng,,
2952,31,T?nh ??ng Tháp,803,80305,Huy?n Tân H?ng,59,80305059,Xã Tân Thành,,
2953,31,T?nh ??ng Tháp,803,80305,Huy?n Tân H?ng,60,80305060,Xã Tân H? C?,,
2954,31,T?nh ??ng Tháp,803,80305,Huy?n Tân H?ng,61,80305061,Xã An Ph??c,,
2955,31,T?nh ??ng Tháp,803,80323,Thành ph? H?ng Ng?,62,80323062,Ph??ng An Bình,,
2956,31,T?nh ??ng Tháp,803,80323,Thành ph? H?ng Ng?,63,80323063,Ph??ng H?ng Ng?,,
2957,31,T?nh ??ng Tháp,803,80307,Huy?n H?ng Ng?,64,80307064,Ph??ng Th??ng L?c,,
2958,31,T?nh ??ng Tháp,803,80307,Huy?n H?ng Ng?,65,80307065,Xã Th??ng Ph??c,,
2959,31,T?nh ??ng Tháp,803,80307,Huy?n H?ng Ng?,66,80307066,Xã Long Khánh,,
2960,31,T?nh ??ng Tháp,803,80307,Huy?n H?ng Ng?,67,80307067,Xã Long Phú Thu?n,,
2961,31,T?nh ??ng Tháp,803,80309,Huy?n Tam Nông,68,80309068,Xã An Hoà,,
2962,31,T?nh ??ng Tháp,803,80309,Huy?n Tam Nông,69,80309069,Xã Tam Nông,,
2963,31,T?nh ??ng Tháp,803,80309,Huy?n Tam Nông,70,80309070,Xã Phú Th?,,
2964,31,T?nh ??ng Tháp,803,80309,Huy?n Tam Nông,71,80309071,Xã Tràm Chim,,
2965,31,T?nh ??ng Tháp,803,80309,Huy?n Tam Nông,72,80309072,Xã Phú C??ng,,
2966,31,T?nh ??ng Tháp,803,80309,Huy?n Tam Nông,73,80309073,Xã An Long,,
2967,31,T?nh ??ng Tháp,803,80311,Huy?n Thanh Bình,74,80311074,Xã Thanh Bình,,
2968,31,T?nh ??ng Tháp,803,80311,Huy?n Thanh Bình,75,80311075,Xã Tân Th?nh,,
2969,31,T?nh ??ng Tháp,803,80311,Huy?n Thanh Bình,76,80311076,Xã Bình Thành,,
2970,31,T?nh ??ng Tháp,803,80311,Huy?n Thanh Bình,77,80311077,Xã Tân Long,,
2971,31,T?nh ??ng Tháp,803,80313,Huy?n Tháp M??i,78,80313078,Xã Tháp M??i,,
2972,31,T?nh ??ng Tháp,803,80313,Huy?n Tháp M??i,79,80313079,Xã Thanh M?,,
2973,31,T?nh ??ng Tháp,803,80313,Huy?n Tháp M??i,80,80313080,Xã M? Quí,,
2974,31,T?nh ??ng Tháp,803,80313,Huy?n Tháp M??i,81,80313081,Xã ??c Binh Ki?u,,
2975,31,T?nh ??ng Tháp,803,80313,Huy?n Tháp M??i,82,80313082,Xã Tr??ng Xuân,,
2976,31,T?nh ??ng Tháp,803,80313,Huy?n Tháp M??i,83,80313083,Xã Ph??ng Th?nh,,
2977,31,T?nh ??ng Tháp,803,80315,Huy?n Cao Lãnh,84,80315084,Xã Phong M?,,
2978,31,T?nh ??ng Tháp,803,80315,Huy?n Cao Lãnh,85,80315085,Xã Ba Sao,,
2979,31,T?nh ??ng Tháp,803,80315,Huy?n Cao Lãnh,86,80315086,Xã M? Th?,,
2980,31,T?nh ??ng Tháp,803,80315,Huy?n Cao Lãnh,87,80315087,Xã Bình Hàng Trung,,
2981,31,T?nh ??ng Tháp,803,80315,Huy?n Cao Lãnh,88,80315088,Xã M? Hi?p,,
2982,31,T?nh ??ng Tháp,803,80301,Thành ph? Cao Lãnh,89,80301089,Ph??ng Cao Lãnh,,
2983,31,T?nh ??ng Tháp,803,80301,Thành ph? Cao Lãnh,90,80301090,Ph??ng M? Ngãi,,
2984,31,T?nh ??ng Tháp,803,80301,Thành ph? Cao Lãnh,91,80301091,Ph??ng M? Trà,,
2985,31,T?nh ??ng Tháp,803,80317,Huy?n L?p Vò,92,80317092,Xã M? An H?ng,,
2986,31,T?nh ??ng Tháp,803,80317,Huy?n L?p Vò,93,80317093,Xã Tân Khánh Trung,,
2987,31,T?nh ??ng Tháp,803,80317,Huy?n L?p Vò,94,80317094,Xã L?p Vò,,
2988,31,T?nh ??ng Tháp,803,80319,Huy?n Lai Vung,95,80319095,Xã Lai Vung,,
2989,31,T?nh ??ng Tháp,803,80319,Huy?n Lai Vung,96,80319096,Xã Hoà Long,,L?ch mã ph??ng xã m?i và Qu?n huy?n c?
2990,31,T?nh ??ng Tháp,803,80319,Huy?n Lai Vung,97,80319097,Xã Phong Hoà,,L?ch mã ph??ng xã m?i và Qu?n huy?n c?
2991,31,T?nh ??ng Tháp,803,80303,Thành ph? Sa ?éc,98,80303098,Ph??ng Sa ?éc,,
2992,31,T?nh ??ng Tháp,803,80319,Huy?n Lai Vung,99,80319099,Xã Tân D??ng,,
2993,31,T?nh ??ng Tháp,803,80321,Huy?n Châu Thành,100,80321100,Xã Phú H?u,,
2994,31,T?nh ??ng Tháp,803,80321,Huy?n Châu Thành,101,80321101,Xã Tân Nhu?n ?ông,,
2995,31,T?nh ??ng Tháp,803,80321,Huy?n Châu Thành,102,80321102,Xã Tân Phú Trung,,
3053,32,T?nh An Giang,805,80501,Thành ph? Long Xuyên,1,80501001,Xã M? Hoà H?ng,,
3054,32,T?nh An Giang,805,80501,Thành ph? Long Xuyên,2,80501002,Ph??ng Long Xuyên,,
3055,32,T?nh An Giang,805,80501,Thành ph? Long Xuyên,3,80501003,Ph??ng Bình ??c,,
3056,32,T?nh An Giang,805,80501,Thành ph? Long Xuyên,4,80501004,Ph??ng M? Th?i,,
3057,32,T?nh An Giang,805,80503,Thành ph? Châu ??c,5,80503005,Ph??ng Châu ??c,,
3058,32,T?nh An Giang,805,80503,Thành ph? Châu ??c,6,80503006,Ph??ng V?nh T?,,
3059,32,T?nh An Giang,805,80505,Huy?n An Phú,7,80505007,Xã An Phú,,
3060,32,T?nh An Giang,805,80505,Huy?n An Phú,8,80505008,Xã V?nh H?u,,
3061,32,T?nh An Giang,805,80505,Huy?n An Phú,9,80505009,Xã Nh?n H?i,,
3062,32,T?nh An Giang,805,80505,Huy?n An Phú,10,80505010,Xã Khánh Bình,,
3063,32,T?nh An Giang,805,80505,Huy?n An Phú,11,80505011,Xã Phú H?u,,
3064,32,T?nh An Giang,805,80507,Th? xã Tân Châu,12,80507012,Xã Tân An,,
3065,32,T?nh An Giang,805,80507,Th? xã Tân Châu,13,80507013,Xã Châu Phong,,
3066,32,T?nh An Giang,805,80507,Th? xã Tân Châu,14,80507014,Xã V?nh X??ng,,
3067,32,T?nh An Giang,805,80507,Th? xã Tân Châu,15,80507015,Ph??ng Tân Châu,,
3068,32,T?nh An Giang,805,80507,Th? xã Tân Châu,16,80507016,Ph??ng Long Phú,,
3069,32,T?nh An Giang,805,80509,Huy?n Phú Tân,17,80509017,Xã Phú Tân,,
3070,32,T?nh An Giang,805,80509,Huy?n Phú Tân,18,80509018,Xã Phú An,,
3071,32,T?nh An Giang,805,80509,Huy?n Phú Tân,19,80509019,Xã Bình Th?nh ?ông,,
3072,32,T?nh An Giang,805,80509,Huy?n Phú Tân,20,80509020,Xã Ch? Vàm,,
3073,32,T?nh An Giang,805,80509,Huy?n Phú Tân,21,80509021,Xã Hoà L?c,,
3074,32,T?nh An Giang,805,80509,Huy?n Phú Tân,22,80509022,Xã Phú Lâm,,
3075,32,T?nh An Giang,805,80511,Huy?n Châu Phú,23,80511023,Xã Châu Phú,,
3076,32,T?nh An Giang,805,80511,Huy?n Châu Phú,24,80511024,Xã M? ??c,,
3077,32,T?nh An Giang,805,80511,Huy?n Châu Phú,25,80511025,Xã V?nh Th?nh Trung,,
3078,32,T?nh An Giang,805,80511,Huy?n Châu Phú,26,80511026,Xã Bình M?,,
3079,32,T?nh An Giang,805,80511,Huy?n Châu Phú,27,80511027,Xã Th?nh M? Tây,,
3080,32,T?nh An Giang,805,80513,Th? xã T?nh Biên,28,80513028,Xã An C?,,
3081,32,T?nh An Giang,805,80513,Th? xã T?nh Biên,29,80513029,Xã Núi C?m,,
3082,32,T?nh An Giang,805,80513,Th? xã T?nh Biên,30,80513030,Ph??ng T?nh Biên,,
3083,32,T?nh An Giang,805,80513,Th? xã T?nh Biên,31,80513031,Ph??ng Th?i S?n,,
3084,32,T?nh An Giang,805,80513,Th? xã T?nh Biên,32,80513032,Ph??ng Chi L?ng,,
3085,32,T?nh An Giang,805,80515,Huy?n Tri Tôn,33,80515033,Xã Ba Chúc,,
3086,32,T?nh An Giang,805,80515,Huy?n Tri Tôn,34,80515034,Xã Tri Tôn,,
3087,32,T?nh An Giang,805,80515,Huy?n Tri Tôn,35,80515035,Xã Ô Lâm,,
3088,32,T?nh An Giang,805,80515,Huy?n Tri Tôn,36,80515036,Xã Cô Tô,,
3089,32,T?nh An Giang,805,80515,Huy?n Tri Tôn,37,80515037,Xã V?nh Gia,,
3090,32,T?nh An Giang,805,80519,Huy?n Châu Thành,38,80519038,Xã An Châu,,
3091,32,T?nh An Giang,805,80519,Huy?n Châu Thành,39,80519039,Xã Bình Hoà,,
3092,32,T?nh An Giang,805,80519,Huy?n Châu Thành,40,80519040,Xã C?n ??ng,,
3093,32,T?nh An Giang,805,80519,Huy?n Châu Thành,41,80519041,Xã V?nh Hanh,,
3094,32,T?nh An Giang,805,80519,Huy?n Châu Thành,42,80519042,Xã V?nh An,,
3095,32,T?nh An Giang,805,80517,Huy?n Ch? M?i,43,80517043,Xã Ch? M?i,,
3096,32,T?nh An Giang,805,80517,Huy?n Ch? M?i,44,80517044,Xã Cù Lao Giêng,,
3097,32,T?nh An Giang,805,80517,Huy?n Ch? M?i,45,80517045,Xã H?i An,,
3098,32,T?nh An Giang,805,80517,Huy?n Ch? M?i,46,80517046,Xã Long ?i?n,,
3099,32,T?nh An Giang,805,80517,Huy?n Ch? M?i,47,80517047,Xã Nh?n M?,,
3100,32,T?nh An Giang,805,80517,Huy?n Ch? M?i,48,80517048,Xã Long Ki?n,,
3101,32,T?nh An Giang,805,80521,Huy?n Tho?i S?n,49,80521049,Xã Tho?i S?n,,
3102,32,T?nh An Giang,805,80521,Huy?n Tho?i S?n,50,80521050,Xã Óc Eo,,
3103,32,T?nh An Giang,805,80521,Huy?n Tho?i S?n,51,80521051,Xã ??nh M?,,
3104,32,T?nh An Giang,805,80521,Huy?n Tho?i S?n,52,80521052,Xã Phú Hoà,,
3105,32,T?nh An Giang,805,80521,Huy?n Tho?i S?n,53,80521053,Xã V?nh Tr?ch,,
3106,32,T?nh An Giang,805,80521,Huy?n Tho?i S?n,54,80521054,Xã Tây Phú,,
3107,32,T?nh An Giang,805,81319,Huy?n V?nh Thu?n,55,81319055,Xã V?nh Bình,,
3108,32,T?nh An Giang,805,81319,Huy?n V?nh Thu?n,56,81319056,Xã V?nh Thu?n,,
3109,32,T?nh An Giang,805,81319,Huy?n V?nh Thu?n,57,81319057,Xã V?nh Phong,,
3110,32,T?nh An Giang,805,81327,Huy?n U Minh Th??ng,58,81327058,Xã V?nh Hoà,,
3111,32,T?nh An Giang,805,81327,Huy?n U Minh Th??ng,59,81327059,Xã U Minh Th??ng,,
3112,32,T?nh An Giang,805,81317,Huy?n An Minh,60,81317060,Xã ?ông Hoà,,
3113,32,T?nh An Giang,805,81317,Huy?n An Minh,61,81317061,Xã Tân Th?nh,,
3114,32,T?nh An Giang,805,81317,Huy?n An Minh,62,81317062,Xã ?ông H?ng,,
3115,32,T?nh An Giang,805,81317,Huy?n An Minh,63,81317063,Xã An Minh,,
3116,32,T?nh An Giang,805,81317,Huy?n An Minh,64,81317064,Xã Vân Khánh,,
3117,32,T?nh An Giang,805,81315,Huy?n An Biên,65,81315065,Xã Tây Yên,,
3118,32,T?nh An Giang,805,81315,Huy?n An Biên,66,81315066,Xã ?ông Thái,,
3119,32,T?nh An Giang,805,81315,Huy?n An Biên,67,81315067,Xã An Biên,,
3120,32,T?nh An Giang,805,81313,Huy?n Gò Quao,68,81313068,Xã ??nh Hoà,,
3121,32,T?nh An Giang,805,81313,Huy?n Gò Quao,69,81313069,Xã Gò Quao,,
3122,32,T?nh An Giang,805,81313,Huy?n Gò Quao,70,81313070,Xã V?nh Hoà H?ng,,
3123,32,T?nh An Giang,805,81313,Huy?n Gò Quao,71,81313071,Xã V?nh Tuy,,
3124,32,T?nh An Giang,805,81311,Huy?n Gi?ng Ri?ng,72,81311072,Xã Gi?ng Ri?ng,,
3125,32,T?nh An Giang,805,81311,Huy?n Gi?ng Ri?ng,73,81311073,Xã Th?nh H?ng,,
3126,32,T?nh An Giang,805,81311,Huy?n Gi?ng Ri?ng,74,81311074,Xã Long Th?nh,,
3127,32,T?nh An Giang,805,81311,Huy?n Gi?ng Ri?ng,75,81311075,Xã Hoà H?ng,,
3128,32,T?nh An Giang,805,81311,Huy?n Gi?ng Ri?ng,76,81311076,Xã Ng?c Chúc,,
3129,32,T?nh An Giang,805,81311,Huy?n Gi?ng Ri?ng,77,81311077,Xã Hoà Thu?n,,
3130,32,T?nh An Giang,805,81307,Huy?n Tân Hi?p,78,81307078,Xã Tân H?i,,
3131,32,T?nh An Giang,805,81307,Huy?n Tân Hi?p,79,81307079,Xã Tân Hi?p,,
3132,32,T?nh An Giang,805,81307,Huy?n Tân Hi?p,80,81307080,Xã Th?nh ?ông,,
3133,32,T?nh An Giang,805,81309,Huy?n Châu Thành,81,81309081,Xã Th?nh L?c,,
3134,32,T?nh An Giang,805,81309,Huy?n Châu Thành,82,81309082,Xã Châu Thành,,
3135,32,T?nh An Giang,805,81309,Huy?n Châu Thành,83,81309083,Xã Bình An,,
3136,32,T?nh An Giang,805,81305,Huy?n Hòn ??t,84,81305084,Xã Hòn ??t,,
3137,32,T?nh An Giang,805,81305,Huy?n Hòn ??t,85,81305085,Xã S?n Kiên,,
3138,32,T?nh An Giang,805,81305,Huy?n Hòn ??t,86,81305086,Xã M? Thu?n,,
3139,32,T?nh An Giang,805,81305,Huy?n Hòn ??t,87,81305087,Xã Bình S?n,,
3140,32,T?nh An Giang,805,81305,Huy?n Hòn ??t,88,81305088,Xã Bình Giang,,
3141,32,T?nh An Giang,805,81304,Huy?n Giang Thành,89,81304089,Xã Giang Thành,,
3142,32,T?nh An Giang,805,81304,Huy?n Giang Thành,90,81304090,Xã V?nh ?i?u,,
3143,32,T?nh An Giang,805,81303,Huy?n Kiên L??ng,91,81303091,Xã Hoà ?i?n,,
3144,32,T?nh An Giang,805,81303,Huy?n Kiên L??ng,92,81303092,Xã Kiên L??ng,,
3145,32,T?nh An Giang,805,81303,Huy?n Kiên L??ng,93,81303093,Xã S?n H?i,,
3146,32,T?nh An Giang,805,81303,Huy?n Kiên L??ng,94,81303094,Xã Hòn Ngh?,,
3147,32,T?nh An Giang,805,81323,Huy?n Kiên H?i,95,81323095,??c khu Kiên H?i,,
3148,32,T?nh An Giang,805,81301,Thành ph? R?ch Giá,96,81301096,Ph??ng V?nh Thông,,
3149,32,T?nh An Giang,805,81301,Thành ph? R?ch Giá,97,81301097,Ph??ng R?ch Giá,,
3150,32,T?nh An Giang,805,81325,Thành ph? Hà Tiên,98,81325098,Ph??ng Hà Tiên,,
3151,32,T?nh An Giang,805,81325,Thành ph? Hà Tiên,99,81325099,Ph??ng Tô Châu,,
3152,32,T?nh An Giang,805,81325,Thành ph? Hà Tiên,100,81325100,Xã Tiên H?i,,
3153,32,T?nh An Giang,805,81321,Thành ph? Phú Qu?c,101,81321101,??c khu Phú Qu?c,,
3154,32,T?nh An Giang,805,81321,Thành ph? Phú Qu?c,102,81321102,??c khu Th? Châu,,
3183,33,Tp C?n Th?,815,81519,Qu?n Ninh Ki?u,1,81519001,Ph??ng Ninh Ki?u,,
3184,33,Tp C?n Th?,815,81519,Qu?n Ninh Ki?u,2,81519002,Ph??ng Cái Kh?,,
3185,33,Tp C?n Th?,815,81519,Qu?n Ninh Ki?u,3,81519003,Ph??ng Tân An,,
3186,33,Tp C?n Th?,815,81519,Qu?n Ninh Ki?u,4,81519004,Ph??ng An Bình,,
3187,33,Tp C?n Th?,815,81521,Qu?n Bình Thu?,5,81521005,Ph??ng Th?i An ?ông,,
3188,33,Tp C?n Th?,815,81521,Qu?n Bình Thu?,6,81521006,Ph??ng Bình Th?y,,
3189,33,Tp C?n Th?,815,81521,Qu?n Bình Thu?,7,81521007,Ph??ng Long Tuy?n,,
3190,33,Tp C?n Th?,815,81523,Qu?n Cái R?ng,8,81523008,Ph??ng Cái R?ng,,
3191,33,Tp C?n Th?,815,81523,Qu?n Cái R?ng,9,81523009,Ph??ng H?ng Phú,,
3192,33,Tp C?n Th?,815,81505,Qu?n Ô Môn,10,81505010,Ph??ng Ô Môn,,
3193,33,Tp C?n Th?,815,81505,Qu?n Ô Môn,11,81505011,Ph??ng Th?i Long,,
3194,33,Tp C?n Th?,815,81505,Qu?n Ô Môn,12,81505012,Ph??ng Ph??c Th?i,,
3195,33,Tp C?n Th?,815,81503,Qu?n Th?t N?t,13,81503013,Ph??ng Trung Nh?t,,
3196,33,Tp C?n Th?,815,81503,Qu?n Th?t N?t,14,81503014,Ph??ng Th?t N?t,,
3197,33,Tp C?n Th?,815,81503,Qu?n Th?t N?t,15,81503015,Ph??ng Thu?n H?ng,,
3198,33,Tp C?n Th?,815,81503,Qu?n Th?t N?t,16,81503016,Ph??ng Tân L?c,,
3199,33,Tp C?n Th?,815,81529,Huy?n Phong ?i?n,17,81529017,Xã Phong ?i?n,,
3200,33,Tp C?n Th?,815,81529,Huy?n Phong ?i?n,18,81529018,Xã Nh?n Ái,,
3201,33,Tp C?n Th?,815,81529,Huy?n Phong ?i?n,19,81529019,Xã Tr??ng Long,,
3202,33,Tp C?n Th?,815,81531,Huy?n Th?i Lai,20,81531020,Xã Th?i Lai,,
3203,33,Tp C?n Th?,815,81531,Huy?n Th?i Lai,21,81531021,Xã ?ông Thu?n,,
3204,33,Tp C?n Th?,815,81531,Huy?n Th?i Lai,22,81531022,Xã Tr??ng Xuân,,
3205,33,Tp C?n Th?,815,81531,Huy?n Th?i Lai,23,81531023,Xã Tr??ng Thành,,
3206,33,Tp C?n Th?,815,81527,Huy?n C? ??,24,81527024,Xã C? ?o?,,
3207,33,Tp C?n Th?,815,81527,Huy?n C? ??,25,81527025,Xã ?ông Hi?p,,
3208,33,Tp C?n Th?,815,81527,Huy?n C? ??,26,81527026,Xã Th?nh Phú,,
3209,33,Tp C?n Th?,815,81527,Huy?n C? ??,27,81527027,Xã Th?i H?ng,,
3210,33,Tp C?n Th?,815,81527,Huy?n C? ??,28,81527028,Xã Trung H?ng,,
3211,33,Tp C?n Th?,815,81525,Huy?n V?nh Th?nh,29,81525029,Xã V?nh Th?nh,,
3212,33,Tp C?n Th?,815,81525,Huy?n V?nh Th?nh,30,81525030,Xã V?nh Trinh,,
3213,33,Tp C?n Th?,815,81525,Huy?n V?nh Th?nh,31,81525031,Xã Th?nh An,,
3214,33,Tp C?n Th?,815,81525,Huy?n V?nh Th?nh,32,81525032,Xã Th?nh Qu?i,,
3155,33,Tp C?n Th?,815,81601,Thành ph? V? Thanh,33,81601033,Xã Ho?a L?u,,
3156,33,Tp C?n Th?,815,81601,Thành ph? V? Thanh,34,81601034,Ph??ng V? Thanh,,
3157,33,Tp C?n Th?,815,81601,Thành ph? V? Thanh,35,81601035,Ph??ng V? Tân,,
3158,33,Tp C?n Th?,815,81609,Huy?n V? Th?y,36,81609036,Xã V? Th?y,,
3159,33,Tp C?n Th?,815,81609,Huy?n V? Th?y,37,81609037,Xã V?nh Thu?n ?ông,,
3160,33,Tp C?n Th?,815,81609,Huy?n V? Th?y,38,81609038,Xã V? Thanh 1,,
3161,33,Tp C?n Th?,815,81609,Huy?n V? Th?y,39,81609039,Xã V?nh T??ng,,
3162,33,Tp C?n Th?,815,81611,Huy?n Long M?,40,81611040,Xã V?nh Vi?n,,
3163,33,Tp C?n Th?,815,81611,Huy?n Long M?,41,81611041,Xã Xà Phiên,,
3164,33,Tp C?n Th?,815,81611,Huy?n Long M?,42,81611042,Xã L??ng Tâm,,
3165,33,Tp C?n Th?,815,81612,Th? xã Long M?,43,81612043,Ph??ng Long Bình,,
3166,33,Tp C?n Th?,815,81612,Th? xã Long M?,44,81612044,Ph??ng Long M?,,
3167,33,Tp C?n Th?,815,81612,Th? xã Long M?,45,81612045,Ph??ng Long Phú 1,,
3168,33,Tp C?n Th?,815,81603,Huy?n Châu Thành A,46,81603046,Xã Th?nh Xuân,,
3169,33,Tp C?n Th?,815,81603,Huy?n Châu Thành A,47,81603047,Xã Tân Hoà,,
3170,33,Tp C?n Th?,815,81603,Huy?n Châu Thành A,48,81603048,Xã Tr??ng Long Tây,,
3171,33,Tp C?n Th?,815,81605,Huy?n Châu Thành,49,81605049,Xã Châu Thành,,
3172,33,Tp C?n Th?,815,81605,Huy?n Châu Thành,50,81605050,Xã ?ông Ph??c,,
3173,33,Tp C?n Th?,815,81605,Huy?n Châu Thành,51,81605051,Xã Phú H?u,,
3174,33,Tp C?n Th?,815,81607,Thành ph? Ngã B?y,52,81607052,Ph??ng ??i Thành,,
3175,33,Tp C?n Th?,815,81607,Thành ph? Ngã B?y,53,81607053,Ph??ng Ngã B?y,,
3176,33,Tp C?n Th?,815,81608,Huy?n Ph?ng Hi?p,54,81608054,Xã Tân Bình,,
3177,33,Tp C?n Th?,815,81608,Huy?n Ph?ng Hi?p,55,81608055,Xã Hoà An,,
3178,33,Tp C?n Th?,815,81608,Huy?n Ph?ng Hi?p,56,81608056,Xã Ph??ng Bình,,
3179,33,Tp C?n Th?,815,81608,Huy?n Ph?ng Hi?p,57,81608057,Xã Tân Ph??c H?ng,,
3180,33,Tp C?n Th?,815,81608,Huy?n Ph?ng Hi?p,58,81608058,Xã Hi?p H?ng,,
3181,33,Tp C?n Th?,815,81608,Huy?n Ph?ng Hi?p,59,81608059,Xã Ph?ng Hi?p,,
3182,33,Tp C?n Th?,815,81608,Huy?n Ph?ng Hi?p,60,81608060,Xã Th?nh Hoà,,
3215,33,Tp C?n Th?,815,81901,Thành ph? Sóc Tr?ng,61,81901061,Ph??ng Phú L?i,,
3216,33,Tp C?n Th?,815,81901,Thành ph? Sóc Tr?ng,62,81901062,Ph??ng Sóc Tr?ng,,
3217,33,Tp C?n Th?,815,81901,Thành ph? Sóc Tr?ng,63,81901063,Ph??ng M? Xuyên,,
3218,33,Tp C?n Th?,815,81909,Huy?n M? Xuyên,64,81909064,Xã Hoà Tú,,
3219,33,Tp C?n Th?,815,81909,Huy?n M? Xuyên,65,81909065,Xã Gia Hoà,,
3220,33,Tp C?n Th?,815,81909,Huy?n M? Xuyên,66,81909066,Xã Nhu Gia,,
3221,33,Tp C?n Th?,815,81909,Huy?n M? Xuyên,67,81909067,Xã Ng?c T?,,
3222,33,Tp C?n Th?,815,81905,Huy?n Long Phú,68,81905068,Xã Tr??ng Khánh,,
3223,33,Tp C?n Th?,815,81905,Huy?n Long Phú,69,81905069,Xã ??i Ngãi,,
3224,33,Tp C?n Th?,815,81905,Huy?n Long Phú,70,81905070,Xã Tân Th?nh,,
3225,33,Tp C?n Th?,815,81905,Huy?n Long Phú,71,81905071,Xã Long Phú,,
3226,33,Tp C?n Th?,815,81903,Huy?n K? Sách,72,81903072,Xã Nh?n M?,,
3227,33,Tp C?n Th?,815,81903,Huy?n K? Sách,73,81903073,Xã Phong N?m,,
3228,33,Tp C?n Th?,815,81903,Huy?n K? Sách,74,81903074,Xã An L?c Thôn,,
3229,33,Tp C?n Th?,815,81903,Huy?n K? Sách,75,81903075,Xã K? Sách,,
3230,33,Tp C?n Th?,815,81903,Huy?n K? Sách,76,81903076,Xã Th?i An H?i,,
3231,33,Tp C?n Th?,815,81903,Huy?n K? Sách,77,81903077,Xã ??i H?i,,
3232,33,Tp C?n Th?,815,81915,Huy?n Châu Thành,78,81915078,Xã Phú Tâm,,
3233,33,Tp C?n Th?,815,81915,Huy?n Châu Thành,79,81915079,Xã An Ninh,,
3234,33,Tp C?n Th?,815,81915,Huy?n Châu Thành,80,81915080,Xã Thu?n Hoà,,
3235,33,Tp C?n Th?,815,81915,Huy?n Châu Thành,81,81915081,Xã H? ??c Ki?n,,
3236,33,Tp C?n Th?,815,81907,Huy?n M? Tú,82,81907082,Xã M? Tú,,
3237,33,Tp C?n Th?,815,81907,Huy?n M? Tú,83,81907083,Xã Long H?ng,,
3238,33,Tp C?n Th?,815,81907,Huy?n M? Tú,84,81907084,Xã M? Ph??c,,
3239,33,Tp C?n Th?,815,81907,Huy?n M? Tú,85,81907085,Xã M? H??ng,,
3240,33,Tp C?n Th?,815,81913,Th? xã V?nh Châu,86,81913086,Xã V?nh H?i,,
3241,33,Tp C?n Th?,815,81913,Th? xã V?nh Châu,87,81913087,Xã Lai Hoà,,
3242,33,Tp C?n Th?,815,81913,Th? xã V?nh Châu,88,81913088,Ph??ng V?nh Ph??c,,
3243,33,Tp C?n Th?,815,81913,Th? xã V?nh Châu,89,81913089,Ph??ng V?nh Châu,,
3244,33,Tp C?n Th?,815,81913,Th? xã V?nh Châu,90,81913090,Ph??ng Khánh Hoà,,
3245,33,Tp C?n Th?,815,81912,Th? xã Ngã N?m,91,81912091,Xã Tân Long,,
3246,33,Tp C?n Th?,815,81912,Th? xã Ngã N?m,92,81912092,Ph??ng Ngã N?m,,
3247,33,Tp C?n Th?,815,81912,Th? xã Ngã N?m,93,81912093,Ph??ng M? Qu?i,,
3248,33,Tp C?n Th?,815,81911,Huy?n Th?nh Tr?,94,81911094,Xã Phú L?c,,
3249,33,Tp C?n Th?,815,81911,Huy?n Th?nh Tr?,95,81911095,Xã V?nh L?i,,
3250,33,Tp C?n Th?,815,81911,Huy?n Th?nh Tr?,96,81911096,Xã Lâm Tân,,
3251,33,Tp C?n Th?,815,81917,Huy?n Tr?n ??,97,81917097,Xã Th?nh Th?i An,,
3252,33,Tp C?n Th?,815,81917,Huy?n Tr?n ??,98,81917098,Xã Tài V?n,,
3253,33,Tp C?n Th?,815,81917,Huy?n Tr?n ??,99,81917099,Xã Liêu Tú,,
3254,33,Tp C?n Th?,815,81917,Huy?n Tr?n ??,100,81917100,Xã L?ch H?i Th??ng,,
3255,33,Tp C?n Th?,815,81917,Huy?n Tr?n ??,101,81917101,Xã Tr?n ??,,
3256,33,Tp C?n Th?,815,81906,Huy?n Cù Lao Dung,102,81906102,Xã An Th?nh,,
3257,33,Tp C?n Th?,815,81906,Huy?n Cù Lao Dung,103,81906103,Xã Cù Lao Dung,,
3283,34,T?nh Cà Mau,823,82301,Thành ph? Cà Mau,1,82301001,Ph??ng An Xuyên,,
3284,34,T?nh Cà Mau,823,82301,Thành ph? Cà Mau,2,82301002,Ph??ng Lý V?n Lâm,,
3285,34,T?nh Cà Mau,823,82301,Thành ph? Cà Mau,3,82301003,Ph??ng Tân Thành,,
3286,34,T?nh Cà Mau,823,82301,Thành ph? Cà Mau,4,82301004,Ph??ng Hòa Thành,,
3287,34,T?nh Cà Mau,823,82311,Huy?n ??m D?i,5,82311005,Xã Tân Thu?n,,
3288,34,T?nh Cà Mau,823,82311,Huy?n ??m D?i,6,82311006,Xã Tân Ti?n,,
3289,34,T?nh Cà Mau,823,82311,Huy?n ??m D?i,7,82311007,Xã T? An Kh??ng,,
3290,34,T?nh Cà Mau,823,82311,Huy?n ??m D?i,8,82311008,Xã Tr?n Phán,,
3291,34,T?nh Cà Mau,823,82311,Huy?n ??m D?i,9,82311009,Xã Thanh Tùng,,
3292,34,T?nh Cà Mau,823,82311,Huy?n ??m D?i,10,82311010,Xã ??m D?i,,
3293,34,T?nh Cà Mau,823,82311,Huy?n ??m D?i,11,82311011,Xã Quách Ph?m,,
3294,34,T?nh Cà Mau,823,82305,Huy?n U Minh,12,82305012,Xã U Minh,,
3295,34,T?nh Cà Mau,823,82305,Huy?n U Minh,13,82305013,Xã Nguy?n Phích,,
3296,34,T?nh Cà Mau,823,82305,Huy?n U Minh,14,82305014,Xã Khánh Lâm,,
3297,34,T?nh Cà Mau,823,82305,Huy?n U Minh,15,82305015,Xã Khánh An,,
3298,34,T?nh Cà Mau,823,82313,Huy?n Ng?c Hi?n,16,82313016,Xã Phan Ng?c Hi?n,,
3299,34,T?nh Cà Mau,823,82313,Huy?n Ng?c Hi?n,17,82313017,Xã ??t M?i,,
3300,34,T?nh Cà Mau,823,82313,Huy?n Ng?c Hi?n,18,82313018,Xã Tân Ân,,
3301,34,T?nh Cà Mau,823,82307,Huy?n Tr?n V?n Th?i,19,82307019,Xã Khánh Bình,,
3302,34,T?nh Cà Mau,823,82307,Huy?n Tr?n V?n Th?i,20,82307020,Xã ?á B?c,,
3303,34,T?nh Cà Mau,823,82307,Huy?n Tr?n V?n Th?i,21,82307021,Xã Khánh H?ng,,
3304,34,T?nh Cà Mau,823,82307,Huy?n Tr?n V?n Th?i,22,82307022,Xã Sông ??c,,
3305,34,T?nh Cà Mau,823,82307,Huy?n Tr?n V?n Th?i,23,82307023,Xã Tr?n V?n Th?i,,
3306,34,T?nh Cà Mau,823,82303,Huy?n Th?i Bình,24,82303024,Xã Th?i Bình,,
3307,34,T?nh Cà Mau,823,82303,Huy?n Th?i Bình,25,82303025,Xã Trí Ph?i,,
3308,34,T?nh Cà Mau,823,82303,Huy?n Th?i Bình,26,82303026,Xã Tân L?c,,
3309,34,T?nh Cà Mau,823,82303,Huy?n Th?i Bình,27,82303027,Xã H? Th? K?,,
3310,34,T?nh Cà Mau,823,82303,Huy?n Th?i Bình,28,82303028,Xã Bi?n B?ch,,
3311,34,T?nh Cà Mau,823,82312,Huy?n N?m C?n,29,82312029,Xã ??t M?i,,
3312,34,T?nh Cà Mau,823,82312,Huy?n N?m C?n,30,82312030,Xã N?m C?n,,
3313,34,T?nh Cà Mau,823,82312,Huy?n N?m C?n,31,82312031,Xã Tam Giang,,
3314,34,T?nh Cà Mau,823,82308,Huy?n Phú Tân,32,82308032,Xã Cái ?ôi Vàm,,
3315,34,T?nh Cà Mau,823,82308,Huy?n Phú Tân,33,82308033,Xã Nguy?n Vi?t Khái,,
3316,34,T?nh Cà Mau,823,82308,Huy?n Phú Tân,34,82308034,Xã Phú Tân,,
3317,34,T?nh Cà Mau,823,82308,Huy?n Phú Tân,35,82308035,Xã Phú M?,,
3318,34,T?nh Cà Mau,823,82309,Huy?n Cái N??c,36,82309036,Xã L??ng Th? Trân,,
3319,34,T?nh Cà Mau,823,82309,Huy?n Cái N??c,37,82309037,Xã Tân H?ng,,
3320,34,T?nh Cà Mau,823,82309,Huy?n Cái N??c,38,82309038,Xã H?ng M?,,
3321,34,T?nh Cà Mau,823,82309,Huy?n Cái N??c,39,82309039,Xã Cái N??c,,
3258,34,T?nh Cà Mau,823,82101,Thành ph? B?c Liêu,40,82101040,Ph??ng B?c Liêu,,
3259,34,T?nh Cà Mau,823,82101,Thành ph? B?c Liêu,41,82101041,Ph??ng V?nh Tr?ch,,
3260,34,T?nh Cà Mau,823,82101,Thành ph? B?c Liêu,42,82101042,Ph??ng Hi?p Thành,,
3261,34,T?nh Cà Mau,823,82107,Th? xã Giá Rai,43,82107043,Ph??ng Giá Rai,,
3262,34,T?nh Cà Mau,823,82107,Th? xã Giá Rai,44,82107044,Ph??ng Láng Tròn,,
3263,34,T?nh Cà Mau,823,82107,Th? xã Giá Rai,45,82107045,Xã Phong Th?nh,,
3264,34,T?nh Cà Mau,823,82103,Huy?n H?ng Dân,46,82103046,Xã H?ng Dân,,
3265,34,T?nh Cà Mau,823,82103,Huy?n H?ng Dân,47,82103047,Xã V?nh L?c,,
3266,34,T?nh Cà Mau,823,82103,Huy?n H?ng Dân,48,82103048,Xã Ninh Th?nh L?i,,
3267,34,T?nh Cà Mau,823,82103,Huy?n H?ng Dân,49,82103049,Xã Ninh Qu?i,,
3268,34,T?nh Cà Mau,823,82111,Huy?n ?ông H?i,50,82111050,Xã Gành Hào,,
3269,34,T?nh Cà Mau,823,82111,Huy?n ?ông H?i,51,82111051,Xã ??nh Thành,,
3270,34,T?nh Cà Mau,823,82111,Huy?n ?ông H?i,52,82111052,Xã An Tr?ch,,
3271,34,T?nh Cà Mau,823,82111,Huy?n ?ông H?i,53,82111053,Xã Long ?i?n,,
3272,34,T?nh Cà Mau,823,82111,Huy?n ?ông H?i,54,82111054,Xã ?ông H?i,,
3273,34,T?nh Cà Mau,823,82106,Huy?n Hoà Bình,55,82106055,Xã Hoà Bình,,
3274,34,T?nh Cà Mau,823,82106,Huy?n Hoà Bình,56,82106056,Xã V?nh M?,,
3275,34,T?nh Cà Mau,823,82106,Huy?n Hoà Bình,57,82106057,Xã V?nh H?u,,
3276,34,T?nh Cà Mau,823,82109,Huy?n Ph??c Long,58,82109058,Xã Ph??c Long,,
3277,34,T?nh Cà Mau,823,82109,Huy?n Ph??c Long,59,82109059,Xã V?nh Ph??c,,
3278,34,T?nh Cà Mau,823,82109,Huy?n Ph??c Long,60,82109060,Xã Phong Hi?p,,
3279,34,T?nh Cà Mau,823,82109,Huy?n Ph??c Long,61,82109061,Xã V?nh Thanh,,
3280,34,T?nh Cà Mau,823,82105,Huy?n V?nh L?i,62,82105062,Xã V?nh L?i,,
3281,34,T?nh Cà Mau,823,82105,Huy?n V?nh L?i,63,82105063,Xã H?ng H?i,,
3282,34,T?nh Cà Mau,823,82105,Huy?n V?nh L?i,64,82105064,Xã Châu Th?i,,
